"Data Source","World Development Indicators",

"Last Updated Date","2026-07-13",

"Country Name","Country Code","Indicator Name","Indicator Code","1960","1961","1962","1963","1964","1965","1966","1967","1968","1969","1970","1971","1972","1973","1974","1975","1976","1977","1978","1979","1980","1981","1982","1983","1984","1985","1986","1987","1988","1989","1990","1991","1992","1993","1994","1995","1996","1997","1998","1999","2000","2001","2002","2003","2004","2005","2006","2007","2008","2009","2010","2011","2012","2013","2014","2015","2016","2017","2018","2019","2020","2021","2022","2023","2024","2025",
"Aruba","ABW","Exports of goods and services (% of GDP)","NE.EXP.GNFS.ZS","","","","","","","","","","","","","","","","","","","","","","","","","","","","","","","","","","","","84.8984771573604","86.6396761133603","82.5309992706054","79.6377054679638","79.928664072633","74.3860109498193","70.9967837702649","64.5643135803172","62.7312132409209","64.6655585140977","68.0752981880873","64.5941526531523","65.0612625386555","65.5292950658025","62.9185634689552","60.2181860904717","69.7510127562388","73.1035458041627","73.5764358929723","75.4546231589626","70.3217227986333","68.9666600570598","69.6369362107407","68.4088639609739","66.7030809219838","53.802537849084","67.3235487070639","80.7428143791554","79.8588933716615","85.9688151817883","",
"Africa Eastern and Southern","AFE","Exports of goods and services (% of GDP)","NE.EXP.GNFS.ZS","","","","","","","","","","","","","","","","","","","","","27.9022727381184","22.7477531736348","20.4726753334678","20.0825011556428","20.7227471768736","22.0005520706988","23.3215170977892","24.6031276578107","23.6881179874589","22.0249422039509","20.3024567059601","18.4391931443722","21.4602727582505","22.6439229212955","23.6342975939517","24.2987159258599","25.4019688189712","24.4832899559001","24.8101365318032","24.7346970094741","25.5458281643018","27.2075547915452","27.535691175228","25.3435760791817","25.5076384535665","27.4187648320494","29.2337914845654","31.5737589559961","34.9231992557532","26.9152499176512","29.0142188659107","30.9777286742066","29.4705342149546","28.8108336643313","27.7424183258334","23.908542224775","23.6847419806965","23.7950438337964","25.3367082736352","23.9488254031749","22.1912368193954","25.7282688404396","27.0330789398506","26.1604657168212","25.5215824374484","25.5665587243646",
"Afghanistan","AFG","Exports of goods and services (% of GDP)","NE.EXP.GNFS.ZS","","","","","","","","","","","","","","","","","","","","","","","","","","","","","","","","","","","","","","","","","","","","","","","","","","","","","","","","","","","","","10.4208171386207","14.342152797537","18.3800424016375","16.2352784419391","15.7027518479481","",
"Africa Western and Central","AFW","Exports of goods and services (% of GDP)","NE.EXP.GNFS.ZS","","","","","","","","","","","","","","","","","","","","","","","","","","","","","","","","","","","","","","","","","","","","","","","","","","","","","","","","","","","","","","","","","","",
"Angola","AGO","Exports of goods and services (% of GDP)","NE.EXP.GNFS.ZS","","","","","","","","","","","","","","","","","","","","","","","","","","","","","","","","","","","","","","","","","","","49.4975384821664","47.5644609673603","51.0441768859082","58.7232661862792","56.8533385675726","61.2105085582818","65.0305321879704","50.899386395701","53.8925161324003","54.1205324820007","50.0270607126239","45.232320919781","37.014326749248","26.1489317126281","24.2972921889814","25.0848249879727","35.848110999411","36.9500822651989","31.7595359781269","40.092305214066","36.0134857147868","32.6693723720411","30.8795219046294","22.9777500640377",
"Albania","ALB","Exports of goods and services (% of GDP)","NE.EXP.GNFS.ZS","","","","","","","","","","","","","","","","","","","","","23.9574919106695","23.8105066597225","20.0729179060642","18.8520751406844","18.0403314265347","16.8203725696072","15.6061801305352","16.0299218388153","16.9793941336596","18.5933534612466","15.4050638293415","7.48481872467814","12.4995914932505","15.9788298133865","11.983694347693","12.2696512257008","11.4951450178899","10.0408492363618","11.2273038242118","16.4734334387411","19.5304708980011","20.6135666190169","20.1711859333135","20.1638803786461","21.5517522222215","22.4427818397267","24.5085919324007","27.1308199124046","24.5826619203536","24.644624460972","27.6099296701047","29.0544738022633","29.1107709360814","28.8694020076469","28.0683434875498","27.0693224620319","28.6697931741608","31.0017957888583","31.1140135421951","30.9361224858484","22.5407585558933","31.1330562572669","37.1970755614977","38.4188212901288","36.2848685351465","37.0141194079686",
"Andorra","AND","Exports of goods and services (% of GDP)","NE.EXP.GNFS.ZS","","","","","","","","","","","","","","","","","","","","","","","","","","","","","","","","","","","","","","","","","","","","","","","","","","","","","","","","","","","","","","","","","","",
"Arab World","ARB","Exports of goods and services (% of GDP)","NE.EXP.GNFS.ZS","","","","","","","","","","","","","","","","","","","","","","","","","","","","","","","","","","","","","","","","","","37.9191838679293","39.1962893423327","42.49230557603","47.3953954743361","52.0395912552096","53.6217489439315","53.6007291989536","56.4793637307042","45.8937247956447","48.2995980461891","52.6260158765468","54.0815768620635","52.1910933717152","48.3226102138957","40.0715424799473","37.3373626605068","41.5501745038547","44.2298142763164","41.932029685868","35.6320922451355","41.3602061150739","47.6567008332038","46.8268242818741","","",
"United Arab Emirates","ARE","Exports of goods and services (% of GDP)","NE.EXP.GNFS.ZS","","","","","","","","","","","","","","","","","","","","","","","","","","","","","","","","","","","","","","","","","","49.1592295028153","49.5033971592168","55.9231460950632","63.5677815721966","67.5853113937653","68.6278004220408","72.3840931942051","78.8678887008838","79.6533178623883","77.4455521760851","85.6286738245297","95.6008433485867","95.755207057533","94.7738651442525","93.8625203312699","94.4747232332881","94.737385589121","90.8429799324319","93.3023068879995","98.0724956970145","100.642599583908","102.051988781325","106.846123390953","","",
"Argentina","ARG","Exports of goods and services (% of GDP)","NE.EXP.GNFS.ZS","7.60404910825644","5.9949469947787","4.69184275899831","7.89045420262462","5.56371560478508","6.22587443766796","6.65291738359955","7.4955962262493","6.48445346277515","6.3987133165299","5.601566676004","6.00723288128889","7.19776583908352","7.61266772119213","6.9025707976099","5.82405179865594","9.17538829640174","9.61589241271337","8.60838993811478","6.5109154667574","5.06197268111518","6.92104948030999","9.09049307859513","9.15152068682072","7.5898953117888","11.7360980207352","8.16197754429543","7.87320581340031","9.53161297293404","13.0584089085641","10.3595365925264","7.67504334832217","6.5981874720374","6.90935153370832","7.52994872591672","9.68041025959015","10.4285967560139","10.5608501019262","10.4155819610919","9.82717451494235","10.9863752325576","11.5790080825317","28.3825969991682","25.9309429264224","23.8476194239892","23.2458767338576","23.0266946038115","22.6627503115066","22.0609003826242","19.5609850560818","18.9338234053709","18.4492091453155","16.2378594620246","14.6171733884386","14.4054785893756","10.7056520504538","12.5270951690009","11.3202833596733","14.4366857499034","17.9248783778462","16.6054144372484","18.0667091690365","16.2816677253254","12.8223120961047","15.2497485928824","15.5556611218587",
"Armenia","ARM","Exports of goods and services (% of GDP)","NE.EXP.GNFS.ZS","","","","","","","","","","","","","","","","","","","","","","","","","","","","","","","35.0029815146094","40.7453883799724","39.8207550211161","47.2189758700553","39.3280393523261","23.9279208283617","23.2400035043381","20.2732693887542","19.0030199716737","20.7582469526567","22.1614188089398","24.1458543956306","27.832108365994","30.4829978923981","28.1907438231723","27.3131979500115","22.1459814355134","18.1893569819725","14.2657295739767","14.6709007461363","19.7484153168252","22.5231882640131","27.5618114828439","28.3534851384818","28.5603816555446","29.7253912120334","33.7442798606396","38.2160456550464","39.3928940286073","42.2626073502911","30.0766482474182","35.6688923952932","51.5709203656497","61.008329479156","73.6253540067184","48.0989027205254",
"American Samoa","ASM","Exports of goods and services (% of GDP)","NE.EXP.GNFS.ZS","","","","","","","","","","","","","","","","","","","","","","","","","","","","","","","","","","","","","","","","","","","101.171875","97.9007633587786","90.3732809430255","99.6","100.405679513185","97.4903474903475","114.464285714286","78.5185185185185","63.5253054101222","58.7719298245614","75.46875","71.7868338557994","66.7185069984448","63.5958395245171","63.9344262295082","59.1503267973856","68.2316118935837","61.6692426584235","59.2233009708738","44.2666666666667","46.9575200918485","","","",
"Antigua and Barbuda","ATG","Exports of goods and services (% of GDP)","NE.EXP.GNFS.ZS","","","","","","","","","","","","","","","","","","","","","","","","","","","","","","","","","","","","","","","","","","","","","","","","","","","","","","","74.5107467810698","70.7044967935257","70.0240929106175","64.4160024709769","62.470548111624","69.1646948026456","41.8859637615377","46.9612135727066","55.0022835102638","","","",
"Australia","AUS","Exports of goods and services (% of GDP)","NE.EXP.GNFS.ZS","12.951499489152","12.3629339242089","13.897620116749","12.9633475236216","14.8905178084766","13.1786283204891","12.8916008026537","12.8430256052313","12.2585717704167","11.9169562831535","12.9356060606061","12.6211911357341","12.7855109497232","14.1104786338491","13.1110927289271","14.2384662817423","13.4819749122408","13.9809836201707","13.5873697817656","14.2680558008123","16.3888579800453","14.8655468243097","13.4991340885217","13.5533085909493","13.5411164760378","15.2035523586966","14.9537898452515","15.4383272587761","15.9326018326492","15.0980184782933","15.0947214126902","16.0067228668844","16.6348569743439","17.5151962018487","17.946396853319","17.8435719765847","18.8609762036441","19.0977036336863","19.5240007251128","18.2621440737691","19.356082688226","22.1097572675813","20.6927681028396","19.0255629975486","17.1350628732794","18.1951172148922","19.8193564623907","20.1458953527592","20.1044121403643","22.9369071089635","19.7322237124156","21.3710952598475","21.4212330245448","19.8931411047873","20.9959179912807","19.9846454503255","19.2031438783351","21.1718412211076","21.8125736575066","24.0624800210722","23.9380373915413","22.0018144228925","25.4615298373659","26.701068252275","24.6215240529473","23.2444383508997",
"Austria","AUT","Exports of goods and services (% of GDP)","NE.EXP.GNFS.ZS","","","","","","","","","","","27.4994677453694","27.1416645446616","27.0365649935123","27.0252205546231","29.2288546320965","28.2051095725591","28.8655879110229","28.0638790453153","29.2295806762259","31.002205699374","31.8176962179476","33.1304274867675","31.8663113136246","30.5980468876421","32.8798022396179","35.0586407168778","32.1235372736238","31.5297015800177","33.2009694906574","35.1528911445186","35.8377852549483","34.7265065316097","33.2856424443417","31.5876218892673","32.2849892247045","33.6650009227647","34.4377355805807","37.2144335874111","38.5615906228388","39.5093125883092","43.591091462861","44.8518101806208","45.6510533943756","44.8257225915126","47.2191991038628","48.9511516701756","51.2031559330564","52.8904832388178","53.5983913417575","45.4869106822459","51.5839821122491","54.2920768831722","54.325492441456","53.8898209853854","53.8561570961341","53.3960122723239","52.6634020833052","54.3260296753968","55.7022394735073","55.8958073929339","51.6630899700616","55.9539450675875","61.4273121186873","58.4867595713944","55.6782850851641","54.7019473752362",
"Azerbaijan","AZE","Exports of goods and services (% of GDP)","NE.EXP.GNFS.ZS","","","","","","","","","","","","","","","","","","","","","","","","","","","","","","","43.8608458390177","45.6586826347305","86.2036057343209","57.4624203821656","24.7211102215105","32.4866435467242","24.9286393910561","29.0346072254061","22.6995291518921","27.9701199968213","40.1708314787732","41.4986078711716","42.7678350515464","42.0065766459106","48.7890084640454","62.9411060091835","66.5041448400209","68.1289116905555","65.7761378471842","51.6357456848728","54.3047215353821","56.4269805307016","52.9746801915106","48.4158330755216","43.2735566584935","37.7947774917249","46.4276493913136","48.547864732761","54.0922938620586","49.0506275016423","35.6235558660257","46.4887471674792","59.9868480668076","48.9964135000536","45.8346308453245","43.0222163694672",
"Burundi","BDI","Exports of goods and services (% of GDP)","NE.EXP.GNFS.ZS","","","","","","","","","","","","","","","","","","","","","","","","","","","","","","","","","","","","","","","","","","","","","","","","","","","","","","","","","","","","","","","","","","",
"Belgium","BEL","Exports of goods and services (% of GDP)","NE.EXP.GNFS.ZS","","","","","","","","","","","44.9562764917152","43.7674630949661","44.1372779894459","48.0319438554395","52.8933580553858","45.91603656753","48.5543828576666","47.5072502227347","45.761644179143","49.9224384979483","50.117280484132","54.0635220572788","58.1033118064771","60.3956265804625","64.4123516780532","62.4543274172181","57.2830498325525","55.8677630684447","59.4080832438795","63.5667489352734","61.6136909555393","60.2296548828746","58.8089303317393","56.1077411574797","58.4249593454229","60.1143717180605","61.1923909558718","64.7865810804479","64.1743450154283","64.5630595160862","72.5473951580567","71.6119589202939","70.8312976956765","69.0365085088844","70.906277447218","74.2828289213953","76.8049970552189","78.3018047028263","80.8806199752035","68.5960770690546","75.8282898692443","80.2713643518839","80.0489721342421","78.9114134413606","79.3965205800202","77.8777392199991","79.6181317071952","83.4444050525116","83.4830567161373","82.9674275396401","79.1968705613294","89.625374866218","94.3593146395926","82.8132982978783","79.3187864838737","75.4500710497086",
"Benin","BEN","Exports of goods and services (% of GDP)","NE.EXP.GNFS.ZS","6.12391381286847","4.58348954869937","3.51782319655902","3.8213602129436","5.13733827248161","7.2675630638551","6.84654487020172","7.66582205030885","9.33464258694558","11.773219224993","15.1765798315404","17.7857985904456","14.3844022140076","15.6619756505168","14.3167561354656","14.528245927767","12.9912463096923","16.1789026141378","16.5250882129923","17.5163794748371","15.8165128794143","15.9305004610493","17.7710358297085","13.7642891939421","19.5793753212443","23.6526183539095","16.6759209455033","15.2675281201641","13.8037392116767","13.4954289813034","19.181303010653","21.0024860627473","23.2391480496458","22.4643830367555","28.3270186172953","27.3689425027528","26.4988115545834","27.1761345944549","27.0929395510065","23.0095307947819","20.6053025489554","19.8685788115524","19.726610778332","18.6442972500831","18.5135475659125","18.483639980467","18.057925712964","22.0428531154363","22.14072026628","19.9279668393882","23.0720480670551","20.8496515031216","23.8967368670133","27.570565319312","31.4308411236325","24.7204512110389","27.6067880711982","27.2055947818832","27.2742306189085","29.6305271935478","19.8724704276524","20.9188061754733","20.8153300474458","20.003519091069","18.84015691814","17.0524416091327",
"Burkina Faso","BFA","Exports of goods and services (% of GDP)","NE.EXP.GNFS.ZS","4.86196544713728","5.42888603877752","5.53198369723123","5.57949208143702","2.7988361825163","4.65259654312259","5.05173084981366","4.92850623155942","6.20473814688316","5.8172137405641","5.45524023286333","5.51146751662156","6.39972719517896","6.31179758031174","8.32076317273408","7.34825434792999","8.20525244540593","7.9602668654066","7.46841921604806","8.24613438701797","8.95052102371656","9.27641060746417","8.19571612776259","7.88414939830604","10.960913625855","9.92146469411376","8.99056313376556","11.3588168034253","10.9987001866015","8.74886259200754","10.9666914119517","10.4475484424359","8.8464803686211","8.95154328138584","14.2016211454196","14.1405565399915","10.5636052055707","10.8125309984677","12.8081030220056","8.35400550573099","8.8447174852677","9.0440827674193","8.86536563219181","9.22043165840572","10.8815873012951","9.84184747809064","10.9568635027021","10.3485422167992","10.1493270523848","13.7889708614234","20.5158488554008","26.1955005196271","26.5980854179657","27.0769854530325","26.932004154154","26.1076455357024","25.915964804251","26.4523856350501","28.0789061419219","29.2576956572794","31.7768656908663","32.797073516181","31.2180734191588","28.9494254778906","28.56446679662","34.9899001231927",
"Bangladesh","BGD","Exports of goods and services (% of GDP)","NE.EXP.GNFS.ZS","9.99668529799247","10.7823534063335","10.7467512833228","9.98348512216024","10.0284124165217","9.66271640919629","10.2842808274445","9.30614212330159","8.33080893013733","8.14599241256528","8.31311289260521","6.29148731724424","5.6747304028231","6.53940933400325","3.70107546471338","2.89507889386174","4.74608176819018","7.04075196547742","5.55766316100946","6.10921948081309","5.49428379105126","5.13086315280464","5.07529986612758","5.60384903116941","3.39625513455005","5.38447860037049","5.18293196330185","4.99004963895921","5.42830096531266","5.54014371794136","5.90831648660892","6.66261196863293","7.58667691037111","9.01726903574974","9.00154364628231","10.864634213863","9.70650764952346","10.5203705573506","11.7573312287186","11.7586423857313","12.3442012279919","13.3865592080649","12.4099689322019","11.4311486959413","11.1465089461353","14.3928418979283","16.3534635652888","16.9953348464905","17.6588584820757","16.9401329056133","16.0241126856916","19.9220749554939","20.1615888640625","19.5378741098798","18.9896599950107","17.3366737865485","13.9212044814459","12.8197468906003","12.6747879443391","13.0947573353039","10.4427880616037","10.6627789004134","12.8822264348985","13.1571638341204","10.4611878291715","11.1161085689856",
"Bulgaria","BGR","Exports of goods and services (% of GDP)","NE.EXP.GNFS.ZS","","","","","","","","","","","","","","","","","","","","","35.7045351129986","35.6419631556743","34.2816692509944","37.1514793675786","40.1309288537549","42.7962796279628","40.0340909090909","40.7881351394764","45.5649069115022","46.4195700518903","33.1193174473219","43.4785742083339","47.1118817089088","38.207136640557","45.0474655869843","32.3397333194325","48.4969586842486","49.5761831408403","41.9413442477275","42.7498045960997","36.2188521925379","34.8813225778741","33.6473094348292","34.4169484471671","40.9566423668749","42.5295693164729","46.9778773164501","52.355044143842","52.4776647091195","42.2188508571578","50.0980440473078","58.7882035798738","60.3462746841439","64.5649783748892","64.5508065016037","63.7864222949735","63.860933447808","66.9905235648426","65.9187137701145","64.300587723502","56.4751259038113","61.8496078917309","69.9794718032462","62.0049746360507","56.3699636895975","50.738480678418",
"Bahrain","BHR","Exports of goods and services (% of GDP)","NE.EXP.GNFS.ZS","","","","","","","","","","","","","","","","","","","","","109.148799438653","115.323708935018","104.639942237832","85.0281149133528","84.8560572339871","89.50271349291","86.8122064533917","90.0287794411736","83.8462297823528","86.753663343202","101.627081964958","74.7571406146746","74.2108438818191","73.7646092157904","71.4064825255772","72.1076564551807","77.3166979888113","69.5451087757575","56.8165441788063","69.3608276441722","79.1806670285974","73.6107613220545","72.5085662959225","72.0630719982325","78.6051459613386","83.8940482059345","84.6389442624741","79.6795292320647","82.5773483806233","68.4655938651118","66.7027150376276","95.6363487649272","98.265636232926","100.826651632348","92.2255357196123","79.3441035722346","70.5882906981125","72.2538621389219","75.7153726820796","73.0944239873751","70.4544358235096","86.2742186726683","95.9613654006004","87.351143952571","87.4874315086406","",
"Bahamas, The","BHS","Exports of goods and services (% of GDP)","NE.EXP.GNFS.ZS","","","","","","","","","","","","","","","","","","82.6507713884993","82.6645843344546","68.8717258403469","70.3811877480716","67.3817034700316","65.7859722486219","66.5685595567867","63.5882612316888","64.7907986724178","63.8179979777553","61.3227730774787","","53.8314826910516","54.160770688566","50.9510921971226","50.247024766806","51.9666882276843","51.0214789812826","49.549139690872","48.0376835688556","36.8804047779975","34.6571601675345","36.4568895621607","38.0475628585261","34.0725886439131","36.175454557738","35.8102341689881","38.215231096961","38.7598869482117","38.3092773365463","40.0919541095878","39.4936348090443","34.190679986696","34.9532873206178","37.4352685331837","38.1273086825118","39.8566150850095","37.3629826467129","35.8315874839494","32.8518883249585","31.7259719287533","35.251809785322","34.9807938540333","23.2736992434769","27.9712552961701","37.1589142824247","37.8114502367185","37.7835884998232","",
"Bosnia and Herzegovina","BIH","Exports of goods and services (% of GDP)","NE.EXP.GNFS.ZS","","","","","","","","","","","","","","","","","","","","","","","","","","","","","","","","","","","15.4482894219426","20.4117390235021","23.617706247983","27.8336349003353","27.3031972254601","27.6439467786027","21.883818745472","22.0687199961698","19.1260118891002","20.5879852303156","22.5362431036544","24.3164228910803","26.2583452015481","27.1015554443826","26.8480689241931","25.0093787853569","29.6955421868204","32.0359718110398","32.3505414379409","33.7430455598104","33.9891191143676","35.1148767232101","35.9087089120132","40.3244116811041","41.9845538493301","40.040069270151","34.5918555020937","42.8225929673139","48.3071264641554","43.9317398178138","40.7026955014872","41.0015226327566",
"Belarus","BLR","Exports of goods and services (% of GDP)","NE.EXP.GNFS.ZS","","","","","","","","","","","","","","","","","","","","","","","","","","","","","","","45.9584295612009","33.3333333333333","59.7826086956522","67.6142131979695","71.2696004046535","49.6651647817599","46.3498037416792","59.8598805986424","59.0511292994057","59.2033413701759","69.2108213448948","66.7476067360771","63.6275159440361","65.156379906358","67.8863333586708","59.7978087236099","60.0613117690842","60.9430527153212","60.9377552183976","48.8764618241933","51.3728853529564","78.4653615193087","78.7769072783938","58.3335781066769","54.941004057247","58.0107665670743","62.5093471231924","66.7896002012327","70.4550452625374","65.0945839929757","61.0120971835577","70.8317550415821","63.0511868938428","66.0267285714941","63.1561020083551","55.0805784287869",
"Belize","BLZ","Exports of goods and services (% of GDP)","NE.EXP.GNFS.ZS","","","","","","","","","","","","","","","","","","","","","34.5663080808081","32.5877441994247","28.5447388855361","29.1880745756246","37.4201336318237","29.116805081796","33.5022414125201","37.169499056858","38.219620832839","35.2097331500713","40.8415406762032","35.9772984642911","41.0241941273705","38.4887561088814","41.5144175332129","40.2212156814719","41.751196669658","43.7946352343963","43.1671002651104","44.0742971195585","42.870421436555","41.8864239146419","43.6216330567744","44.5690554451158","42.2851095770467","45.729283841046","51.802408996474","50.5800129170809","53.8397113388589","45.4443249910287","50.6252185549087","56.7220499146992","59.326479519541","56.023852203192","55.4922660304805","51.5667685462712","47.3072672928322","49.8095974752301","51.7351399388179","52.0189198848801","37.6373221387979","47.5814821772776","52.5787874243921","54.9308418513115","55.2233936496697","",
"Bermuda","BMU","Exports of goods and services (% of GDP)","NE.EXP.GNFS.ZS","","","","","","","","","","","","","","","","","","","","","","","","","","","","","","","","","","","","","","","","","","","","","","","","","","","50.7949927394964","52.5392419809555","50.5125436879565","51.6131910947459","51.1612432078139","49.9708394613543","49.3300565760921","48.5381492501872","51.4791563825902","51.7434243981752","47.134651225055","47.9001272558699","50.9884416399627","52.7605680301685","55.146561003487","",
"Bolivia","BOL","Exports of goods and services (% of GDP)","NE.EXP.GNFS.ZS","16.2089752176825","16.3998357963875","15.1492397221701","16.9804741980474","20.3001701995977","21.4623955431755","21.2578616352201","22.4969372981401","19.7802197802198","20.4183266932271","24.5985763946367","21.3890596189305","21.1124401913876","27.7144666033555","35.2924380145624","25.9383183008438","27.6766605081676","26.7741286136789","22.595143746177","24.1747034696819","24.5274539587809","23.2663260926749","29.0643788798214","28.3167867521197","23.6548634386039","19.0499334729456","21.324012266832","19.6304753728154","18.767446879255","22.4982161104834","22.7769821388572","21.4793468638824","20.0457617754806","19.0807651898888","21.6633117424271","22.5514216225024","22.5818705788073","21.1106028890051","19.6986848946719","16.8808993524959","18.2747449737713","19.972149230267","21.6344550841802","25.6007344519017","31.1383905185998","35.5481429306567","41.771714268103","41.7956567530236","44.9065559925589","35.7226248254274","41.1874561416131","44.0917018533308","47.1661966249317","44.0924795250944","43.2930879909317","30.8682960291245","24.4880055394464","19.5388666685088","20.3550589285544","20.0474399352249","16.8717531697786","23.5525156265644","27.7939915042015","22.4028095381649","21.4350624296","",
"Brazil","BRA","Exports of goods and services (% of GDP)","NE.EXP.GNFS.ZS","6.28181356216762","6.42021675517618","4.00847871772255","8.93314544401188","6.46099666497353","7.50316443059153","6.53020390757968","5.67719217542334","5.99087444407956","6.67156538418794","7.02942560498826","6.45722050038782","7.27211396407972","7.84487342902518","7.67312781088189","7.21800682637617","7.01316307160746","7.24526115542366","6.69298607932397","7.24078004876568","8.96239487326747","9.62284037096842","7.90048452532258","12.2437555659291","15.0354125354877","12.9485790961438","9.21727907000127","9.82848202733551","11.6673585476931","8.92960967188901","8.1972364845005","8.67763659887868","10.8683116605935","10.5032716554144","9.51307642702004","7.52887503847073","6.73020968312685","6.98364957530895","7.03050033871807","9.5648982609794","10.1880480043795","12.37171066993","14.2305902713775","15.1807837086861","16.5457615119353","15.2438292665623","14.3743163038801","13.3276751040789","13.5340005128387","10.8513711347491","10.8655847752557","11.5825126785455","11.8775390704316","11.7422306460189","11.0119428190539","12.900191418386","12.4666790429968","12.5189678698768","14.6349994955075","14.1229191913178","16.4535520094071","19.1094303688709","19.6307650034371","17.9693243032741","17.9385794398559","17.8207228961707",
"Barbados","BRB","Exports of goods and services (% of GDP)","NE.EXP.GNFS.ZS","","","","","","","","","","","","","","","","","","","","","","","","","","","","","","","","","","","","","","","","","","","","","","","","","","","","","","","","","","","","","","","","","","",
"Brunei Darussalam","BRN","Exports of goods and services (% of GDP)","NE.EXP.GNFS.ZS","","","","","","","","","","","","","","","41.6806816307368","42.1469692722291","43.6283577621182","44.5433156406127","44.9891717664632","44.0967426564454","42.6255099293787","43.4157614398238","42.6520829279949","42.808373440627","","","","","","37.0292237094454","36.026543425045","39.2749848843349","38.2613644085978","36.2455449805517","32.2800214220304","36.7143398139106","40.0067512665242","38.1379742895262","36.8356755347497","40.6972280530706","56.970296136284","57.9295714010074","56.6559739607844","58.4208886316465","57.7661851193269","58.5718065403264","60.1605718986421","56.9641140757782","65.9431408022612","59.7036049151399","67.4082522381788","69.5063427645584","70.1597309927892","68.0441177780807","68.1771018484597","52.2130112286937","49.5777773794133","49.5733065230099","51.9332397866186","57.946040538108","57.3561114159878","80.1689108084537","86.3893568836847","76.7032024805205","74.2707418045022","71.5712945703066",
"Bhutan","BTN","Exports of goods and services (% of GDP)","NE.EXP.GNFS.ZS","","","","","","","","","","","","","","","","","","","","","14.380477343088","16.2434061617107","14.4310209819253","12.7440645062992","13.6403639325243","15.8143979086256","18.5662411276266","24.5570179073681","29.2704117614086","29.2371207225325","27.9616719301099","33.4596753116132","33.3950994352653","32.859302834155","30.875962913691","39.4058307240615","37.0068223521095","37.3014697549024","34.3296793518192","32.6549090148802","28.0014111590781","25.2417137581544","22.9202319620156","24.3568394131845","29.6518401624113","36.4043942963452","51.8129303116649","52.3571269654224","46.598977305103","42.46629308784","39.3870452376357","37.9232018736818","35.7881097866179","37.4343659431634","34.1893414068432","31.5360910045004","27.1228339132394","28.4464080232377","29.1897191930732","31.4575032617598","28.0656355144502","29.1987406924537","25.4988399587876","28.3881078975658","31.4948602422141","",
"Botswana","BWA","Exports of goods and services (% of GDP)","NE.EXP.GNFS.ZS","26.2756360317336","27.2163229897131","27.9260392616513","28.9944433433896","28.8110098258944","31.7073170731707","29.2682926829268","24.6138479648985","23.0526315789474","22.7722772277228","24.6555474981871","33.1497797356828","37.3721479150275","38.8315137208616","40.9232988699207","43.5941366837997","50.386398763524","50.9007232084155","52.0605378873095","54.1230170607602","53.0592444363592","49.7050639955481","54.5619826802545","62.0834467472878","60.8112721517023","66.2910488224616","68.3308494783905","75.129565085619","70.5219405269035","59.2245978546885","55.0554070628939","53.0295141611517","48.1795630951428","47.0957972005807","47.8223986846938","50.8364978420338","53.828444483056","60.8807385501806","49.2891721003754","55.1972682896055","51.8318100701299","48.6576082380348","52.1574267782427","48.8268578340104","49.6137877815052","52.9235535447696","51.7808267603935","56.479962927168","46.946904660995","35.8336618587618","42.1443315144427","44.2363979167201","48.11502383229","61.3797617461963","61.2829678934065","53.0908973428197","54.6113547604529","42.9200424885539","44.2281439237392","37.0878176552067","31.2509978367083","41.7739949800303","43.4790657146074","32.8968928794687","27.0767041570041","32.0337480184486",
"Central African Republic","CAF","Exports of goods and services (% of GDP)","NE.EXP.GNFS.ZS","23.2727244800003","26.4900657865883","24.5901651330286","25.2365924230513","28.4482693940755","27.1002682926829","28.3505154639175","26.302729528536","34.3122977455347","27.3346641223215","31.9384978942049","29.7992329420796","24.9348006859663","28.6180418550823","27.7368238884878","21.1303465778896","22.1868662621573","25.2043976967514","23.4203176328111","22.4325673617578","25.2215452197355","24.3834499934688","22.1777521315576","24.1489993098706","23.3939942580609","22.0085189617676","18.1864262428373","17.8441411639543","17.7447524605306","20.3038863512806","17.0674688659163","17.5866710245595","16.8656999970566","17.0995545466345","23.3994108884074","22.2209449568474","21.4703862760844","26.8842802618525","22.6568865727558","19.2236502785935","20.3722135905975","17.1572538375263","15.96270493648","18.2360038377682","13.997917508823","13.3627533256972","14.3160051485309","14.1153274204234","11.0036647020449","9.84164990187971","11.6258010719319","13.127820098599","11.5501330018626","14.9729547921906","16.6757875879937","17.0676606236635","14.8218796578137","17.2597737600181","15.9400300007701","15.7553800018083","15.1724799997493","13.2274599967551","12.3004999986493","14.4408262093734","15.007027885938","19.3448050350028",
"Canada","CAN","Exports of goods and services (% of GDP)","NE.EXP.GNFS.ZS","","17.5829190760648","17.5722245631189","17.9318897487542","18.9849060374088","18.2919573688229","19.0609638815139","19.9393599383756","20.8229173491378","20.8441208693756","21.844322792896","20.9956795906186","21.2139005777389","22.6889988520045","23.993651262596","21.9597841113282","21.6827524574202","22.7020476371888","24.5309568947029","26.3285135190226","27.5074986204463","26.3846584029667","25.1926292116307","24.92499691443","27.9365608481642","27.5469124667268","26.9876383798872","26.0034196010698","26.052889324192","25.0463459995027","25.0742989585924","24.3533165282791","26.1991325601724","29.1425993625483","32.781588237968","36.0980542819385","37.0984399314286","38.1329281417053","40.0292173202997","41.8610604016192","44.209235821106","42.0399550909321","40.0585914756691","36.8659264359901","37.3277433603474","36.8563962056437","35.4017495610061","34.229555163977","34.3949225246885","28.5157798740818","29.1672768917177","30.678236283533","30.3531418051027","30.3321619042863","31.7365440556138","31.8499289605736","31.5025413039024","31.4543366815438","32.3253748086707","32.3526259007732","29.47360741517","31.1750905922479","33.7212083293036","33.3416520498948","32.4691150314085","31.3323868147182",
"Central Europe and the Baltics","CEB","Exports of goods and services (% of GDP)","NE.EXP.GNFS.ZS","","","","","","","","","","","","","","","","","","","","","","","","","","","","","","","","","","","","32.2518538608553","32.3815252949897","34.6564233146886","35.005589690959","34.861127520908","38.2069371820689","38.6354071662449","38.7153130082038","41.210372022655","44.8097091279862","46.188829934152","49.6665566551274","50.369663749436","49.6522603166476","46.6142905097632","52.101297492886","56.4204671449784","58.5718495834149","60.1369184276197","61.0593430026036","61.1411899568957","62.2129899878671","63.3191597415988","62.9084900973338","61.784779524602","58.6778419188787","63.116382613769","68.637004809798","62.7220904063465","58.3944687039942","56.3896097998902",
"Switzerland","CHE","Exports of goods and services (% of GDP)","NE.EXP.GNFS.ZS","","","","","","","","","","","40.4673443682549","38.4405061370328","37.8488413275889","38.1939009432686","40.1767398236261","38.7955405293403","41.4948413378216","45.2711019889089","43.3354575225771","43.6308330608011","45.371812500301","47.2558811525038","43.4735944577226","42.2170134106416","46.3267008200873","46.7890898543437","43.0512431714459","40.3575876411631","41.5087241134649","43.8960605895609","40.5102531770047","39.0002956142302","39.8971086128056","39.9773272214609","39.2431748501674","39.1992056580806","40.31388424433","45.8616805097285","45.3746246784868","46.1684854176937","50.8536330810172","49.4335424078329","47.8008974246151","47.1639744765375","50.8466167037044","53.3710182552627","56.1815905395898","61.0846070566273","62.7755226114318","57.6099783739418","64.3662982851714","66.2018319881441","67.4290703358076","71.5387969810933","64.7317061911352","63.254588058839","66.2372910110226","65.6423588005133","66.7444127590223","66.1484505764437","63.5682266863333","69.9421328454497","74.9648944789973","70.3187381654557","71.202289539209","78.0527434720482",
"Channel Islands","CHI","Exports of goods and services (% of GDP)","NE.EXP.GNFS.ZS","","","","","","","","","","","","","","","","","","","","","","","","","","","","","","","","","","","","","","","","","","","","","","","","","","","","","","","","","","","","","","","","","","",
"Chile","CHL","Exports of goods and services (% of GDP)","NE.EXP.GNFS.ZS","12.7427185864127","11.1295189323154","11.0860645266395","12.0580300116494","12.0441503024268","13.1158083669341","14.1540048756479","13.8754979421584","13.5209343390996","15.8956424620006","14.1746033324124","10.716133229753","9.38247125248678","12.9847521804698","19.0915586902565","23.5245398375081","23.521081168837","19.30299696202","19.3577462434404","21.6869463205334","21.2684484447529","15.2466633451147","18.4422561478579","23.1190708543507","22.4552872653066","25.9350262014508","26.8922386904566","27.899127374623","32.3093535908079","33.5152629480169","32.2119449244153","30.9848794845346","28.5950704800945","25.5450555023598","27.2530179794726","28.4806033041148","25.9504471585508","25.8780061517668","25.1435824160666","28.3091122404956","30.1237545610247","31.8473112100134","32.2572216653296","35.0609735492762","39.6857497510041","40.1755713149739","43.8656741327676","45.1298514125536","41.1625609327669","37.1156346662754","37.903993986295","37.6897797617714","33.845591494963","32.0874628670083","33.0039028305543","29.1910790733686","27.9231577302995","28.3313768888156","28.5290452274717","27.8723266080413","31.3228006627665","31.974345622206","35.6216861605322","30.7750617433637","33.7320704435058","34.5635609348334",
"China","CHN","Exports of goods and services (% of GDP)","NE.EXP.GNFS.ZS","3.14649701726736","3.00147724389829","3.18187809249592","3.279427154169","3.24105588221634","3.18368644911352","3.08454778826638","2.95280114994993","2.97927634903285","2.77326409498398","2.45191173862661","2.71152734986346","3.10630545897125","4.29453198256321","4.99456118394499","4.87182232405151","4.8253916518573","4.72021382337347","7.2109217325228","7.8189696143358","10.1341967491351","12.4198281796671","10.9986490384497","9.49953661216008","9.50853686392573","8.32129856902917","8.69621588638232","12.4601248299538","14.3577170443892","11.8235049297269","13.5882641172526","14.4450323111337","15.6002410213269","16.6339975209836","18.4515778259707","17.8624291729756","17.8247104643429","19.3692945938508","18.1992267514817","18.0006905864312","20.681599363293","20.0776873829946","22.3518233715808","26.6023738514511","30.6097162464404","33.3687977498922","35.5268468681701","34.9066956194649","32.092513602143","24.3307718125403","26.7227451502469","26.1518828948759","25.07670432956","24.1633430905854","23.0719766947263","20.9390642234326","19.2036507365412","19.3356301657728","18.770519802938","18.1398222864053","18.2696013805051","19.4350556514909","20.227756033041","19.4023091648376","20.4428283665891","21.0711983566772",
"Cote d'Ivoire","CIV","Exports of goods and services (% of GDP)","NE.EXP.GNFS.ZS","34.2395470688431","35.2925193938904","34.3926245454881","33.935451677639","35.8860300323379","36.8234112802319","36.4069906823357","36.2237193282106","40.6998720900407","36.7617975662223","35.7693255143477","32.2099926994546","33.5121208130561","35.7538908205438","45.6968875668011","36.7285825507322","41.7414702582362","42.6260418396138","36.5212030703704","34.6033223630751","35.0016293313943","35.1750034906259","36.4232286853153","36.9598599143","45.3119276970722","46.7749129816887","39.4959084089505","33.4299901983188","30.4881284935977","32.0333356381271","31.6898746701998","30.0117263444518","31.9094869275422","29.4424528741736","40.5274018640381","41.7592996636706","28.0548089119745","28.1619510423631","27.1844537490724","28.7375016337359","27.7900585635603","27.4698146295241","31.361161437556","28.741013407249","30.1412888678631","31.8789802252367","32.8409302334209","30.4909527241434","31.0136690713744","35.4127413048103","33.4995745908321","35.2813763519634","34.9824903983423","29.1604026575655","28.1569587645537","27.3553887828515","24.9418624533151","25.4987866021143","22.6941999168587","22.6604887650452","20.9934684842997","22.2962678369402","24.2673603262295","22.4353390507141","26.028011108531","29.785395705048",
"Cameroon","CMR","Exports of goods and services (% of GDP)","NE.EXP.GNFS.ZS","","","","","","23.7593924395954","20.9947348578922","20.6252726571414","22.1235516892861","23.3834286164464","26.2099316759183","23.0181577752061","20.3918695754779","20.6937259205293","25.4380898076255","22.6849591337327","22.6425968644597","25.0599528630765","23.6551978051174","21.0785467994137","27.8847481871114","21.8670533412104","33.2143378608076","30.397603276166","33.4785941985375","33.4487710584622","23.281370600862","16.6942564322114","16.0329748693173","20.7070366380926","20.1829143997954","19.9988804610672","20.5470222485463","16.390717236618","21.4810205130997","21.6184879665971","24.262491972799","26.6506553314661","21.9791850036291","19.4286005669288","24.8568127317047","25.2612172490423","22.9861583659013","19.4369114585916","20.5475737052101","22.2454563981154","24.1790940584351","26.9786418047148","27.0083654696037","19.5824152849101","22.368890297982","24.229686622931","23.8767238437792","23.6391086680292","23.6099755336855","20.9891496295315","18.9499787559649","18.3510985830022","18.7362534690181","19.8500907473186","15.2357369814791","16.5088840367781","19.321813317909","16.8527562193087","15.6732536622499","13.0891506194146",
"Congo, Dem. Rep.","COD","Exports of goods and services (% of GDP)","NE.EXP.GNFS.ZS","","","","","","","","","","","","","","","","","","","","","","","","","","","","","","","","","","","22.6252944147172","28.4822883100778","30.0027630853046","18.750000234375","29.7900882870708","23.6356699193136","11.4496120313427","11.987684833486","15.6713428067886","24.0004430362555","22.7295135131027","23.1598967085384","20.2535145998247","35.5890633546039","33.9875035809117","26.8725722352707","36.6940248162745","38.6881773805013","30.0613074272917","34.1359763766297","32.9467178753709","26.0071219054555","31.1223783108872","31.0840226026107","34.4656241504362","28.4657291929772","29.8455118333319","37.829511069311","40.8203246110598","42.0539835211192","45.6969577635665","43.4174837745438",
"Congo, Rep.","COG","Exports of goods and services (% of GDP)","NE.EXP.GNFS.ZS","20.4533253450586","19.4595553734194","30.4895972795615","36.4728989486156","38.152601745004","36.0082230435755","29.8892988929889","30.4794572738797","30.3858360128617","32.075490319588","34.7368289473684","32.5817251696533","28.3091787439614","31.6225165562914","53.2291838183109","35.8880778588808","40.3771547420965","45.5849946808511","43.7214372163389","47.4117647058824","60.0166481687015","58.0210448587779","55.2676056338028","57.9454454454454","61.6275430359937","56.7882159044087","39.8337009349443","41.7343061338469","40.6221547799696","48.5242020194741","51.7773595800525","41.634588526083","40.6920969216899","42.8363705696619","58.5170212549371","64.7045701571672","68.4582134338693","75.5966393744929","76.2776297713242","72.2900710687918","80.297147219193","77.4200268515354","81.5164254833959","80.8123655970076","80.5297928332926","75.0050837514178","77.4641294571561","68.4853907202658","73.4029185288145","64.479912106445","68.5280915300939","73.6117327393895","58.0820278199554","52.9343405840282","53.1336383710482","40.8570487934502","42.068526050081","47.9627316588394","62.2105922950548","56.1988143702835","40.7190432792988","52.8365708586233","63.8121468562925","56.8959278033859","52.7796430530581","48.022613302008",
"Colombia","COL","Exports of goods and services (% of GDP)","NE.EXP.GNFS.ZS","15.694579144343","12.9913516978403","12.2235058130015","11.9828551079252","11.9574970749791","12.1346382753604","9.98157876782425","11.2124869828647","11.7731869580441","12.5393813547186","13.2705169920463","11.9664370116624","13.2548229561108","14.9243296594835","14.540113653283","15.8172635445363","17.0462359328912","16.8656576758763","16.6259660665848","15.2164715006599","16.217980786889","11.8512305745539","10.9128345916266","10.4595176968158","11.8847923447279","13.8077759786125","18.8372464406075","16.9496695982325","16.2861676254084","18.0025634113097","18.8626690286416","19.0945389024404","16.5185546953654","15.1844952854784","14.9983618345688","14.5337428892103","15.199461701397","14.8415437434707","15.0073508369912","18.3465787501541","15.915139715438","15.3871357665009","14.8155696775272","16.5752997117627","16.7707514248023","16.9710437391629","17.7285877506525","16.4331421263646","18.1095951350739","16.4244956875755","16.3408447597691","19.2765050733171","18.8112052836654","18.0864397214368","16.6347491096509","15.6502115094968","14.7171392781975","15.1452897484005","15.8997196775431","15.8680386541241","13.5222755593302","16.1970059548864","20.3883679938331","17.8077746975806","16.0804545104347","14.9840475310756",
"Comoros","COM","Exports of goods and services (% of GDP)","NE.EXP.GNFS.ZS","","","","","","","","","","","","","","","","","","","","","8.83645203737985","8.83532631105447","8.83637085304138","8.83593536017529","8.835993259318","8.83674092848011","8.83572765728589","8.83593919438475","8.83577254148538","8.83662434707573","8.83645379157049","8.83628799476148","8.83650241019117","8.8359144498935","8.83605448664154","8.83640480692066","8.83645933776945","8.83630548664543","8.83626349945661","8.83595304639463","8.83631406942087","8.83626078759847","8.83617673117486","8.83612986641663","8.83602719757017","8.83628108070565","8.83617933253511","8.97534196697091","8.22134722875202","9.31193867197775","9.63889703893025","9.95640374806739","8.94587438315301","9.04839531847644","9.67647301007213","10.1361983069761","10.6728955768962","11.9013164484663","12.909022989086","12.7734606325226","5.67175210840519","9.91703418014113","12.9470275117016","10.3108363180596","9.23135575502753","9.2978020237782",
"Cabo Verde","CPV","Exports of goods and services (% of GDP)","NE.EXP.GNFS.ZS","","","","","","","","","","","","","","","","","","","","","17.0747682227441","21.4691376893988","22.9274304386124","24.6279458192888","22.7730558410552","22.6384786690295","17.6098622736723","18.0990410304508","16.707662251359","19.2254452309278","17.131969468504","16.5640735443608","17.2830075872658","13.2608310757983","15.0462995430568","17.1369526898222","20.1991575607735","27.4417263018333","22.7961528751425","20.9759456250155","27.0072185431265","29.80941288281","32.5449567130458","31.3643511669509","32.004173065871","37.7773604608664","45.1322052608015","33.7458980966483","34.3404537542843","29.037829627441","30.2838226775205","32.8742610267506","37.4634532272165","37.5168385673901","37.2482924821867","41.1352016327173","41.4729487181747","42.0688035837608","45.865993464408","46.7050331370949","25.2933707721998","23.8497983576563","38.6842542170134","39.2805048495495","42.6792709353695","41.9760625876389",
"Costa Rica","CRI","Exports of goods and services (% of GDP)","NE.EXP.GNFS.ZS","21.185106017472","20.8616343142921","22.7232758773268","22.0874188252842","24.419375376157","22.5633181843799","24.7808051851882","24.8818484455459","27.7663999798389","26.5962897353582","27.835084001382","26.7941723466795","30.2271233476959","30.7998107651754","33.1431557400906","30.0620070103543","28.9089554837586","30.8689102619549","28.1811893823121","26.922831792551","26.4778828613999","43.2683564589034","45.083898499245","36.0372426806069","34.3819953144238","30.7232020242543","31.3409925326254","31.6323145191391","34.0243172983118","34.8511554182602","34.1902683361643","33.4061071681073","35.2817505483681","36.0372233840502","35.8846600988984","38.1292151516333","40.0119906390072","41.6090689095827","43.962841620481","42.5578652733022","42.9303224591994","40.5085719500705","39.2245350275681","40.6717129761414","42.2076544521738","43.464522824224","43.3140350907406","40.5821371736585","38.8064601026245","34.6323048229081","32.8294112720049","32.4724707460503","31.6513172644756","30.5916494074101","31.362915449766","29.9956579824958","31.2600961080703","32.7626831133763","33.6589195458941","34.1472985859666","31.6977144131717","35.8298587276824","40.5888104743828","38.0957487081207","37.5298397915012","38.8499059117269",
"Caribbean small states","CSS","Exports of goods and services (% of GDP)","NE.EXP.GNFS.ZS","","","","","","","","","","","","","","","","","","","","","","","","","","","","","","","","","","","","","","","","","","","","","","","","","","","","","","","","","","","","","","","","","","",
"Cuba","CUB","Exports of goods and services (% of GDP)","NE.EXP.GNFS.ZS","","","","","","","","","","","32.6253592742195","32.625760659413","32.626305225411","32.624116687297","32.613748592012","32.6368636947196","32.6277725406722","32.6290234363567","32.6131733163297","32.5619105452136","32.75243679926","32.5823186575978","32.6352787375449","32.533922709489","32.3055968889223","33.7050654442203","31.7317301154889","32.90007855504","32.0271423526454","31.163968592742","30.2390452142262","21.931179713084","16.9182669666124","13.1942099528868","13.2397137421534","13.4015118655048","15.3133610730212","14.9239679694337","14.2526142187663","14.5374790771003","14.1300293796253","13.2344771860718","11.5270686652476","12.9519347542701","16.0217783943669","21.018043449426","18.7134547274699","20.3363598668348","20.567605659282","17.4597293814433","22.5702648924263","25.103638208436","25.5109993027167","24.1004303416809","22.0838845419007","17.1473888133975","14.9825313409813","14.5512704805325","14.5227333905979","12.2133743797594","8.16845517549743","34.893565509576","40.4896279061686","45.6267674849104","42.4701633021061","",
"Curacao","CUW","Exports of goods and services (% of GDP)","NE.EXP.GNFS.ZS","","","","","","","","","","","","","","","","","","","","","","","","","","","","","","","","","","","","","","","","","","","","","","59.4962849609475","63.3906524770353","60.8534420640082","69.4667581954085","60.6840139427977","55.5395332218441","72.9856712615926","80.7958216917265","74.2989827899284","75.9321214347871","68.4941164317425","62.995509914548","59.6296892793727","63.2460008659465","","","","","","","",
"Cayman Islands","CYM","Exports of goods and services (% of GDP)","NE.EXP.GNFS.ZS","","","","","","","","","","","","","","","","","","","","","","","","","","","","","","","","","","","","","","","","","","","","","","","","","","","","","","","","","","74.021817064189","71.587849798792","69.4710255697764","59.6335987813842","","","","","",
"Cyprus","CYP","Exports of goods and services (% of GDP)","NE.EXP.GNFS.ZS","","","","","","","","","","","","","","","","35.4863899892191","49.7454347224024","47.8137575488377","42.3297095261349","44.6808463184612","45.2584531600292","50.2511433387436","50.9220421191704","50.4090764992285","54.658291072664","48.7383598713866","45.0371659415786","47.286823260069","48.0785586125989","51.4599666796572","51.5005647205938","47.0856508133278","49.4569602638771","47.4913742815193","47.6894839198586","66.7632937695315","70.2076672511647","69.185609012311","68.6974814727821","66.9264639996054","69.9628239174311","68.2088550711651","62.4053067776663","57.7621279453982","56.8898030886863","55.6921064986712","53.4358108781673","53.2589801292313","50.081695822203","48.7222504024133","50.3345258473469","53.4540858842518","55.2783809408715","61.2965904312478","65.9517048728868","70.0173031293258","70.4840522281272","73.8364791392389","74.511134620546","75.7588643662806","79.647252717685","90.7578331633624","104.666076513256","96.3899707005315","97.0202359384563","97.5738320583018",
"Czechia","CZE","Exports of goods and services (% of GDP)","NE.EXP.GNFS.ZS","","","","","","","","","","","","","","","","","","","","","","","","","","","","","","","32.6915126475747","38.1579113682169","39.5789086824477","39.6576592858123","36.8371357206842","39.9284395098007","37.8990370301148","40.0180990636206","41.8138083917812","42.4907873989701","47.8222277784723","48.6218413983162","44.7797457982463","46.5673230629568","56.8994781682745","61.7588664473362","64.8869825723489","66.150542351883","63.0342206340259","58.4757844686548","64.8915980155479","70.2506376126123","75.1048104767256","75.5803954463061","81.3510352122697","80.0125671431762","78.108333006403","77.6844326231276","75.6097814865591","72.1248511386482","67.7609732344735","70.550045142844","72.4094281428088","68.4031069284452","68.8585282145125","66.9450959346234",
"Germany","DEU","Exports of goods and services (% of GDP)","NE.EXP.GNFS.ZS","","","","","","","","","","","15.0652897094797","14.4993415353927","14.4922675476893","15.2911022300122","18.1607786662562","17.0391415858527","17.9961923300948","17.904823796026","17.5630441516694","17.7501390037452","18.5434109337965","20.0506971926921","20.7827983785804","20.2066140055612","21.6347832896495","22.8431478657871","21.1981870684832","20.5966039600334","21.0019588384249","22.2064358785345","22.7404117768503","23.5660117742412","22.089549620151","19.8790217032561","20.6057061403032","21.4815282668309","22.2821690795205","24.7013999735662","25.6601609051036","26.0298761818567","29.6806532498145","30.5604113813066","31.1904504893495","31.2678451095809","33.9352126434777","35.9531497908166","38.9694499171537","40.6368056265783","40.9488738182043","35.4545162932994","39.4953465429823","41.6436286591115","42.6855834357406","41.6802838324356","41.6936675523627","42.5853976151835","41.6355419518592","42.2029575981591","42.4968914074717","42.3402444816356","39.1198068808828","42.5198379291429","45.6284043425185","42.9672624196847","41.4340593720908","40.4347738545071",
"Djibouti","DJI","Exports of goods and services (% of GDP)","NE.EXP.GNFS.ZS","","","","","","","","","","","","","","","","","","","","","","","","","","","","","","","","","","","","","","","","","","","","","","","","","","","","","","156.414102493532","157.949327841603","145.421307480105","103.764025112093","150.098361470494","156.619986522272","166.717864481384","117.134854035476","142.728193974095","159.250735528808","150.741322598259","126.415267144255","110.493588636595",
"Dominica","DMA","Exports of goods and services (% of GDP)","NE.EXP.GNFS.ZS","","","","","","","","","","","","","","","","","","","","","","","","","","","","","","","","","","","","","","","","","","","","","","","","","","","","","","","","","","","","","","","","","","",
"Denmark","DNK","Exports of goods and services (% of GDP)","NE.EXP.GNFS.ZS","","","","","","","28.0413734051019","26.7370196968531","26.9716693569468","26.7175028978451","27.1510308678265","26.8238835370671","26.4082987283736","27.9844988989324","30.6875158494064","29.4105199812041","28.2837186158052","28.39904461805","27.4375897746678","29.2218710286757","32.6480090647881","36.3209776274482","36.0698679069082","36.1080553606549","36.4384171304115","36.5513885732837","32.4206257306695","31.7708588572847","33.6193950323058","35.4505531593966","36.4309412098196","37.6944386994211","36.9421011016129","36.5877579558777","36.8859843352178","36.6433305842217","37.0972755027358","37.8274440412224","37.2107081900933","39.3655724189585","44.8786835833686","45.5295862400865","45.6653553506862","43.7731471646248","43.821544808921","47.3751212346545","50.6843661293202","51.3974872348582","53.9709187280921","46.9989097546293","50.5907805356338","54.0836272472402","55.0808426058575","54.9209092360852","54.8334037514843","55.8143215733858","53.7439528985173","55.3459515613736","56.9833683807386","58.9506079167167","55.0368973244514","59.2073478715957","70.7552148776405","69.3143620591443","71.0020132043046","70.117072547021",
"Dominican Republic","DOM","Exports of goods and services (% of GDP)","NE.EXP.GNFS.ZS","25.5948954171157","23.2533180696169","23.8684625652227","20.7270430194561","19.6957897519296","16.3044702173179","16.3431243012501","18.0807885581755","18.4876285793717","18.4802925639984","17.9530255132952","18.0098489648965","21.2764272919392","22.560786293074","25.6190282325597","28.8788202100467","22.2948833607491","21.0745414968063","18.6467022220345","22.0264523168691","20.3457406268025","21.6135510824858","16.439918958802","16.9781460750927","21.7334230119027","26.1630195264237","22.9395383758795","25.5254959024443","34.4817202173483","30.6716722100347","30.610707909123","40.0779731552293","36.8037503160956","36.3893323975465","36.2085399180065","35.2267216224166","34.8867097256752","35.2222875438087","34.3098842791","34.9811021074665","35.4978251417642","31.8906200886267","30.724010155589","42.1529981602708","41.1474766418853","28.3311381514539","28.2249162691947","26.7620220119612","23.9483515015273","21.0931826103163","22.7751186165488","24.3269602141381","24.7666213993906","25.3838177066263","25.4069026925032","24.0368347236543","24.1938670386292","24.1797519638034","23.993089643769","23.325332586795","18.7972072415048","21.5282997986043","22.0261866198241","21.3233165320401","22.7679273981921","23.6399210081098",
"Algeria","DZA","Exports of goods and services (% of GDP)","NE.EXP.GNFS.ZS","39.043172595018","46.2445568889055","19.79387267512","24.6846820545111","25.0840587279266","22.6039435563255","25.9861975178091","23.434416768712","23.1356346033587","23.7887768242961","22.0727334005425","18.4425191541398","20.4495619832458","25.5036630012744","38.7490436138728","33.6889362162921","33.0545839253536","30.58656693011","25.5358367212767","31.1483002053416","34.3384614657894","34.5872507738721","30.9248563230201","27.9418061120348","25.7100161819841","23.5839328880834","12.8547573361278","14.2724747252216","15.5078678786413","18.6392633357627","23.4436850828471","29.11782217052","25.3195942793437","21.7838769961664","22.5307252452381","26.1947759790559","29.7604483251847","30.9063113798645","22.5783540098039","28.150113118469","42.0697177213416","34.1212313958018","33.1371640975005","35.6690635287432","38.3929594593676","44.371282898314","45.7641342682087","44.720155665402","45.6471818058054","32.5860062711518","34.988229614912","35.9880864093259","34.3827920015035","30.7993649290893","27.6194863705878","20.5281416810455","18.4866879717888","20.3336795171675","23.423105738908","20.407941949491","15.5352011116191","23.4443672905951","30.7915561763341","23.7900604738163","19.8523800653814","16.8347751595565",
"East Asia & Pacific (excluding high income)","EAP","Exports of goods and services (% of GDP)","NE.EXP.GNFS.ZS","5.42692662771497","5.44713728818594","5.97946987986356","6.32533011202024","6.16380363971231","5.97009006149726","5.82105025180148","5.83801838843293","6.21252624885939","5.93187079793937","5.76731093934192","5.96904959306039","6.5840577284585","8.79904881980222","11.8867078732593","10.3163259344942","11.5618420689164","11.9206668448486","14.4560943800628","16.9791210436015","19.5546714751372","19.9459187176269","17.7116664027696","17.6396085891431","17.9735909283402","15.751674942277","15.3560870421625","19.3732396538312","21.4751429182966","21.5287828378282","23.4019735365366","25.0256239608856","26.2050843425483","26.9647023698426","28.3514291825912","28.3583800686923","27.8108293828389","29.5991885359444","30.3054968178037","29.7181912143885","33.046197850416","30.7705694979385","31.536170481089","34.3341259702446","37.9876218849007","40.1868025206164","41.2429622032688","39.9654948918371","37.129583923507","28.9601874484607","30.8403705779704","30.4438064979741","29.0466364666329","27.9493650168565","26.9211959494749","24.6209279345968","23.0148665819045","23.4499862647595","22.9712552413425","22.1272734554508","21.5641484110026","22.9979669542706","24.3981219106529","23.3136635628917","24.5618659870998","25.5218884751343",
"Early-demographic dividend","EAR","Exports of goods and services (% of GDP)","NE.EXP.GNFS.ZS","12.8612593928513","12.5576600574081","12.3191438496963","12.7353315830032","11.3807736979351","10.9680322441217","11.6672132265269","11.6453136719363","11.397009568169","11.0067060477827","11.4605003261387","12.0654740165138","13.4230566486461","17.0980140868103","21.3487998993283","20.3036126696964","21.1045166767527","21.0634113102977","18.6061926398147","21.5357691411118","23.0131759196374","22.0988225177083","20.4058372290128","18.577426491217","17.7976143602762","16.5625294657784","14.0614280223076","16.0872413959815","16.9975221767079","18.4318736501147","19.0817284054242","18.9381664469849","18.701753466294","17.954137764256","19.0982167515465","21.4732795658515","22.2929732021993","22.3291481442167","21.4984463734755","21.9507668141603","24.4945162561758","23.497480290413","25.3989074039955","26.2729199535868","27.9775011209202","29.4920018994134","30.4700725328917","29.844590709482","31.1701418501445","26.0859532615174","27.1437231839243","29.1771792571145","28.7438595698926","28.2270652240407","27.138168940153","23.7799465120692","22.7898147975967","23.7229646892894","26.0007397763405","24.8960962996496","22.3822590352834","25.5987039213023","28.5556375204316","26.1202493165318","25.4738209677885","25.6949153050205",
"East Asia & Pacific","EAS","Exports of goods and services (% of GDP)","NE.EXP.GNFS.ZS","12.4016360440516","11.6572304951611","12.1323951658248","12.0641017896213","11.9517520646624","11.379364998753","11.0585507334589","10.847134707992","10.9060545867193","10.8238029615642","10.8917784429243","11.5731021945306","11.3087387906532","12.0058185608159","14.9382021063275","14.0545926654811","15.3810586089399","15.2055333496815","14.2858411683085","15.685430216117","18.410443228293","19.0540804447696","18.4679672143441","18.06385359335","19.1704904866567","18.2864381760728","15.7493550132769","16.0821575029522","16.174130455735","16.8386350695047","17.3457930085968","17.3376540930388","17.6449045728362","17.2664675867739","17.7991843429291","18.5590630761698","19.9902708454671","22.0030393091791","22.6049919757161","21.4042258206178","23.3615728177387","23.2163462373593","24.5398991388533","26.1190959882366","28.9914055508221","31.3452790049193","34.4099257605704","35.8841446382309","35.5196750672692","28.943450316507","31.7005556521546","32.2676382747218","31.4862274452968","31.9664475029063","31.7834527133482","29.6953055484701","27.6474868673314","28.6539504590886","28.5805637566295","27.4246265950396","26.1236510339818","28.3523670890111","30.805786954412","29.6746080486877","31.1220356381199","32.5369215045494",
"Europe & Central Asia (excluding high income)","ECA","Exports of goods and services (% of GDP)","NE.EXP.GNFS.ZS","","","","","","","","","","","","","","","","","","","","","","","","","","","","","","","24.9478853098333","23.209212214669","24.8219246176593","21.9082885070751","29.031032147162","25.1072950591218","24.6981874948218","25.8713484866374","24.8883484378076","24.1808926064429","27.5998292072116","32.9524769340781","31.3095612027494","30.3368017857056","32.1990643615926","30.4073389797228","31.2431751640299","31.0971023432499","34.081223232735","30.7541840256322","30.3146941461825","34.2168457967035","34.4222428912495","31.860231112071","32.3148123941177","29.2938471978276","28.4122907703617","31.7852245087461","36.7548879787917","36.738604707671","31.9550910823197","37.513912204085","40.7516157291301","35.0791932021449","31.8354264583418","29.0176419153296",
"Europe & Central Asia","ECS","Exports of goods and services (% of GDP)","NE.EXP.GNFS.ZS","","","","","","","","","","","20.1837585332658","20.2330603207816","20.2409869996415","21.328168472543","24.3733587256875","22.7531271156656","23.8095154421775","24.2606198710166","24.0422217235791","24.5656101411145","25.0892532676276","26.3460472571731","26.2526099432224","26.4777826684712","28.1980492516962","28.4322833625951","25.4890631626243","24.8433764759805","24.8749670315424","26.0297392922689","25.4459674516214","24.8681058089948","27.2600334682822","26.3404155733132","27.2517258557386","28.3816347306394","28.6292088673649","30.2588937420912","30.6162241163752","31.0602896739653","34.3850042152566","34.377557166309","33.5409409389371","32.871568409589","34.1462327818752","35.3750592140017","37.1741003987152","37.4251640097023","38.4723891935815","34.5771436793707","37.7039854267775","40.0410051867013","40.6114183367478","40.5461450653136","40.7936949814432","41.5826583168446","41.625690865277","43.1219909757342","44.5726257489482","44.5113712368816","41.9083038706281","45.3696939576092","49.7309357759042","46.3165919722184","44.7868134112805","43.7131847710584",
"Ecuador","ECU","Exports of goods and services (% of GDP)","NE.EXP.GNFS.ZS","9.54757461031659","8.95749299716022","10.2414995015402","9.23332169307243","8.90005390051922","8.97965718654229","10.4856999890863","10.1071865699827","11.0421655960631","8.502945502182","9.44122815724685","10.5804061171855","12.4079121734925","17.8780376822995","22.6520505462625","16.0708936407758","16.0356359447623","16.3028768282836","14.7319827064124","17.908078493992","17.1480264889783","14.6178458363348","14.6564911171017","15.5596149638646","17.3764203987504","19.6813709732654","15.6294034750431","15.3660870665061","19.0058510014465","20.2830489687176","22.7643720219304","23.6745835890502","24.1337401413123","20.0358408321345","20.279818070143","21.2869033721764","22.2732846879762","21.5349262106698","17.8919508668257","26.3775416402476","37.5510597560791","27.6071337228194","25.7144168795696","26.8417735156179","29.0996886570109","32.6271488045748","35.7016851677807","37.4824331013481","40.2763008714604","29.3096288345425","32.4856951799135","36.1133694393513","34.8314108177156","32.3752665078284","31.3550366940318","22.754485726599","20.53929115589","21.4855873912769","23.5438701347327","24.0486345985713","23.2835621642424","27.0659755840025","30.9252456928287","28.649536821321","30.4978780132278","31.438582119541",
"Egypt, Arab Rep.","EGY","Exports of goods and services (% of GDP)","NE.EXP.GNFS.ZS","19.8661933369743","17.6463071811909","15.0523800771917","17.7588574567427","18.3980463980464","17.1308761862723","16.3333742281111","16.8257850718005","11.7999212288302","13.4528315891041","13.568215892054","13.2416980181888","12.7102388034806","13.5351513635226","20.367410342421","18.1679418083142","17.167317960803","21.5861338140538","19.9031709963356","26.4927384576357","30.5146382873328","30.961436324455","26.3332739579622","22.9323308270677","20.5696202531646","18.230563002681","13.8321995464853","12.621359223301","17.3701298701299","17.7922077922078","20.3549060542798","27.4666666666667","28.3968368080518","25.8376288659794","22.5714285714286","22.5490196078431","20.7497820401046","18.8416698006769","16.214335421016","15.0520156046814","16.2011173184358","17.4797881237803","18.3161784111903","21.7964071856287","28.2299608489594","30.3435468895079","29.9498138254816","30.249731471536","33.0429927414852","24.9568221070812","21.3492458146859","20.5674276128656","16.3969666208873","17.0178456245969","14.2441314553991","13.1838454928598","10.3454639403558","15.0140868185672","17.984655608418","16.6440314510365","12.4727757370868","10.5611502153652","15.0870258208479","19.1060913405676","16.3762422101126","19.8200284513845",
"Euro area","EMU","Exports of goods and services (% of GDP)","NE.EXP.GNFS.ZS","","","","","","","","","","","19.1316453798384","19.1424074894251","19.4541256694045","20.3010162572276","23.3538333922803","21.8324870275094","22.856319987684","23.1927770145998","22.9857773989576","23.7211720751818","24.061779326012","25.6507756226665","25.5434269655274","25.6852652046403","27.3439181829202","27.6404465296871","24.752873977419","24.0864570964825","24.4832389842512","25.5944015556215","25.1405410247441","25.0693174950651","24.7682884623833","24.7723249991532","26.1772275182452","27.7572575751948","28.1518180703234","30.4431924253083","31.0290715747525","31.3087946065505","34.9939927494317","34.9676406315587","34.3273700191409","33.3547308676831","34.8381226175409","36.1282082419073","38.0334710064242","39.1292308103882","39.4504100118493","34.5589182837182","38.4726879614919","41.2397129405803","42.8736514088432","43.1697705861919","43.7216672435562","45.1917505360391","44.778037153842","46.4149049600212","47.198235908605","47.4971764950763","44.7335763822286","48.6229792591402","54.0431290782421","50.3935458363716","49.1960886882902","48.5702603387684",
"Eritrea","ERI","Exports of goods and services (% of GDP)","NE.EXP.GNFS.ZS","","","","","","","","","","","","","","","","","","","","","","","","","","","","","","","","","11.4236063474642","30.5566909180087","28.0196629213483","22.3880193550131","29.2337703579368","29.6148227877297","14.8344835891991","9.53440754918544","9.67062059350866","10.8070403599802","11.7811808402808","6.44232783354792","5.77539898239118","6.16571332006919","6.8995093921478","5.77185258376616","4.42875664923759","4.52862385911089","6.37837659786896","18.1548372567671","","","","","","","","","","","","","","",
"Spain","ESP","Exports of goods and services (% of GDP)","NE.EXP.GNFS.ZS","","","","","","","","","","","12.1523074186893","13.0366964434679","13.362934847536","13.3453326541155","13.2082263428224","12.3979587865452","12.5893625145826","13.2755587748773","13.9043827578068","13.728682579876","14.3163737965139","16.3125993529016","17.0074994617791","19.1094615394927","21.3411889699868","20.9020862110895","18.22989596839","17.7565676884434","17.3337568598627","16.6320934712843","15.7529433364548","15.7889291507891","16.2165223074424","17.7405839827945","20.3474893800026","21.866166658338","23.0731000969432","25.7160804746315","26.1498778707572","26.389770883103","28.5889225704133","27.8768485415674","26.5642672698948","25.6155917093049","25.3882582473993","24.940578932511","25.183486968843","25.9230971257706","25.5478087649402","22.9853959496361","25.8278133398939","29.3884101095734","31.2997362842724","32.7554570166099","33.2193399291014","33.2986849561039","33.5770329849408","34.9003952055684","34.874813986254","34.6755629292261","30.4810248544563","33.7570843255301","39.6716824276836","37.8166476493913","37.0558792721708","36.6374813887545",
"Estonia","EST","Exports of goods and services (% of GDP)","NE.EXP.GNFS.ZS","","","","","","","","","","","","","","","","","","","","","","","","","","","","","","","","","","64.1267812766853","69.0973048198066","65.9013474101197","61.2792495590997","70.3823658944387","73.6343458033252","69.866107922999","61.6273943170743","61.2953889786181","57.939021497648","57.1473420929668","61.065845203172","65.4224930152567","63.2563546690877","62.595408910398","66.3888247384518","60.8614218164008","75.0459409001608","86.2696175221184","85.3980903719718","83.4541106351012","80.5897352297357","76.0344602333505","75.4768621637455","74.3055583828982","72.9004951572088","72.0191543549198","68.1545534058676","79.6159088233408","87.4299380839503","77.7746597010983","75.6694833213142","78.3623550209044",
"Ethiopia","ETH","Exports of goods and services (% of GDP)","NE.EXP.GNFS.ZS","","","","","","","","","","","","","","","","","","","","","","","","","","","","","","","","","","","","","","","","","","","","","","","","","","","","16.6868531997337","13.7672981990263","12.484073558977","11.6416199095703","9.36331359735926","7.8120625822914","7.62937471525016","8.37267815589761","7.93996502525176","7.12719989764702","7.63170919167145","8.24396037766464","6.59591829052029","5.53927082166771","13.2837545839474",
"European Union","EUU","Exports of goods and services (% of GDP)","NE.EXP.GNFS.ZS","","","","","","","","","","","19.4699761230116","19.4811019604285","19.7533284602843","20.7221511059584","23.8269310756237","22.2286989736388","23.1152614126857","23.4080017881269","23.2220795545432","24.039589681056","24.3949374463388","25.9604559326801","25.934178677576","26.1995022033801","27.8058777938954","28.0536090326927","25.1925521972183","24.5534648456488","24.9646999678413","26.0306365480768","25.614978490776","25.4588602067804","25.2008896328382","25.2791021820373","26.681276860005","28.3225426619228","28.6560898426167","30.9387982784542","31.5451414417978","31.8609755644578","35.5739384346551","35.5303421019999","34.9094927340675","34.0928140838094","35.6808149380774","37.0876867189909","39.1475176618508","40.2048231941069","40.5592028782732","35.7462696683665","39.6884218526412","42.4555714343856","44.0064121189528","44.2880149000695","44.9094170960287","46.260905005542","45.9061535883817","47.4989979796759","48.2834712085325","48.6059850968009","45.8435835137981","49.7170697533901","55.2993920196832","51.7580205118519","50.3674760951217","49.6067179750537",
"Finland","FIN","Exports of goods and services (% of GDP)","NE.EXP.GNFS.ZS","","","","","","","","","","","23.8679331701909","22.5660822353178","23.6510258767688","23.6021435916882","25.6786157924898","22.131636296717","23.5449337234752","26.84890448674","27.8578389190856","29.5759425658263","30.8199643493761","31.2918735713723","28.8815666479716","28.7141779788839","29.4955278619812","27.9982825246887","25.6541578913779","25.0066475610837","23.9098410877472","23.0273883273557","22.1450244052592","21.2660936798868","25.543132120869","31.4168905501694","34.0743110561966","35.7994596461292","36.3572178040146","37.7920624029468","37.4521510242379","37.6126978122439","42.0483040781312","39.7682089438709","39.1471301535974","37.3294488313537","38.6195122873108","40.2785031518346","43.0831708713938","43.8289523626236","44.9027814242251","36.0833081134619","38.4130493709706","38.9673926791632","38.9349130144028","38.250195334575","36.8060042262758","35.7815711349623","35.3333302428645","38.1663150961701","39.1492205860158","40.6183181143561","36.2143434283611","39.9217732469328","46.2847802806846","42.7684474643322","41.9032366762925","42.3266920911003",
"Fiji","FJI","Exports of goods and services (% of GDP)","NE.EXP.GNFS.ZS","","","","","","","","","","","","","","","","","","","","","48.5412169826962","43.030303030303","43.2279504221304","43.6088212564506","42.8291382419823","44.3330294743239","41.6638161045358","45.3112203112203","56.3618039808516","62.6696209667903","62.3434343434343","57.3114593535749","51.897360194512","52.3567888999009","56.4064195129251","55.2961131762243","62.8648901981789","61.1512460233298","60.9377378596438","61.2018562701555","65.3864457072474","60.9542796384902","61.8003591739","60.2701091442722","54.2008480535254","54.0674603174603","50.0816794036465","48.6020477564751","57.124778718287","49.4364117251897","57.4344020565171","59.2805929796761","61.1111436965945","56.8734283161838","52.3342755939207","48.8367555799083","46.6472413870702","46.015565038712","47.7487957741689","50.6482147032588","31.405481454014","34.210067932416","49.9803801684568","57.5069787068294","54.4059095106187","",
"France","FRA","Exports of goods and services (% of GDP)","NE.EXP.GNFS.ZS","15.6012308748003","15.1978870940619","13.9369577892821","13.6946930225148","13.8853769499557","14.3785411883649","14.417701778419","14.3500068632327","14.4084067964573","15.1660405952826","16.8894682746224","17.3949015650114","17.5409895241116","18.4813660125426","21.7154098031687","19.8582601722986","20.3933033140476","21.2876167461646","21.2810527877112","21.7147125939122","21.9991162581018","23.0510574793901","22.3846907073758","23.4350481464425","24.9067372082906","24.4157920807467","21.3836921824756","20.6318351889601","21.4222373189491","22.7941107319517","21.9887012598388","22.4142688669444","22.445403889811","21.816309385317","22.7505122935097","23.6896549224157","24.123002754589","26.6303250476944","27.2527671033937","27.2069773242695","29.7580489893129","29.4306035099419","28.7307017592768","27.1369676673944","27.5381038597962","28.1635565257399","28.9278484836141","28.8585344688926","29.1990596782502","25.8809482311608","27.8264880915553","29.538847336075","30.3556786527444","30.5912853427773","30.741812901515","31.6934947262689","31.498210070063","32.311834044929","32.9179818922164","32.8895429451147","28.5572228192655","31.2880499332105","36.6160484268785","34.4562568778842","33.8897542343832","33.3928225145364",
"Faroe Islands","FRO","Exports of goods and services (% of GDP)","NE.EXP.GNFS.ZS","","","46.4794151596768","41.65061014772","36.6685456595265","41.9185610791906","32.351618705036","38.5283264597352","31.5197381877685","34.6519589197413","39.403453689168","37.8719934773746","38.839985529965","48.328890711503","40.515300592012","35.509298232188","38.6177370030581","41.2855021792231","35.3161037421943","33.6073562439086","36.2412725833153","36.4953846153846","33.6810810810811","35.1438202247191","38.0779691749773","39.8808300801315","36.4729099390025","39.8251978891821","36.4570552147239","40.1945403200502","43.8277833837874","48.3665749656121","48.3935378471592","43.7981353871099","43.5764608371322","40.7326732673267","49.8431509236668","48.7433111723691","46.6505464222513","48.7619168679293","51.3355592654424","51.563163399505","49.0637262206328","46.7723840999363","43.7018542174738","42.0458637354307","41.7995282822306","42.1294441957449","45.9747748883304","43.6586534946258","46.7226365313935","52.4344736333497","52.5587680927487","55.4429625707383","53.4142881600509","53.2164924640527","54.5363339704935","56.3652995883519","52.8180066352782","55.7697162765718","47.4283685358823","51.9804810937466","61.3744038777265","57.1947583465234","54.5562557930637","",
"Micronesia, Fed. Sts.","FSM","Exports of goods and services (% of GDP)","NE.EXP.GNFS.ZS","","","","","","","","","","","","","","","","","","","","","","","","4.28009141752146","","","","","","","","","","","","18.1876051470923","18.4718258476259","18.1020092251753","18.935842594192","16.5746695770559","18.2913445357657","19.4595573289135","18.5142873493137","19.0911056613844","15.7087112445927","17.0040485829959","18.4","22.9249011857708","23.3716475095785","22.0216606498195","23.972602739726","25","30.2469135802469","30.5732484076433","32.5949367088608","28.525641025641","28.1345565749235","31.3019390581717","38.0710659898477","35.4430379746835","22.7941497875987","19.6628259464523","28.8994441432748","22.1231146817116","22.4475615608787","22.1204724773494",
"Gabon","GAB","Exports of goods and services (% of GDP)","NE.EXP.GNFS.ZS","34.1709866594221","31.2116929841637","31.7142574775686","47.1029950587534","41.8918698703132","43.2432432432432","39.7351059164083","48.0539071856287","48.4224832860128","54.6554602013933","49.7206592802996","66.3176974310181","73.0874377880184","58.8454314090627","57.546408393866","49.5242214532872","45.5847587261855","51.5937409446537","61.7581602373887","58.4858827179646","64.720194647202","63.3635064316341","61.594751450921","61.3247697902964","59.092661611618","62.5724758413862","35.1913124628828","42.6949203879677","36.7305839700992","45.7955821789592","46.0385042576823","47.2634592944107","46.0755528555794","48.7946135128426","61.6756399787038","59.3869990303814","62.6632449876408","61.3040108069859","47.4063516068053","59.6125043538837","69.0321767086082","54.2752324798833","52.6088996947807","51.9294344950898","55.0391552768837","60.0086727573886","60.5718165208079","58.528604586134","62.1997120113374","52.1717321839785","57.6634923763037","61.7443721274506","60.9503414381301","57.3574058813271","44.5208923945675","46.0320085043705","44.0353472921111","50.2267539725926","54.2990764910062","51.4310732271996","47.5994828157319","60.9391204926094","67.5787331931406","63.7282777796674","64.5782984798737","55.4925877518666",
"United Kingdom","GBR","Exports of goods and services (% of GDP)","NE.EXP.GNFS.ZS","","","","","","","","","","","22.0354796055169","22.1190814985212","20.8504790313575","22.6824655826145","27.1014923511334","25.6676903929572","28.3051564310545","29.9817181200934","28.3065550373081","27.6663891207132","26.8961069038285","26.2535027965141","25.9026311504881","26.0333968006291","27.8304888945254","28.1867599035806","25.1047432313538","24.6182889037536","22.1704755594904","22.6410077809473","23.3296356994703","22.5955537790563","22.923527381466","24.831931347088","26.0778732038283","25.6967602854533","26.2671449164796","25.6189888987303","24.3214027865864","24.2105152537386","25.5563430576261","25.4493099773846","24.4315052325124","23.9686749011091","23.9845291728171","25.2070017509366","27.412859926391","25.4079803883281","27.3794373670982","26.7073659504747","28.7463664387355","31.2649218986254","30.4995388300455","30.2076160154538","28.5320090066163","27.8790736176463","29.0615561502528","30.9738310965649","31.854534000688","31.9028602803155","29.9486520576829","29.2894071087705","34.0619283837069","31.9122697629938","31.0561435739375","30.5969582161816",
"Georgia","GEO","Exports of goods and services (% of GDP)","NE.EXP.GNFS.ZS","","","","","","","","","","","","","","","","","","","","","","","","","","","","41.4996131391995","42.257360959651","42.4968649853699","40.0908726446612","27.7486910994764","35.656836461126","46.8887411644884","57.7721046215228","25.5018957089734","13.3262039550213","15.6102241542076","16.4587343939786","19.0555929931025","22.9944664162433","24.4613664968535","29.229275751073","31.4557279807569","31.1289353948882","33.2590418986481","32.4708663587118","30.818298438254","28.2633198601303","29.5452018236406","32.4674667027857","33.8634422774819","35.6395798831416","40.9414942686526","39.1818857575184","40.1372493342596","39.9992925341285","45.8765524915336","49.6955410587561","54.3043084100873","36.9003241679889","42.6743612080891","52.4788792204227","49.2670598313658","47.8150660758993","47.4056403368221",
"Ghana","GHA","Exports of goods and services (% of GDP)","NE.EXP.GNFS.ZS","28.1933256616801","26.1290322580645","24.2147922998987","21.1818181818182","19.9029126213592","17.1214188267394","14.6245059288538","17.4202127659574","20.3529411764706","19.7401299350325","21.3368747233289","15.76","20.7104795737123","21.4510139960011","18.3261802575107","19.3639977285633","15.7064051486362","10.4989698109827","8.35795292099495","11.2323719084402","8.46634929524876","4.7558725525294","3.33830724919319","5.55591779958487","8.04402704011295","10.6544856696439","16.5760970525604","19.662600536193","18.1833834984151","16.7426373151832","16.8778904107735","16.9635460585641","17.2259554921286","20.2539190620077","25.2586359269933","24.4964459408904","32.1121821725595","32.4102909291879","33.8713517576318","32.0783389537313","48.8022576190038","45.2330164667316","42.6162518930867","40.67904265112","39.3033251214107","36.449216950714","24.6561904908957","24.5250906044049","25.0294572995074","29.2918659785048","29.4767179831573","36.9366085502594","40.3592181740371","25.4407833967285","28.2319021605976","33.8317048233696","31.193239148362","33.8768747799681","33.4548954489265","37.4495998625311","31.5254204867115","30.0551194696231","34.6640435523209","31.7708164943996","35.0557831990043","",
"Gibraltar","GIB","Exports of goods and services (% of GDP)","NE.EXP.GNFS.ZS","","","","","","","","","","","","","","","","","","","","","","","","","","","","","","","","","","","","","","","","","","","","","","","","","","","","","","","","","","","","","","","","","","",
"Guinea","GIN","Exports of goods and services (% of GDP)","NE.EXP.GNFS.ZS","","","","","","","","","","","","","","","","","","","","","","","","","","","21.3239484615032","21.6939248939982","18.4301901869829","21.3251149897007","21.312519631137","20.8020127872002","17.0599088238557","18.1873276749985","15.604368268496","14.4840415033157","13.1646939867137","13.415700645078","14.5991910581531","14.8411635808342","16.8193583183757","19.6002796228163","18.1594392886496","17.8020725505263","16.8893836527306","23.8572578868436","23.8243077612927","23.5509559790113","21.6404621100491","22.5157883196913","30.341207018784","32.6022412863238","33.137394501583","26.4706217253735","26.6885109662704","21.4968719824351","29.3715126043271","44.6602984531211","40.2070955328741","35.0420493356329","46.969818134712","56.2186332783709","45.4186514317354","44.1320630492989","41.3930067703478","41.4119356368784",
"Gambia, The","GMB","Exports of goods and services (% of GDP)","NE.EXP.GNFS.ZS","","","","","","","36.1706143128562","40.5214702450408","39.9904373177843","40.3928799149841","37.7915557595227","32.3672489082969","33.7730574324324","35.10265625","38.9730323367907","44.7085714285714","41.0568517994186","36.7355007940942","33.6812220982143","34.9595566314545","42.7362117947004","43.9610919071626","44.3343868056983","50.4882900411417","51.124937067338","43.8648501052392","46.6241521468575","49.4180868785238","50.3657173202158","55.0599839853348","59.9027362567641","29.4389196534377","30.5927066695166","28.1920156527405","21.239618008448","23.7756490416755","21.7986715984453","22.9322025464249","25.3055746540899","24.3973610833853","25.7986743189831","21.8207981338634","27.1573845831505","31.0937864451292","20.5947828682591","19.9032907784291","21.0347123388331","18.0329574603162","14.4752001750388","15.7461075261153","14.6678148782972","16.8594044684804","19.8416822348377","18.9791643659006","21.8368954439609","15.5708485829147","12.7556347921577","18.4807348225843","22.2881797710858","20.1658912380486","9.60764388834478","6.61733476020691","8.56985063226593","7.05322372905498","8.74884228082436","12.7304316126942",
"Guinea-Bissau","GNB","Exports of goods and services (% of GDP)","NE.EXP.GNFS.ZS","","","","","","","","","","","3.99992642811937","4.1581149365445","4.35556853967738","6.05983612412714","5.01836659966606","5.18490679317482","5.27257890953978","9.30433002467787","7.73468584949125","7.27220912622875","12.6875588920639","11.193158025473","7.84023610638863","6.00914827256402","13.4012084121376","9.75799167635419","5.23521901754952","11.3670030014894","12.440895948851","8.89071894959486","9.93598936591921","9.98248723425552","4.90248990313934","8.86943637990046","16.4544077402239","11.6671695917697","10.52440404948","4.90299103846216","4.1058776188739","8.32895324919587","13.0927844637276","10.0791893849037","11.4555665661405","11.9317538468321","12.9332446603251","13.5628027893561","10.3775627660013","11.1203023648924","11.7665758206639","11.128308041919","12.6394156999785","19.2980958159564","14.1167775647259","13.2144211714798","16.6941209486516","25.0467119622253","23.7747310385206","26.5343804075435","25.4768673297515","18.2810341557162","15.467909830974","17.5423365338781","14.7515086024106","13.7413098032507","12.6982986406255","13.8662930962048",
"Equatorial Guinea","GNQ","Exports of goods and services (% of GDP)","NE.EXP.GNFS.ZS","","","","","","","","","","","","","","","","","","","","","","","","","","","","","","","","","","","","","","","","","","","","","","87.4173831312055","82.3256504465367","88.621293972478","89.2243501802952","74.342209937853","85.7584331985967","75.0953126579793","71.9049918240751","67.6533166625479","65.9632885983728","56.6584738218082","51.4128299447575","58.8631052137026","59.6145347244398","51.1307495482003","40.8454498501516","45.1275510492817","52.9670852025114","37.8045825137903","44.9766162904941","46.5199788593141",
"Greece","GRC","Exports of goods and services (% of GDP)","NE.EXP.GNFS.ZS","9.86566267941313","9.44717364857963","8.31788483336611","9.03639646117294","7.61728936615559","7.62209645477615","9.31214689644262","8.96040612162786","7.95718907170694","7.66605978390214","7.8525660702352","8.12547632116189","9.0947805778914","11.5927430409234","14.1610455446121","14.0872649323694","13.9946543355634","13.9264728000705","13.6002420763658","15.1154352229147","19.2497665291446","21.3072166731938","17.1429285968976","16.4127796784334","16.7363568518822","16.0717576428319","17.6264806670144","18.0543844688699","16.2518454121946","15.8844354141675","14.7217614280493","14.1450368627979","14.8216253119647","13.993749701303","14.3900606608583","14.3698138940673","14.3133826805479","16.3703291341876","16.4859160819922","19.4159179149726","24.0112579525333","23.1597595757815","20.3831024226226","18.8734923843085","20.6093109136223","20.9925302883149","20.7749728037536","21.7481874684459","22.7847919983615","18.7298820095072","21.7288294018439","25.3075993531569","28.9658220302701","30.3271984442629","32.5150455771625","32.1863593046186","31.179360220916","34.7793593671863","38.6308100555801","39.5602885530263","31.4504324884115","40.260408549747","49.2316205589503","43.8388384656123","42.1116783220502","39.4617692969977",
"Grenada","GRD","Exports of goods and services (% of GDP)","NE.EXP.GNFS.ZS","","","","","","","","","","","","","","","","","","","","","","","","","","","","","","","","","","","","","","","","","","","","","","","","","","","","","","","","","","","","","","","","","","",
"Greenland","GRL","Exports of goods and services (% of GDP)","NE.EXP.GNFS.ZS","","","","","","","","","","","","","","","","","","","","","","","","","","","","","","","","","","","","","","","","","","","","37.7958046861305","39.2867282735124","41.0606593287719","37.8031157331997","36.202264989018","36.9791298751246","30.7311174683694","34.0559738599233","37.9979322930038","37.5119902093739","37.7008521502702","38.4728230205003","37.5798451272169","40.765047712594","40.692233747059","44.4545789045455","41.0427004962382","35.9658236365076","34.0554688971416","40.7900871498763","40.7986421686905","","",
"Guatemala","GTM","Exports of goods and services (% of GDP)","NE.EXP.GNFS.ZS","12.6389433345097","11.9531914138749","11.7873382301504","14.2857142857143","15.3875771986435","16.7868421801744","18.9401021068527","16.2091503267974","16.7339335610059","17.803428809807","18.5714285714286","17.2863764611044","18.9073430733356","20.8819857978365","22.4070859530946","21.7230313502839","21.5723995339427","24.4557969361994","21.4756359675935","21.3484767667697","22.1864013098608","17.0897478795325","14.7871967920338","12.9944745637801","13.0021117951203","11.9482295185845","16.051899759743","15.8489083812073","16.103675330358","17.3074488681037","21.0275209423808","17.9526059616575","18.0659894300903","17.703031106822","17.5199449479992","19.2590440307493","17.8101172991418","17.9561080230154","18.1716066211","19.0049241253611","20.1950343956927","28.6635482851857","26.7262767971618","26.1810997164793","27.4194097089723","25.454901513817","25.3398334344627","25.9805176037841","25.1243459208619","24.3678264820599","26.2254643341594","27.0677057848772","25.267092636425","21.9981664670011","21.7443606885213","19.8299071093932","18.753087949948","18.4950394164293","18.1693258488802","17.6119727745274","16.3436118075967","17.6296569856584","18.9517853338562","16.6174908714024","15.8834632887959","15.5591718853697",
"Guam","GUM","Exports of goods and services (% of GDP)","NE.EXP.GNFS.ZS","","","","","","","","","","","","","","","","","","","","","","","","","","","","","","","","","","","","","","","","","","","21.2728344136712","17.6800224152424","21.8661152752649","22.6916686446713","23.7140160453044","22.8564930634524","20.8887934735938","17.3570836785418","17.0943624974742","18.6195826645265","19.0693257359924","19.5036117799593","18.8413547237077","18.0720813933437","18.9628876461617","18.9755529685681","19.2530160304082","22.2501966955153","6.40635564570656","3.09592556945781","7.88712011577424","","","",
"Guyana","GUY","Exports of goods and services (% of GDP)","NE.EXP.GNFS.ZS","48.7320082248115","52.0715630885122","56.6427289048474","62.92731496847","57.1129080563043","55.2551724137931","54.9897119341564","57.4418057841524","58.2372143634385","59.2458884877657","56.4600448095594","58.4116291437688","57.4670448857","52.1867245657568","68.3460773017702","74.88","66.0769298477247","63.2079665688628","63.0827482842944","59.8069527184979","81.2864655172414","68.9229849043823","52.7800829875519","45.8787465940054","44.1611518844767","48.0871794871795","46.3041495992696","79.5683401563068","63.6297719581869","66.3407608716802","62.706670770763","102.314529076631","125.748453374417","114.322592517421","104.104425290405","101.210568427252","102.621309314357","99.6600655297052","95.9327548902846","96.5084717132055","96.0799732120736","92.8742833412542","92.3031854232478","89.6766919563527","95.5626731827216","84.6228685715672","","","","","","","","","","","","","","","","","","","","",
"High income","HIC","Exports of goods and services (% of GDP)","NE.EXP.GNFS.ZS","","","","","","","","","","","13.3290515364506","13.4826141547575","13.7636949987743","15.3524206635858","18.2762307756652","17.6487101231778","17.9692534867782","18.0268212727125","17.7743307435929","19.1269537666239","20.6484185510096","20.4742833581004","19.2579421826571","18.2328065200586","18.5181609541438","18.0221552184155","17.1284429198424","17.4743309809452","17.832848290839","18.5097234038811","18.9674836269668","18.6875695899768","19.8396517492281","18.8534882100851","19.3304134127709","20.6181460861151","21.1679897898394","22.1155833347545","22.0530908980414","21.7220515397154","23.1558044933404","22.5748047585015","22.5199537985737","23.1323508730885","24.8679652439823","26.1154478729834","27.8966301481989","29.1930902291773","30.667130220323","26.4981905544197","29.227833576806","31.5762413472245","31.585263175356","32.0333919382988","32.1051627518171","30.5769100718406","29.6437654449568","30.8362331854328","31.7298843775195","30.8511192720229","28.4327438525517","31.1569350531957","33.69537847418","31.8311075332187","31.4497005095937","31.7468572222019",
"Hong Kong SAR, China","HKG","Exports of goods and services (% of GDP)","NE.EXP.GNFS.ZS","","83.0449362843729","78.3469552204443","73.0795051309101","72.9222745625841","68.8239088368093","75.9067357512953","80.626817447496","90.213512369201","94.9683593147091","93.1879165584697","89.3557212998014","84.3882904417471","85.4211532412224","86.6342082980525","83.399544253766","89.4420165938312","83.361988974401","85.5843883332168","89.6318250791989","88.7452217325006","90.5333625229004","84.8687533481289","94.0671296615903","103.956991053162","103.919777943968","104.705405194603","112.770473946855","120.133197160978","118.329239336661","117.269080326271","119.332352605078","122.666484952858","120.357676072223","119.292594392203","126.208617290703","121.684512519621","115.041479648353","110.834708128133","112.718574496907","126.031457172742","122.769694703522","132.076763164041","150.775979991549","167.775897168379","177.45291670355","185.185163012497","186.412407406061","193.415176806617","178.135055401704","205.322597352297","212.852416474103","215.849565476503","221.610060304774","213.090413516784","195.89760161449","187.005128888725","188.902399636639","188.339507002291","177.651315174364","176.304482446886","204.014263732608","194.488098993137","176.854196785869","181.62493830097","199.757696650493",
"Honduras","HND","Exports of goods and services (% of GDP)","NE.EXP.GNFS.ZS","18.4274151161568","20.8623087621697","21.0348389520143","27.2357723577236","28.9967856538657","35.1585899700484","37.3835151340027","37.2461548704974","38.5737936108897","35.8064898152534","35.15590446705","36.4286086911159","36.4478727016931","41.4295843304086","42.7353177795656","42.0021803691591","45.1550997294406","47.9691692534329","46.3016731769473","48.3680593040412","47.3699912071348","40.6405277285967","33.4148363033568","32.9718399708375","32.8333209260776","32.1893122010951","33.7115658400799","29.7394921190893","34.1783699857016","39.3921245695463","47.3629372041078","44.7319317690724","41.5679181188512","45.4607708504989","53.1481089911626","56.8767045023411","60.6949885776037","59.7252395380878","59.1772250487079","53.8257232287652","53.972182998888","51.3817002306282","52.730582054494","54.0940274951722","58.4229834527808","59.0058417153113","56.0546420538277","53.5090115392915","51.3252766875914","39.5302508197518","45.7589061967483","51.2576866755535","50.9027988216362","47.9414903194725","47.5626547300206","45.1667574562581","42.7141047814182","43.0938548370178","41.4548165613247","40.2185209903792","35.8751401030378","39.3653983599255","42.4391817948962","37.3686804713719","33.9216124364928","34.9917417691344",
"Heavily indebted poor countries (HIPC)","HPC","Exports of goods and services (% of GDP)","NE.EXP.GNFS.ZS","","","","","","12.4776772137299","12.1252266286692","12.7654671894337","13.1337599571492","12.6410667259747","14.8771853309548","13.6903351439819","14.1302581679014","14.1255691438221","16.3492685691772","14.9889819753265","15.870565627449","16.0486069156508","15.1918532446434","16.3357146108912","17.0669921889582","15.6210545884946","15.2172936757308","15.010333878633","16.2262796577676","15.0852100251653","17.2575529113309","16.4600158798173","15.3127388458225","16.0550051676647","15.3142093970388","13.7070683758001","17.2186949378879","16.711057162963","20.3153323478056","21.5690495386454","21.3632462849514","20.5257736781341","20.239064238323","19.5998710034572","19.9983951131289","20.4619007571638","21.1449007426686","21.4410163131752","23.3536771162215","24.2175006933571","24.7246995821627","25.1004813802512","25.8029931107117","22.4915899939512","25.3697176728853","27.266225874364","27.1259944976254","25.2490709831911","24.5807846172579","22.0172608416931","21.4072443386927","22.2140193396153","23.2133413538237","22.8067342866393","20.43119760415","22.7675801258044","23.8953638059978","22.5471919096994","22.6348440511827","24.1692383963972",
"Croatia","HRV","Exports of goods and services (% of GDP)","NE.EXP.GNFS.ZS","","","","","","","","","","","","","","","","","","","","","","","","","","","","","","","","","","","","27.3097480274879","30.3072303072303","31.0432569974555","29.135995583364","30.1358196243668","35.0886709785103","37.1330952011182","35.8907304661272","35.5457842539397","36.5623048791366","36.4030844918604","37.546214231451","37.4647496648329","35.9746536354849","32.1015287508114","35.5033044103763","38.0508643396268","38.7042039695475","39.4700634681106","42.4177587590265","45.4314058216943","46.6194340495312","48.9161907825947","49.1104429591895","50.4917495355699","41.2797572126754","49.7866067908747","59.5122239805954","52.5673730204834","50.1414353064432","47.9720354934122",
"Haiti","HTI","Exports of goods and services (% of GDP)","NE.EXP.GNFS.ZS","","","","","","","","","","","","","","","","","","","","","","","","","","","","","16.3021321025516","13.0154191669617","11.9101836010311","10.3114454832107","7.5715114031697","10.8453501424747","6.42072655589975","9.13356386088413","11.3276309301777","10.4525423101137","9.90047145102148","12.2491119646519","7.35798043194839","7.0257750983534","6.28442947052392","9.27243551684809","8.37501274392717","8.60730926012051","9.02116806690294","8.4436893222519","8.79139007136153","8.91611581819929","8.57028815816493","10.0831141670054","9.65509365703807","10.5162857583955","10.9748356235428","11.767746984448","11.6019709432331","11.0034703442067","10.7808225917355","10.5576734334849","7.65100448067923","4.35213301018327","3.91430894905528","3.19960218811037","2.19043620968954","1.55997335042545",
"Hungary","HUN","Exports of goods and services (% of GDP)","NE.EXP.GNFS.ZS","","","","","","","","","","","","","","","","","","","","","","","","","","","","","","","","28.710600330961","27.5595708401719","23.1454729965833","25.350032297858","39.1102749102395","41.7711238743212","47.8429419192775","52.884895311527","55.5729749592902","66.7818415655251","64.7946703854209","58.0673383688733","56.3436633595853","59.5641177697341","62.5215212771297","73.8064864785301","77.8221656386034","79.2039448630126","74.3529496218046","81.2535035455015","86.1931503181868","86.0876097061215","85.3937852070622","87.0271641102673","87.4348841373907","86.1114634598119","85.7461533449483","83.3967795001256","81.065700696964","78.0879317443048","79.4114343821378","89.810135261602","81.3874893501556","76.1979120113902","72.6304321068483",
"IBRD only","IBD","Exports of goods and services (% of GDP)","NE.EXP.GNFS.ZS","10.709576228647","10.8236970981269","10.3925068094211","11.2788447071339","10.1151472555075","9.87868465163261","10.1351779355968","10.1137173372136","10.1521458493091","10.0481089539638","10.0191776082097","10.2215343094163","10.8677090136252","12.8309494953458","16.8714916921935","15.1479930436583","16.2184368194908","16.0699798274505","15.6781690338759","18.0133334564338","18.8514328145112","16.9893850892377","16.8382614174393","17.4517048225471","17.7115797998346","16.540705134247","14.2890664748318","16.8368854614555","18.3053499824262","18.9912132937099","17.9498374958684","17.911606059801","25.180532741846","21.2300425835961","20.5714855971315","21.2508044420863","20.9856535281912","21.5362603975982","21.5316453922905","23.2631476996917","25.6397131154205","24.919479432662","26.7890431100518","28.5129669415759","30.7031170338508","31.630742995067","32.5085659031154","31.7112784692712","31.7659488813773","26.3424109962744","27.5942020247932","28.3248696253826","27.7686189715752","27.0595916088936","26.3961293929181","24.703707588817","23.5524442425685","24.1077620585618","25.1995449516134","24.3239969408622","23.2689567414964","25.5481640271423","27.2978154127177","25.487706894082","25.8578933505333","26.1345631356604",
"IDA & IBRD total","IBT","Exports of goods and services (% of GDP)","NE.EXP.GNFS.ZS","10.9543969948576","11.0664108511017","10.6904155717617","11.4088683626237","10.5385731181333","10.3075357421213","10.4874777758315","10.4976113539743","10.5819169812908","10.3911976141238","10.4211889359907","10.5701636840403","11.145139292749","13.0585654315369","16.6845075431024","14.9395096231603","15.9591298936445","15.9468341854534","15.4838798086723","17.643208947175","18.3978744023765","15.9127169645741","15.7955997140109","16.6752342765172","17.1748076191561","16.0857778807982","14.3578717326277","16.6912795983893","18.0195908824487","18.7618768997348","17.7670779553502","17.6703403733581","24.6700409058362","21.0445268861263","20.6345477106104","21.0754750989574","20.6471686834199","21.1286469894476","20.9918859562025","23.1450356298531","25.2953156059216","24.6613300932224","26.341295171977","27.9297508526991","30.0358826124894","30.9606411286635","31.7367877450292","31.0517053033749","31.1247792782266","25.9070403425547","27.1484695194826","27.906744330757","27.2825314269091","26.5260539195282","25.8271020119773","24.1421857820304","23.0640547064129","23.7009834030973","24.752924611129","23.7680820143478","22.6781063887485","24.9956393137627","26.7156510846024","25.1316363342294","25.5974832209527","25.8553692142377",
"IDA total","IDA","Exports of goods and services (% of GDP)","NE.EXP.GNFS.ZS","","","","","","","","","","","","","","","","","","","","","17.8547818392452","12.165031676175","11.9086703992517","13.777429481114","15.6734133739084","15.089381917956","17.7328750808766","18.1418908752241","18.0562111576259","19.4785136497257","19.0110885639653","18.8238711015022","21.888082006089","22.4883714220825","25.5880815210176","22.6985744395002","20.1821543939479","19.5862753785777","18.4400289023062","24.9020817997199","24.1085999805005","24.5127925953112","24.0932608092046","23.8818407055365","24.7180329566766","25.271003113041","24.607366408176","24.5529753725708","24.8274678673078","22.4000633324752","22.8898243594477","23.4881685726703","21.3370018587391","20.1843913984551","19.5398056742074","18.2576773557926","18.0499627106844","19.5023746031626","19.952865739397","18.2929812562651","16.6026471751168","18.6435788639878","20.364445509622","21.389481020745","23.0527356761793","23.6663370579335",
"IDA blend","IDB","Exports of goods and services (% of GDP)","NE.EXP.GNFS.ZS","","","","","","","","","","","","","","","","","","","","","","","","","","","","","","","","","","","","","","","","","","","","","","","","","","","","","","","","","","","","","","","","","","",
"Indonesia","IDN","Exports of goods and services (% of GDP)","NE.EXP.GNFS.ZS","11.5325474115838","11.0614762816422","5.1681521983372","9.06881077038145","12.2520501857433","5.2762547448334","12.7572016460905","8.77565463552725","10.8694615347928","9.0139808682855","12.8443113772455","14.4199346405229","16.5162138475022","20.0536026297865","28.9979454613373","22.547755586316","22.1740901420471","23.4909813946883","21.8671414754243","30.0658227531897","30.4741702735352","27.6304440372406","22.379034286615","27.7454082629556","27.3149786111737","23.7776707966994","20.4956024570461","24.5768000967818","25.041659395038","26.0875546625977","27.3057589781449","28.3512610672578","30.3074635078275","26.7548134217247","26.5114278515733","26.3121650131426","25.8245519820943","27.8592432831317","52.968134566078","35.5141290838601","40.9773084738704","39.0321390955111","32.6876208878375","30.4776547809661","32.2166946182599","34.0672676279992","31.0347163143166","29.4357184851264","29.8082841673732","24.1591196686279","24.2990309366408","26.3273530888836","24.5943787881769","23.9235763793605","23.6659845969367","21.1601792598059","19.0889938536664","20.1773044351106","21.0027464972455","18.5915277970883","17.3311682848923","21.4165556390653","24.5029116862832","21.8085632197562","22.3096487702606","22.8465482987858",
"IDA only","IDX","Exports of goods and services (% of GDP)","NE.EXP.GNFS.ZS","","","","","","","","","","","","","","","","","","","","","","","","","","","","","","","15.0846947953263","14.8087311120955","17.8757020177609","19.3185614277804","25.4324955688619","24.9861409285746","23.1350649775902","23.3004613493846","22.8962944046026","22.9690243213092","24.3830528703873","25.0454262150339","25.1093346362879","24.3039570540445","26.5483185713699","27.8639061796039","28.3253863481915","28.5800615639772","28.4155415137032","23.9771212836543","25.4978476320216","25.8588898403051","24.5821943903751","23.4263275959373","23.3222627753459","21.4422986428305","20.4206128612929","21.0951007084584","21.6766403096197","21.5243012965568","18.8646660373864","21.113191522239","22.5480694627667","22.2709549018448","21.8246256823047","22.8446342447197",
"Isle of Man","IMN","Exports of goods and services (% of GDP)","NE.EXP.GNFS.ZS","","","","","","","","","","","","","","","","","","","","","","","","","","","","","","","","","","","","","","","","","","","","","","","","","","","","","","","","","","","","","","","","","","",
"India","IND","Exports of goods and services (% of GDP)","NE.EXP.GNFS.ZS","4.46315645554752","4.30358618999823","4.16897528321772","4.28050338490125","3.72555117263129","3.30747278088062","4.14255065953483","4.03444499534157","4.03877100579767","3.71384282048158","3.78282506202996","3.66720521706169","4.02748926155276","4.20876319232872","4.83132100337","5.64706215785578","6.68651286166981","6.38317181373801","6.3148252345082","6.74963815730053","6.13955113216183","5.93602662657806","5.98329984863978","5.83762942427856","6.28340139288612","5.25455499628708","5.19622166035989","5.60458088400396","6.03521975491128","7.01613027794311","7.05335023414457","8.49424077053547","8.84292692502088","9.83421745486326","9.8880849164454","10.8439680350622","10.3851692716063","10.690717318379","11.0184691793102","11.4520646128009","12.9972363113479","12.5583796339108","14.2643839243147","14.9479138581734","17.8591249630479","19.6052466948335","21.2679414221966","20.7996997489032","24.0973572601391","20.4005193743564","22.4009332487945","24.5404113195713","24.534430661418","25.430861300519","22.9679630081172","19.8131891564045","19.1582349105946","18.7917648392982","19.9278285988562","18.664264897257","18.6824769296756","21.3991583305515","24.0401716365956","22.354801966733","22.0639816354399","22.2630410669804",
"Not classified","INX","Exports of goods and services (% of GDP)","NE.EXP.GNFS.ZS","","","","","","","","","","","","","","","","","","","","","","","","","","","","","","","","","","","","","","","","","","","","","","","","","","","","","","","","","","","","","","","","","","",
"Ireland","IRL","Exports of goods and services (% of GDP)","NE.EXP.GNFS.ZS","","","","","","","","","","","33.0917946052338","32.3241238567407","30.9359416357264","34.0193867582448","38.107552605225","38.2219576149043","41.4100458321707","44.2168080357933","44.7005294795216","44.511014432948","44.3621967554696","43.3751670247707","43.0365512739004","46.9542417846796","53.310212641078","54.0378493126467","49.0991239365685","52.4398145021973","55.5924081244684","58.9282298670557","54.7062192383618","55.5818364574401","58.4054636243813","63.366966997161","67.9600321066691","73.5199805547023","74.9070020586701","77.1247806345089","84.3240502327877","86.4600758221796","94.3894347338897","95.2243726376591","90.449466813067","80.8405847264703","80.4755660009134","79.5276864075247","79.0346632772547","80.8367880723601","84.3332733545791","93.5561576841509","103.327078355769","102.41088550995","103.821695189581","109.746480737327","115.097265448513","126.687521960845","129.178433843871","128.496270792904","125.968715436882","131.224509342169","139.811889906845","136.397670222851","139.505980538698","136.52636667411","143.984601661031","140.066665278394",
"Iran, Islamic Rep.","IRN","Exports of goods and services (% of GDP)","NE.EXP.GNFS.ZS","13.8490784602709","13.7321474375069","14.4973556852967","15.3310055451196","16.3982824485537","16.1502749214561","16.2943923545687","17.2965382072638","17.4791855915173","18.02808464112","18.4655449709926","23.1052230002677","22.9474577574865","33.440076025627","47.3709309039233","40.7357359295888","37.2050049388261","30.7953035113143","23.4745372685569","26.7463359168872","13.7360257627531","12.3697234024447","17.0902700995608","14.5338241660556","11.3134389053871","8.88359538145449","3.73161572002006","9.15740321103242","7.28516040724546","9.82726963320096","13.2787418004901","13.8243202860364","13.1645906691731","25.4101116466448","28.2861924143561","21.6762407043299","20.1951302398727","17.2779308650647","12.6833809123619","19.292023195998","21.4670575678483","19.3033203562353","24.4139021536457","24.6274728309232","25.266928255823","30.3308191865397","29.8690352505831","28.8436124054165","26.5771274521598","22.7114891378215","24.399653282909","24.9333131264674","22.4753001992586","25.1829067419072","22.8306723891643","18.7208345068656","20.3097816144481","21.8329309946109","29.639694129412","22.3147082096412","18.3903748639131","22.0192078360416","25.5666185174995","23.9216475542357","23.5514720983508","25.754375261588",
"Iraq","IRQ","Exports of goods and services (% of GDP)","NE.EXP.GNFS.ZS","","","","","","","","","","","37.3325369058793","43.6548594847775","36.9258853596203","46.3284465020576","61.039724778735","52.3287119744357","57.369826435247","56.1981496022669","56.6780675502351","62.453435059818","63.4873531295377","31.6192087706775","26.3513885502607","24.6208699786071","25.6637046505714","25.1448860229952","16.5015015015015","23.2221590909091","19.6874260248454","21.9650233488012","7.69831832852047","1.29041072656861","0.582407539328146","0.0755486839761241","0.0355659907118372","0.00537675930738319","0.00916177369600626","63.8470089465787","77.898988648591","77.634883408788","75.7037742203896","65.2733913946118","70.5700515170938","77.3927188812537","56.2709085305741","54.3478705800752","51.0319429912104","45.8998391733957","50.3283072215829","39.4001102563314","39.41682921428","44.4175230392819","44.5084353612381","39.6635365352026","38.9417264514779","34.5141464410956","28.1085236792986","33.9160634134979","40.8026420265318","38.0518681988838","27.750277551257","37.3216528340457","44.5259462145341","39.6312322400043","39.7635173537006","",
"Iceland","ISL","Exports of goods and services (% of GDP)","NE.EXP.GNFS.ZS","","","","","","","","","","","42.8172073495628","35.6331027884896","33.3297261213431","33.8546599954683","29.9009806235924","31.6856073384919","32.8760878074073","31.3384607972524","34.7653447172322","36.120564661033","33.7848823458535","32.954359919878","30.63288372354","37.7807897333939","36.1820827658243","38.3132767981432","36.7317842426274","32.6315376659653","30.2325546407155","31.9172571149863","32.0269019765554","29.7957377288007","28.8420019880728","31.1967224913304","34.0463854374484","33.8169553716253","34.5857707971579","34.8568838729156","33.2441330480477","32.009369169014","31.7273810393269","36.5477872856168","35.1463090802713","32.2403289586041","32.088197176866","29.8388266002361","30.0505516067517","32.3800963432929","39.9176741920411","48.5054584912388","51.1491601324862","53.9573436152604","54.1844944218018","52.8240993487182","50.913700514178","51.3347744437234","47.4890230949667","45.671087862199","46.4719173832948","44.7138622775299","34.1387322744214","37.3649519241173","46.7254010467249","43.9745925950012","42.457252735894","40.113798877848",
"Israel","ISR","Exports of goods and services (% of GDP)","NE.EXP.GNFS.ZS","","","","","","","","","","","20.4895640587719","22.4170968645594","22.974185924764","22.2358052935733","21.500978127808","22.6467716485087","26.0558696107535","30.2205749438261","36.0980845474425","33.3212535150411","34.9694371116358","33.8640489601323","29.201027053481","26.8098922384286","31.0969332076755","34.9180692295396","30.8714701077773","30.4735770672839","27.4835062757282","29.5507146893451","27.9637780156731","23.994147782301","24.4982807682646","26.1206430283442","26.1259890481269","25.8641498674036","25.4522868987815","26.298197397007","26.9224529258371","30.8228504637641","33.7964289795154","29.5305900350616","30.9012956280575","32.7214753895497","37.2360027137934","38.8657857206152","39.0843910214757","38.7797286303679","37.2205421816282","31.8649485499961","33.5712633456599","34.2274243361125","34.7734390454533","32.8527519137225","31.5531969734526","30.9258891134922","29.7752716268816","29.0661275196759","29.7580333991368","29.0853955837603","27.1546338087038","28.8185860359887","31.3653023276254","30.3284744013966","28.399007008222","27.5583636636004",
"Italy","ITA","Exports of goods and services (% of GDP)","NE.EXP.GNFS.ZS","","","","","","","","","","","15.1286676026762","15.544228337063","16.2760137444131","16.0684122494722","18.4814222840373","18.6891805877491","19.9986109478071","21.3305124603008","21.6289065485674","22.3337544310287","20.1396815960216","21.6155310605808","21.0714065903986","20.286159523009","20.9563159992374","21.0640445770549","18.6609114788167","17.9426964793308","17.5375675336295","18.4740794990323","18.2174499918647","16.9968351087223","17.4389965997097","20.352188422684","21.8207959673733","24.6157552051653","23.662303838318","24.0894916918366","24.0123257096913","23.1534516122759","25.5611956255751","25.5610801918444","24.3126948188163","23.2240496903642","23.9268409466402","24.5118533579183","26.0530628243151","27.2450545395013","26.7427615964483","22.2771595955525","24.9186514223879","26.5629866543354","27.9851870768453","28.177442406394","28.6224027363532","29.144111052532","28.7987488919157","30.1398859152774","30.8135072735991","30.9498739181942","28.7258551870199","31.1716088630092","35.0991400412578","33.3293695692309","32.3350686402627","32.2270197272539",
"Jamaica","JAM","Exports of goods and services (% of GDP)","NE.EXP.GNFS.ZS","","","","","","","","","","","","","","","","","","","","","","","","","","","","","","","","","","","","","","","","","","","","","","","","","","","","","","","","","","","","","","","","","","",
"Jordan","JOR","Exports of goods and services (% of GDP)","NE.EXP.GNFS.ZS","","","","","","","","","","","","","","","","","32.3871650211566","33.1257242178447","33.4590720482837","34.7277353689567","40.3897330242939","43.642137235952","40.6157202593782","35.7998432777342","39.0794365607163","39.6579721912108","28.3017183664361","33.0694887829623","43.4456928838951","56.0502989074418","59.8348484299736","57.3901284651792","50.2326639707512","50.3351276902482","47.8622449682143","51.7212123783061","52.8788989331379","49.2475989332918","44.7951049948305","43.3107851790319","41.8273959357861","42.1342929427849","47.4212540476891","47.3722799396849","52.1894968421313","52.704580084252","53.8743278940368","54.234912993661","","","","","","","","","","","","","","","","","","",
"Japan","JPN","Exports of goods and services (% of GDP)","NE.EXP.GNFS.ZS","","","","","","","","","","","9.93101178973278","10.7638233549855","9.72672377448711","9.22365864174588","12.4983854439466","11.7603719527136","12.4583846976641","12.0341899570921","10.2184643722074","10.6302193593012","12.5832408948274","13.5385015290859","13.3487422450724","12.7409629697091","13.8089671617827","13.3384861571117","10.4800795985944","9.55185052101751","9.21515963622385","9.72985821000473","9.84282326180712","9.41785122890222","9.32198041178664","8.73007389886112","8.65751499352758","8.66938554832833","9.13384321818787","10.18568815896","10.2438413853018","9.69470355290166","10.3098888690138","9.9313252815504","10.6941179299116","11.3307927134025","12.6608085791759","13.6893610021266","15.4991989877277","17.1190869291448","17.0550818459886","12.3084729966275","14.7827379015469","14.6645262221087","14.2739154583775","15.6037090812555","17.1078627742157","17.0921099786159","15.7223961123124","17.2158253394418","17.9111434788682","17.0377974181499","15.1286902986314","17.4619853799579","20.647867347033","21.0593101343597","21.9799093698461","",
"Kazakhstan","KAZ","Exports of goods and services (% of GDP)","NE.EXP.GNFS.ZS","","","","","","","","","","","","","","","","","","","","","","","","","","","","","","","","","74.0049709784411","37.8953951147228","37.0647377091299","38.9738609136355","35.2688049307021","34.9168566674192","30.344203290498","42.4620955088389","56.6024267995373","45.8950186109102","46.9906407561754","48.4170220946326","52.5004104250221","53.194358254068","50.9752978421833","49.3128208903582","57.1463849391331","41.8384224460915","44.2441794984735","46.4646627947552","44.1096630384291","38.6170377152797","39.3417580907293","28.5167080072354","31.8438886422836","32.3977529369879","37.6252184252873","36.4389870990994","30.5289067989681","33.6448621241624","41.5690089041544","34.650577449538","31.5871636865516","",
"Kenya","KEN","Exports of goods and services (% of GDP)","NE.EXP.GNFS.ZS","31.095746519435","32.7171696814538","32.0378092613948","32.032947656704","33.3894131538947","31.3973152068786","32.4116335162739","28.4643343934575","29.4008110568567","29.5286550830373","29.8257255614152","28.639355102812","26.5878288599522","27.393834680633","33.6758838502875","29.8236859697501","32.4504712438085","34.9588687563848","28.9355183365614","25.7531542356879","29.516964217512","30.4598813209494","26.6574659989352","25.9499324054367","26.7498926521639","25.2989329600959","25.8483552726796","21.3052213474356","22.3712135609168","23.0330294282825","25.6926059649364","27.0416323240194","26.2603741906351","38.9036301698042","37.0402808384151","32.5917012190029","25.2006019494243","22.686387351635","20.1692608275285","20.8327351985075","21.5875711417625","22.9315763643367","24.8979726147002","24.086815305421","26.6102585752973","28.5090302142012","22.9849396441861","21.9189912933699","22.6740575532267","18.7749454916013","20.1243596478793","21.5494770708279","19.8649477228834","17.7921805531655","16.4728044658123","15.1287339034504","13.2497448006759","12.7366599413725","12.541975333359","11.4279956869332","11.4410451821593","13.1097382018218","15.9570283629469","16.7133442998721","16.8549548908518","15.7640677825707",
"Kyrgyz Republic","KGZ","Exports of goods and services (% of GDP)","NE.EXP.GNFS.ZS","","","","","","","","","","","","","","","","","","","","","","","","","","","","","","","29.2056074766355","35.3513513513514","35.5861324699852","33.5312902683624","33.7618144302449","29.46714483032","30.7380990029616","38.2868893328163","36.4832920828287","42.2029377974725","41.8478618433635","36.7245731455602","39.5813541240971","38.6811237203624","42.5559110849204","38.3055564365228","41.7206136022728","52.9129788573035","53.5489560986404","54.6983469575282","51.5543226756177","54.5384771657381","44.4042009680122","42.250153956658","37.4486515894922","35.1896004872594","35.8254088751692","34.2528413648354","31.6017300051143","33.4764696600324","29.5818778074207","35.8055898779632","46.3372718307792","36.8882232535821","46.7710472091149","26.8114572968262",
"Cambodia","KHM","Exports of goods and services (% of GDP)","NE.EXP.GNFS.ZS","","","","","","","","","","","","","","","","","","","","","","","","","","","","","","","","","","16.0570736263817","25.7919593880254","31.1841815310837","25.3640067394433","33.6169355760717","31.238145793248","40.5441861780561","49.3049002706901","51.1797752012962","54.188950476339","54.2286240176407","60.8183573699975","61.0399163553182","64.672329331268","61.1365869942825","61.7787856845594","46.2109950081593","50.2265428540514","49.9211772643531","53.285002586552","56.6205657745424","56.629548029687","55.9812203124044","56.4318377218234","56.3000536720904","55.4713973566208","55.4468679729119","59.9217979409609","72.3610346435508","72.2070606780988","66.8926660552171","71.3635841655888","68.6465213655928",
"Kiribati","KIR","Exports of goods and services (% of GDP)","NE.EXP.GNFS.ZS","","","","","","","","","","","","","54.5299024523503","65.0417490969659","85.8144261652887","83.5887370022051","69.7399900119251","68.9972432542207","67.886625141696","75.7778376939896","55.6446464995813","35.7579517342378","33.2884261106319","34.179218262503","48.9344615751649","36.0490206473922","39.2377519307969","33.761174031339","25.5671791773311","25.9321432148892","22.4002859745394","24.934044164443","16.2095602988668","16.1375307400213","15.7681949517527","16.7980349864057","11.2822759381962","16.6365158136983","15.0033127301089","16.6072443247005","10.8521396170662","15.5794876451318","19.0714163179977","16.3335281327731","12.1418629134253","14.1424002467431","10.2017464538353","15.4500756429652","14.1122772384558","14.1365652222536","11.5662837628066","13.1677735915","12.7658595364299","10.9650820844988","12.0327393556813","13.957451247692","16.6172805546414","13.247147766323","9.0373482428115","14.9888877146964","10.4194482628141","3.7676885945066","7.57185988301685","5.85831693667442","4.51592634986162","",
"St. Kitts and Nevis","KNA","Exports of goods and services (% of GDP)","NE.EXP.GNFS.ZS","","","","","","","","","","","","","","","","","","","","","","","","","","","","","","","","","","","","","","","","","","","","","","","","","","","","","","","","","","","","","","","","","","",
"Korea, Rep.","KOR","Exports of goods and services (% of GDP)","NE.EXP.GNFS.ZS","2.63157894736842","4.02773192472763","3.86394557823129","3.93474088291747","4.93611297915266","7.08652007648184","8.38222967309304","9.03942002718623","10.0638884004455","10.5220703562626","11.302899269866","12.5039587711974","16.3335726361131","23.5232180461862","21.7721455957775","22.1822765897843","25.0408174372092","25.521494457138","24.4895803998874","23.1304965313814","27.7265148404142","29.167967931562","26.6900796177254","27.1629017526448","28.1340567542086","26.1157326893893","30.980523809749","33.6848787811033","31.4362645982743","26.4749713546609","24.1685799511012","22.9875474516622","23.2612780314303","22.8587756465728","23.5069868149485","25.0908528792617","24.1509711908027","27.4728903732725","38.2368909900718","31.5122613381554","32.8643016483147","30.8628730280238","28.869081069037","30.4447497818826","35.6099304973786","34.1271966602876","34.4457182771661","36.0414909532161","45.8471508377288","43.5106195264818","45.2718606886955","51.2813207677942","52.0235312085188","49.2338591040691","45.7876203673052","40.9681314540182","38.1129875583911","38.8488899920532","39.4523497931837","37.0413266370488","34.6152001987888","39.3388192669479","45.294860984133","41.3214807367697","44.3582383593234","45.7630385215931",
"Kuwait","KWT","Exports of goods and services (% of GDP)","NE.EXP.GNFS.ZS","","","","","","67.6902536715621","65.6908665105386","59.5183486238532","61.7245005257624","63.4984833164813","59.8168176946312","66.3482462258103","68.5997267759563","71.9344180537373","84.9593518216457","80.4703188852791","77.9331692580149","72.0262638652713","70.5391271721033","77.9701212892225","78.3490471941856","69.4981242091636","54.5047729344936","59.1293731979049","60.1129750335505","53.6749194566151","46.1865827540614","52.5401349666989","47.564607974167","52.4016855226397","44.9389489749774","16.9020390089475","40.4702661894745","47.7711852130289","50.8536592487937","52.354601363093","52.284947662025","52.8528137117534","43.8626446594574","45.9338909669891","56.4721744466436","51.3084112149533","44.6160483175151","52.0915105977347","56.9171133832286","63.9760608989031","65.5457337246984","63.4150383970829","66.7595495181702","59.4336343544442","66.6735112696735","73.2176749998524","74.7318371141504","70.8610179890485","68.5055251263225","53.7653724505163","47.632285262531","51.1963155925274","57.311462753412","52.0582560763879","43.7131472290911","51.725692658617","60.4485945316523","57.702062317436","55.7559768271522","",
"Latin America & Caribbean (excluding high income)","LAC","Exports of goods and services (% of GDP)","NE.EXP.GNFS.ZS","12.3446557151608","11.728758575815","11.1167679536359","13.0914830903994","10.8099265480374","10.9953032000133","10.5131242960999","10.4205291903127","10.2745229007876","10.2755977338646","10.3633730245836","10.2378835482405","10.7923655563658","11.3327752728837","12.4576512011863","10.9211120240899","11.6184022433804","12.233332794146","11.4385278669009","12.5806536716265","12.8840108115035","12.3894702122127","12.7354326445156","15.0636140355118","15.5576567731012","15.2384746140389","13.2990272492871","13.5063794481732","15.0601381433243","14.5612624967416","14.655437524549","13.6829257943507","13.5510650147809","12.2372986749958","12.509816225482","13.922317700016","14.3214312234119","14.4668007818422","14.5986814410644","17.0333322984547","17.9716940721616","18.0121705876576","20.632900575995","22.0487007510167","22.9225407958681","22.2984938391302","22.2100432183996","21.3036838864637","20.9533410645257","18.1153380596845","18.6628763221386","20.0799064839091","20.2691349769642","19.6623465771466","19.8330179175129","20.5232579766172","20.5901877458575","20.4549644108929","22.9335436452506","23.1302935324347","23.253832707687","25.6009175012679","26.4020890180094","23.5818473566006","24.1129178155233","24.5640711542528",
"Lao PDR","LAO","Exports of goods and services (% of GDP)","NE.EXP.GNFS.ZS","","","","","","","","","","","","","","","","","","","","","","","","","2.76422772318065","4.03755905433226","3.61374402869573","6.09243684359774","13.6286198061927","12.1306752107447","11.3287632936327","12.9537264801421","17.0257554269191","21.4616192640886","24.9869407176856","23.2203889147564","22.6987496249058","23.8922247910231","36.4558727549249","35.8758415241476","30.6620036016085","27.8731588735049","28.7525146642775","23.5004331627788","24.9121225651615","28.9637357220067","38.1550775230179","33.6143130828635","33.1540804750868","30.0830696746432","35.384026037956","40.3431560976816","37.8767283501759","38.1731033983004","40.7545466511497","33.9522573081909","33.209427456122","","","","","","","","","",
"Lebanon","LBN","Exports of goods and services (% of GDP)","NE.EXP.GNFS.ZS","","","","","","","","","","","","","","","","","","","","","","","","","","","","","","18.3492456073095","17.9927860456218","12.528835709228","10.8507051639318","9.17439885733869","7.87060873504597","10.8064548760331","12.8463200007143","14.5319587628866","13.7634326360473","14.0639896274263","14.1775557263643","15.604915999549","16.0986422831809","16.7365813377374","35.0549045511842","36.6235387082596","35.5896575058264","37.1415170042625","38.5456544402878","33.1957016986538","35.023122866407","36.3630972315613","28.8092128781151","26.6467547466619","23.7561644984684","23.1396677268024","21.7261558874138","21.9269331860238","20.7545211587566","20.6977589567577","16.3725868676481","26.0256276927137","34.8287792460469","30.5514119674735","23.3165495276514","",
"Liberia","LBR","Exports of goods and services (% of GDP)","NE.EXP.GNFS.ZS","","","","","","","","","","","","","","","","","","","","","","","","","","","","","","","","","","","","","","","","","","","","","","","","","","","","","","","","","","","","","","","","","","",
"Libya","LBY","Exports of goods and services (% of GDP)","NE.EXP.GNFS.ZS","","","","","","","","","","","","","","","","","","","","","","","","","","","","","","","39.6762370189371","33.8314218906581","30.5890367885966","28.2447492498928","27.0352162135046","29.1760299625468","28.6535303776683","26.7863453247579","19.3690158530843","20.2205441687642","31.558004285277","26.5406976744186","44.7677994771644","57.3170731707317","63.7559608908707","63.7168431505522","71.8393272703549","73.4324778961951","74.1157065299352","63.2368915429987","66.2720071713114","38.1458963988027","66.8678568492024","59.8886075843687","32.2383210024013","22.2273741215145","14.5778875500388","27.1972557138798","39.6135044170514","42.35532240076","20.3637900560977","92.0546075514658","91.9809235078212","85.6010032090609","71.7293179684166","71.7134746269549",
"St. Lucia","LCA","Exports of goods and services (% of GDP)","NE.EXP.GNFS.ZS","","","","","","","","","","","","","","","","","","","","","","","","","","","","","","","","","","","","","","","","","","","","","","","","","","","","","","","","","","","","","","","","","","",
"Latin America & Caribbean","LCN","Exports of goods and services (% of GDP)","NE.EXP.GNFS.ZS","13.8988679167616","13.2176219716738","12.6256761443686","14.6028457778178","12.3693316303768","12.7398884418158","12.3311802752056","12.1847598461651","12.017399364107","12.1453427943267","12.1192101530018","11.7253909956249","12.1897633968329","12.7847355600589","14.2907722306209","12.6850695132215","13.352646997158","14.0663141031939","13.1430708938289","14.4239168649473","14.7181886769445","14.0057832104566","14.5092311067561","16.9666774569762","17.387439959453","17.3699442628119","15.7765604827162","15.9426747068141","17.6295104608455","17.3421343166207","17.5213385757894","16.7200715093477","16.4526083622233","14.6719330292675","14.8843277160059","16.3562302161034","16.5118200274099","16.6082723790579","16.9040841727872","19.5866851419119","20.5017919419932","20.9319862910564","23.6124174941939","25.4702821300012","26.2951401183686","25.551852712119","25.5393766395648","24.468307644577","23.8516890782365","20.9168992627541","21.1797893467448","22.4763249849093","22.2339462567373","21.6045582644188","21.7336576713402","22.4652109909731","22.5908499201776","22.3781770377139","24.5304480078813","24.7322642652843","25.0008236246477","27.1752106973646","28.0788486355739","25.2018158524315","25.7658164426472","26.1462714281691",
"Least developed countries: UN classification","LDC","Exports of goods and services (% of GDP)","NE.EXP.GNFS.ZS","","","","","","","","","","","","","","","","","","","","","","","","","","","","","","","","","","","25.3230277918799","23.6094074771877","19.6662240283665","19.2520482341319","19.0213777371274","19.513057653213","20.254648657766","21.2098999911006","20.6610648029152","20.5483932851009","22.8916654223978","26.8096648985102","28.8312629059898","30.2864756736048","32.0093854962786","25.0938312701827","27.1439696793081","28.9028252108477","27.888299896592","26.2101001782331","24.5232103705409","20.1262271637581","18.4134281158012","19.2016900489436","20.918021694615","20.4392184529232","18.0093528588671","20.872153263996","22.263894296637","21.4478586693872","20.5832188707843","21.6584551764879",
"Low income","LIC","Exports of goods and services (% of GDP)","NE.EXP.GNFS.ZS","","","","","","","","","","","","","","","","","","","","","","","","","","","","","","","","","","","28.1103876083998","24.3917999971372","21.6037741589195","20.0408808620364","19.609015727749","20.665712704649","23.0480339370085","23.5076864448069","24.4994624183171","23.4596686861006","27.2984988465797","28.6206005592522","28.2792750213152","28.9555904688426","30.2445903446552","23.6278475250972","26.6691677322136","23.7952321555217","19.7246596172422","19.2957556501035","19.6655233579417","16.5215335617459","16.4010610720827","17.7473152826256","19.3983027178705","18.0774399014707","17.165242809315","19.6487800771026","19.8556987044034","19.5142646130817","20.1557969534716","23.5985850446637",
"Liechtenstein","LIE","Exports of goods and services (% of GDP)","NE.EXP.GNFS.ZS","","","","","","","","","","","","","","","","","","","","","","","","","","","","","","","","","","","","","","","","","","","","","","","","","","","","","","","","","","","","","","","","","","",
"Sri Lanka","LKA","Exports of goods and services (% of GDP)","NE.EXP.GNFS.ZS","29.9532498882432","27.53754368","27.7926736441894","25.7568075453807","24.6155221352496","25.9030183077684","22.3701571308624","20.4603297554498","20.6214425639112","18.3924754168448","25.4537470725995","24.6120996441281","22.3257034170657","24.3479678330798","26.4313659501073","27.4899349061218","29.0467834321094","33.8149257011014","34.7708894878706","33.7106534063794","32.2184977527921","30.459384742074","27.3564561962152","26.3287308492529","28.8040014049146","26.0120092378753","23.7181987363072","25.1922754329692","26.0764386301592","27.2602038183182","30.1808045148298","28.7410868952181","31.7703740803183","33.8010068759821","33.8128837957878","35.597629130901","34.9733377770372","36.5381180807663","36.2438186772706","35.4837047170656","39.015700886425","37.3311884768914","34.9133301978336","34.6535028324228","35.3309027324412","32.3368729874893","30.1285270937972","29.1149996870361","24.8414870988205","21.328366243783","","","","","","19.893383820467","19.824036042668","20.2242000359935","21.4462486145463","21.8235309246323","15.4576399170356","16.9214215897796","21.5595624612904","20.5995283672112","19.7559774138192","18.9673796128721",
"Lower middle income","LMC","Exports of goods and services (% of GDP)","NE.EXP.GNFS.ZS","11.5501562067057","11.4044578554678","11.1576168583539","11.2548223902505","10.1454592121826","9.54598572311519","10.6800513374883","10.5266688124352","10.29954324946","9.79050066276003","9.80539730406482","9.96907703966261","10.161586934722","11.6561437190067","15.1777649951985","13.3894822066329","13.709361733137","13.933787558717","13.0790225913053","14.8244405296265","15.2886116665184","12.3938538340776","11.7717308932792","12.0354521382505","12.9000827358878","11.720904502633","11.8458639588534","11.6958259148079","12.611529179764","14.1651212355516","14.8593578969046","16.3066343871036","17.0526114888998","17.6198345516702","17.4122273549603","17.3919110906939","16.3814590337205","16.0498879144498","15.4386185307903","17.6675053718572","17.9381912323021","18.0917167166769","19.2733869858839","20.1809170022383","22.5226933195567","24.0978051031211","24.8730084139036","24.9356489149532","26.8848092548364","23.016161861609","24.0735961169375","26.6399293462092","25.320214191489","24.7442401043764","23.2369522313891","20.1803415791542","19.1024383630285","19.9502366534817","21.1431650110232","19.5150007500864","17.9219834586063","20.3389528336419","23.0155338296041","22.9364688626112","23.2113760078768","23.2304305510864",
"Low & middle income","LMY","Exports of goods and services (% of GDP)","NE.EXP.GNFS.ZS","10.8275229807174","10.9455253707511","10.5291575315918","11.2710106749441","10.366027492871","10.0645799321766","10.2063118762868","10.229893918388","10.3184532938265","10.0698761604126","10.1392621183607","10.4163746578801","11.0198102491116","12.8582049904049","16.2616083084651","14.5681107112442","15.5554756958175","15.5516418470987","15.1404555617241","17.2293603161904","17.9324712162109","15.5212835348345","15.4238985958996","16.2682866043825","16.7684951480217","15.6337116532923","13.830014790824","16.0668918733342","17.3756211923794","17.6187104255469","17.2680684834534","17.9879476761822","18.6789560116423","18.309882305352","19.3295915498877","19.8720866911111","19.7519128356504","20.3728421940583","19.9508174364335","22.0322177882033","24.1170257612345","23.5944378816572","25.4164393738758","26.9570031463621","29.2164879311022","30.1880299034681","31.0047396161818","30.5273013656597","30.5602490751109","25.0728727578368","26.2907533035016","27.1357993435013","26.5963175142778","25.7959413963206","24.888177362497","23.0681989527103","21.9875232621935","22.5887428395357","23.4258850877822","22.4931828358942","21.4900778517891","23.6258289594974","25.4299266683565","24.0508735458224","24.7174391989351","25.2600453287365",
"Lesotho","LSO","Exports of goods and services (% of GDP)","NE.EXP.GNFS.ZS","11.7408906882591","12.5490196078431","14.38127090301","14.8809523809524","15.3638814016173","15.5612244897959","10.8641975308642","12.0481927710843","12.075643654591","13.5823429541596","12.2199592668024","12.7970749542962","16.0771704180064","14.268727705113","13.6585365853659","14.4665461121157","17.9127725856698","11.8976799524093","17.2562553925798","22.1039705280393","21.0056530794406","19.2913385826772","","","","","","","","","","","","","","","","","","","","","","","","","","53.2487600192534","52.9184829037571","44.7633289777901","42.1262589311215","47.7228451203639","41.7959336745045","38.2496647077566","38.1496953255837","42.8918037123102","45.7796652454104","47.4769340332662","49.8331114219045","46.2093281781161","44.449012410388","46.1460898214545","46.5063822153721","42.6829787081486","49.4056446644915","49.530822364134",
"Late-demographic dividend","LTE","Exports of goods and services (% of GDP)","NE.EXP.GNFS.ZS","","","","","","","","","","","10.4003563806954","10.3589632121978","10.8198261462163","12.1979782748531","15.4213710411258","13.8541659327745","14.2408081333459","14.1040189710007","15.5055108141322","17.6796926612776","19.7032042068761","19.0174654746009","17.0608362270997","18.8033292107784","20.0920231404354","18.5596465438651","17.3169262402785","20.073672040521","22.0335891364841","22.3823447812495","22.0266282388567","21.1099723269203","35.9809987745543","28.9694220698127","26.274134350058","25.2823215723903","24.1581091281539","24.8329705119058","25.2973253115859","28.8925454190151","31.4355857791718","31.2639207372138","32.5833866156967","35.2430227172273","37.7493072415853","38.5788764900635","39.0984589617299","37.7712388499876","36.8269106497787","30.7255551138441","31.9412840525846","32.1983544629846","31.6310943822179","30.8632228397501","30.2726852922686","29.1443975247175","27.8579451998221","28.2000716461015","28.5829619924724","27.8940884133834","27.4011011453985","29.2281051561954","31.1021959537098","29.7733970538451","30.728902105815","31.291063421231",
"Lithuania","LTU","Exports of goods and services (% of GDP)","NE.EXP.GNFS.ZS","","","","","","","","","","","","","","","","","","","","","","","","","","","","","","","","","","","","36.9386970561821","41.7452908673057","44.7817616774546","38.9812389713984","32.2965725535194","38.5073296446036","44.0129576744504","47.3290677050394","46.1534641761834","48.5233385442616","55.1137769337009","57.1650712091213","51.6005785480117","57.5807261343907","51.6425313966986","64.7985134455831","73.4692169559065","78.6260683563339","79.0419385750891","72.6102123944686","68.6043807818409","67.7094248902699","73.6063406090345","74.5295191317116","76.8187229886379","72.4346855034597","79.5885699025887","87.264114905646","75.933513171116","73.9407258792654","72.9839535290335",
"Luxembourg","LUX","Exports of goods and services (% of GDP)","NE.EXP.GNFS.ZS","","","","","","","","","","","89.7888321681727","89.0428990529317","83.7267740495879","90.2413963489159","103.680272728456","93.4161485884498","89.0221256926869","87.7438954120396","84.6292813546145","91.8497769059015","89.4220278535216","87.5293514159411","89.9102057635906","91.1567394653293","102.120779569068","109.56099256694","100.263370877089","97.4720279652175","99.0372478350919","101.813958469321","99.7128836405077","99.6055988954344","98.5986148902292","98.8648330721503","102.139638596495","104.478825699709","107.981098142476","116.220951847375","127.697112462509","129.936451950794","147.644762391931","146.200789383276","136.361725575128","132.848052488235","143.73436357449","153.824282815392","167.740282231035","169.576705513534","161.494761789301","147.925083013145","162.709857140044","169.489123436331","171.211788066768","176.383330927429","182.782585361208","191.835428725013","191.098633740622","192.747503540731","197.218199953374","206.580145839872","204.436962289215","215.618162988769","222.308456163103","217.379822583978","191.532970187611","190.522135684017",
"Latvia","LVA","Exports of goods and services (% of GDP)","NE.EXP.GNFS.ZS","","","","","","","","","","","","","","","","","","","","","","","","","","","","","","","","","","","","35.677496823884","41.6403177406518","40.8165714994491","40.3175570735027","36.0307753713725","37.7213901364908","38.7964180197711","37.7563642169877","37.7379680624178","40.6251502394093","44.80522716711","41.9530774436297","40.3864425883711","41.2345321413157","43.396059199176","54.3654555058681","61.8017435553003","63.8315149225803","62.5759802712611","63.5721016274102","62.5955625575744","61.9284196446641","64.1399542639756","63.8698186932234","62.5368430163073","62.6592422617585","66.8112769573847","77.5014838423287","65.9896551482715","64.8634107408094","62.573000305163",
"Macao SAR, China","MAC","Exports of goods and services (% of GDP)","NE.EXP.GNFS.ZS","","","","","","","","","","","","","","","","","","","","","","","110.558132995923","112.451223838241","114.321152561778","105.874254245067","108.430398305775","110.292710924048","106.189208281258","104.33362469522","98.252688172043","91.6351449996682","82.0898950968631","76.1591457876432","73.5603813770179","73.9856079227673","74.0126630986113","73.9307465364642","74.1752871973594","76.1963917131718","89.2655471149778","91.2251415299753","93.2640999662276","92.8613542564289","94.7705605396922","84.3863881332444","78.5453812156553","78.8825827872669","79.6944953421213","78.5122145065757","87.4238991929775","90.339874501628","90.7733498691718","90.6246130914087","85.6066390571117","78.704970614381","76.8087077221785","80.6469912109472","82.8517062374608","82.646781315937","61.6649501891426","91.8949115359993","84.7916044961703","92.4170435765852","92.1896066002616","92.2861448665199",
"St. Martin (French part)","MAF","Exports of goods and services (% of GDP)","NE.EXP.GNFS.ZS","","","","","","","","","","","","","","","","","","","","","","","","","","","","","","","","","","","","","","","","","","","","","","","","","","","","","","","","","","","","","","","","","","",
"Morocco","MAR","Exports of goods and services (% of GDP)","NE.EXP.GNFS.ZS","23.5716346603976","21.7539721653939","18.0202657892752","17.9222137434207","19.4901490844035","18.1635388739946","18.9612530915087","17.9034769071095","18.4838417396557","18.377617836463","17.6369811697717","16.9533203036226","18.5739987149283","20.8367139959432","27.556648777579","22.4728790750048","17.9150533572575","16.8959627017142","16.3708887841317","17.0101381300066","19.3359340662894","22.6712108719853","21.6047391159307","22.7546982135498","25.6341792993627","25.5132262987926","21.8823676849516","22.4812530281349","24.9965468597217","22.5549372963548","24.5593205075626","22.3187677496636","22.1721546193877","22.06075149691","20.9385014625219","22.6732200383806","21.8359749586865","23.9241178671875","21.0424357067532","22.6346692831278","24.1968278897887","25.3955453600676","25.9443798115524","24.676486583266","25.3492055058078","27.9958996339897","29.6289667970785","31.4277738089785","32.4722234084439","25.7171775388093","29.7889486802284","31.9544842646976","32.0970961451136","30.2532656391617","30.1329866374292","29.9958538899695","30.7345951424219","32.6064609907781","33.8284373726717","34.093057468891","30.7941069539783","33.1360849405787","44.7116282313453","42.4176033594569","41.9985232956684","41.9692139163022",
"Monaco","MCO","Exports of goods and services (% of GDP)","NE.EXP.GNFS.ZS","","","","","","","","","","","","","","","","","","","","","","","","","","","","","","","","","","","","","","","","","","","","","","","","","","","","","","","","","","","","","","","","","","",
"Moldova","MDA","Exports of goods and services (% of GDP)","NE.EXP.GNFS.ZS","","","","","","","","","","","","","","","","","","","","","","","","","","","","","","","","","","","","60.1260240612434","55.3282551648836","53.2001155100244","45.0195365920155","52.3183763996002","49.6001138108804","50.0550428204431","52.4638965185895","53.3131901951555","51.1939123376623","51.1635849357272","45.256336863744","45.5804735167509","40.8187486093894","36.8721225187512","27.8296130640861","32.5404575697943","31.1328505372467","32.0926131660285","31.5279635595633","31.8069217883307","32.8664989349745","32.5328465977446","30.6963699430194","31.1910849579769","27.9143362637536","30.6487877126898","41.2264594544499","35.1125857861262","31.5677994316927","31.7519320468579",
"Madagascar","MDG","Exports of goods and services (% of GDP)","NE.EXP.GNFS.ZS","10.030184184754","14.6047493240543","13.7550293037585","12.7804480657338","13.3027974495759","13.2117044602017","17.2947153056537","17.5142528784686","17.7503387756611","18.1092696591935","19.1603376936907","14.4446683335605","14.2629743933548","14.2478557674161","15.5261612545993","15.8595183896258","15.1637418440442","16.4449912625261","17.1510383095361","14.5753818087218","10.6653459579731","8.88982771411149","8.46237429046018","8.14920432296021","10.7497745266865","9.89480359564766","9.84529598054076","14.1396375165433","13.5843061941817","15.3561543584937","12.8702707847278","15.9724482649834","14.4961539980932","13.8096925419606","20.0198021726596","20.9868976053949","17.024861564074","16.142942543952","16.4123755851733","18.3466200690167","19.1196684495627","20.070249419803","21.8155744053565","13.6941628175957","19.4573064554058","24.3193861068762","27.4869137812158","27.7962071422596","27.7071993998824","20.3758298355971","21.8743805186609","22.7196386760737","21.7806921029485","23.2721660778614","28.2819119746319","28.3906461296836","29.0925694335543","30.9026308764808","31.5360236539412","28.4244012431975","20.1420748831987","23.091632100144","30.510296623757","26.7228861237427","24.0079179466347","21.3332640704507",
"Maldives","MDV","Exports of goods and services (% of GDP)","NE.EXP.GNFS.ZS","","","","","","","","","","","","","","","","","","","","","","","","","","","","","","","","","","","","","","","","","","","","","","","","","","","","","","","91.2941274036136","76.4277887724561","71.6136331301194","69.0594484485378","66.4483006480268","65.5134179400092","48.2411996300086","76.0989851624572","82.6708555603035","74.0437692661116","78.214216540835","",
"Middle East, North Africa, Afghanistan & Pakistan","MEA","Exports of goods and services (% of GDP)","NE.EXP.GNFS.ZS","","","","","","","","","","","","","","","","","","","","","","","","","","","","","","","25.3180362369357","28.716946133143","29.4419144829836","30.5396340665766","31.3904038521259","31.0422292262786","31.1997258358245","31.8388235252533","27.3724095676136","31.7265839854735","36.3200403928673","32.8671865437931","34.596146674416","37.0598086525437","40.9098890849335","45.5060280411562","46.93158867051","46.4466109789822","48.5780509027674","39.2776245024761","41.559413674739","44.6061875132486","45.354176582002","45.0471475897258","41.9654972425374","34.8878321193938","32.4760914618502","35.3206364624856","38.797670327705","36.8661402185697","31.6504037455395","36.1084824365791","42.0653200419234","41.1172763623396","","",
"Mexico","MEX","Exports of goods and services (% of GDP)","NE.EXP.GNFS.ZS","8.50552147239264","8.41248587570622","8.5691052631579","8.32014150943396","7.63306772908367","7.63424908424908","7.4710197368421","6.86774096385542","7.03792915531335","7.54647783251231","7.75461711711712","7.64040816326531","8.06017699115044","8.41201157742402","8.40866666666667","6.89445454545455","8.48983223924143","10.3190914007572","10.4709713307659","11.1891623207301","10.1426200972023","9.86156842726433","14.4268658825073","18.1150347501194","16.5671428958152","14.5663148904797","16.682179926956","18.5365670042589","20.0960561464169","19.1321993029959","18.7044710491717","16.4333900336044","15.256744442975","11.59598468968","12.7545957125272","22.8659269211958","24.7231319521416","23.2555721469271","23.221749395164","23.4168592490374","24.2311734681303","21.5412102050357","21.8517619236376","23.6555935033272","25.1033560080055","25.4870738310602","26.5547481705759","26.7810613301488","27.02006122825","26.5132697253683","29.0174601175767","30.4429662274867","31.5394503933211","30.7558005807208","31.4629921982533","34.1627726891004","36.8156772514808","37.514088621552","39.0439304387032","38.5296507889335","39.2353720952982","40.5691931964594","42.9322902148243","36.1479343675069","37.2836162309013","39.6453397926899",
"Marshall Islands","MHL","Exports of goods and services (% of GDP)","NE.EXP.GNFS.ZS","","","","","","","","","","","","","","","","","","","","","","","","","","","","","","","","","","","","22.3185561008068","23.3003481931841","25.8550098421345","24.7552201702327","22.3064239656786","28.8235217283402","25.4496303697283","27.33047893301","30.2150180929394","30.2890142964635","32.7365217391304","25.1569134078212","26.0987375415282","29.3780354706685","27.8561507936508","36.0926753569212","51.2517701683111","54.7745987825124","51.1454399141631","49.6209139784946","44.2421883505716","36.4933102081269","39.112915301825","39.7257727272727","37.0618720480893","35.4884615384615","45.9784379061075","39.9778528042486","38.2575757575758","37.1929824561403","36.038961038961",
"Middle income","MIC","Exports of goods and services (% of GDP)","NE.EXP.GNFS.ZS","10.9411731800592","11.0482612194794","10.6099733159161","11.4453700450052","10.3661347096611","10.0643493207167","10.2072272236722","10.2113308819476","10.3042854780738","10.0542273102016","10.0935738028559","10.4050918361378","11.0280703374256","12.9483898351274","16.4536284447458","14.7159821543525","15.7313625143398","15.7777792239156","15.3784302983204","17.4490221798865","18.1580200298595","15.6774748230408","15.6163387232876","16.4814137536951","16.9707905221094","15.8181739732995","13.9909592415408","16.2634143015087","17.6326346121367","17.8359846667561","17.5096603828891","18.3116059361376","18.8017319461232","18.3982836538961","19.2147618996652","19.8371490913518","19.7507313026952","20.4002088746705","19.9796855282862","22.0806794142885","24.1765454865088","23.6318165345527","25.4786525831065","27.0622552289638","29.3005666424982","30.2727688710833","31.1078098780306","30.6096495093006","30.6247372331436","25.1453162647896","26.3261900255183","27.2226958886083","26.7217046061504","25.9120053879602","24.9882274719243","23.1863382287114","22.0792675800189","22.6673641442123","23.4943573314321","22.566848535676","21.5635510428305","23.6917545794657","25.5262812502787","24.1307437886295","24.8030743669604","25.308821790288",
"North Macedonia","MKD","Exports of goods and services (% of GDP)","NE.EXP.GNFS.ZS","","","","","","","","","","","","","","","","","","","","","","","","","","","","","","","24.5678571428571","21.7757231404959","51.6639045623086","44.4450307714557","36.3116883116883","31.3839303239845","21.3048439326914","23.4909339016574","23.2667286885206","23.0418595204847","32.9468400859053","29.1989080521251","26.3008496370576","27.6563674663372","30.7041661621306","34.8076006574873","37.791482499104","44.1166137912355","43.2244691363976","32.8055433623879","39.7897533935824","47.1242131386987","45.3742530045875","43.396474533315","47.6628552909135","48.7379999069691","50.663842164107","55.145719342637","60.3751373173263","62.4080567878813","57.771485775759","65.4438648561578","72.785399542204","67.3969980458635","61.6792037479617","59.6492997278415",
"Mali","MLI","Exports of goods and services (% of GDP)","NE.EXP.GNFS.ZS","","","","","","","","11.3616406082191","10.2225699807242","11.2036320725528","12.4695556176698","13.4159110067238","10.0292728047459","10.187919348142","12.7237253147348","9.66118501358641","11.0057080159312","12.7556950680875","11.5979848249111","11.9924211784234","9.7133840000811","8.96729175187671","11.3192104076612","13.9485646952031","16.7707579874218","14.6367124371677","12.8342415445659","13.8856839402665","11.6609227555271","12.2145036319904","12.9224504246966","12.3481990786943","12.0182170230674","12.2983623117825","15.2092727912801","15.693774087895","14.0179595846258","18.8184537976566","16.4235218800091","16.6447857153142","18.3082871608931","21.2675280915361","22.5824977513143","20.598732738647","18.8107813475157","19.0305416437851","22.7184401678144","19.7731935958803","20.6676082350038","17.4090644475988","19.2136392168452","18.1515218842836","22.6196890203447","20.9783045590306","18.9721569838761","20.2239475938187","19.658879222387","18.9065075928847","20.5990590578805","21.7272254994959","25.1422593727846","23.4347727463223","26.025652624667","24.7863775029858","22.325419474237","22.0767726182095",
"Malta","MLT","Exports of goods and services (% of GDP)","NE.EXP.GNFS.ZS","","","","","","","","","","","44.1808649742388","45.5107610130047","46.5257294002961","57.8978177319676","74.6413700651091","73.6920087173953","75.4141801322071","76.9238344330666","73.5535287758768","79.3891825986364","80.9335661360345","72.5355257467701","61.5988576514419","59.8059920044725","62.4184568364333","64.5000320898411","64.3349193462749","69.5802382311618","70.4050054201698","72.1342272825854","75.8336262449983","77.3719647445128","81.7595778593911","84.8121839900987","85.9618426185406","85.3207449373729","77.1133395036722","74.7808368272432","75.3105376738916","80.2753047084641","90.2692253155718","78.4583106690861","82.5178193655691","75.4562627383458","75.0974303915811","74.2235628621221","89.1792181327592","90.8534937241383","91.4724030900233","81.0328794776996","89.6241280016126","97.441170956521","100.799142826277","97.6696264852064","96.9298164447423","108.732584061859","113.166261070801","116.626497475998","123.349303772613","124.520039315181","129.954117426949","118.784056780784","128.299452871314","119.748336901667","118.481460190952","119.109581237895",
"Myanmar","MMR","Exports of goods and services (% of GDP)","NE.EXP.GNFS.ZS","","","","","","","","","","","","","","","","","","","","","","","","","","","","","","","","","","","","","","","","","","","","","","","","","","","","","","","","","","","","","","","","","","",
"Middle East, North Africa, Afghanistan & Pakistan (excluding high income)","MNA","Exports of goods and services (% of GDP)","NE.EXP.GNFS.ZS","23.3854024496852","22.2838204345677","17.0570388301984","19.3391329939185","19.3823550107464","18.2095063851341","18.1767359405415","17.9294749192354","16.9718587848305","17.5267311769257","17.7379852579652","19.3567822480718","19.6119828239659","27.352890394538","39.5378881385047","34.3235673074317","33.1211550359705","29.9567625500199","26.3369778075509","31.5815763306633","29.011945939228","22.4423674188848","22.032709251013","19.9980826153144","18.5050733500315","16.5216414605273","10.7094606866236","15.9455414304631","16.4628916640079","18.7188664545258","16.6573150928052","21.8733457071084","21.3870771306947","23.9129707577594","25.4961830290127","23.8015291636738","23.0587640995017","24.4124870592216","21.6192409527452","25.3270922491386","27.7060670450521","25.0773241050182","27.434603512603","27.9403577007414","30.3021892182365","33.8375392996926","34.6862331958224","34.0807760687998","35.268922266644","27.5561141044274","28.8949872241684","27.883865150426","27.2727087995951","26.72855912715","23.5152726186265","19.1432797244381","17.715328889446","20.6836944234455","24.934515437188","22.7369142649176","17.3457904977852","21.4901764682146","26.5491843764961","26.0088232186342","24.5614624088848","25.2126490539461",
"Montenegro","MNE","Exports of goods and services (% of GDP)","NE.EXP.GNFS.ZS","","","","","","","","","","","","","","","","","","","","","","","","","","","","","","","","","","","","","","","","","36.8149918504193","38.4234543783926","35.3561171254814","30.6112461989977","42.02204717619","43.549124680302","40.6242634265822","43.035769995382","39.5616381600494","34.4691900810648","36.7147715569435","42.4416792045641","42.2205079066417","41.7506908645144","40.2683210854472","42.7283879053238","40.781995907006","41.5011019410718","43.4585672370744","44.3238379207013","26.2522009723037","43.1193682105877","51.3449416638117","49.229023063194","43.7470829634338","40.0626882380633",
"Mongolia","MNG","Exports of goods and services (% of GDP)","NE.EXP.GNFS.ZS","","","","","","","","","","","","","","","","","","","","","","23.8708835766685","26.2587574699899","26.608171082902","29.1796125627318","26.7297489845069","30.1782086064988","30.8032971424286","28.4489884192401","22.486775667026","18.274701678859","54.0684598429743","28.9329932510884","59.3321899354297","44.6306935081674","40.5413721251054","35.5243256394436","52.6663450827481","47.8435145126418","50.1584406154075","53.9967514658612","50.3183409920047","50.7266159784407","52.3520495329451","60.7877749189501","58.7693837934602","59.443265077556","59.6144484321482","54.0170359170312","50.2779993278591","46.6789825837072","52.5535550456296","43.572151194252","38.8902374819196","52.2489986942277","44.1840502346828","50.872194055814","59.1666792670253","58.1647822769264","59.2172331806539","57.6603497340995","58.5488639540916","65.0613511558615","76.2571171270924","68.7165627140568","68.0690875802365",
"Northern Mariana Islands","MNP","Exports of goods and services (% of GDP)","NE.EXP.GNFS.ZS","","","","","","","","","","","","","","","","","","","","","","","","","","","","","","","","","","","","","","","","","","","91.0436137071651","90.2340597255851","100.661157024793","95.8529688972667","83.7373737373737","66.8443496801706","51.9701810436635","39.2452830188679","41.927409261577","43.4842249657064","50.8042895442359","52.0725388601036","52.5240384615385","52.967032967033","71.7073170731707","69.2948717948718","50.7302075326672","42.4936386768448","14.7806004618938","6.01750547045952","22.2627737226277","","","",
"Mozambique","MOZ","Exports of goods and services (% of GDP)","NE.EXP.GNFS.ZS","","","","","","","","","","","","","","","","","","","","","","","","","","","","","","","","7.99942390756827","9.15149242640735","8.24062733814367","10.5130414490251","11.3629850955478","11.8530098126603","10.7290915518166","9.93770455696389","8.88401717701669","11.2856851913847","18.7397822798285","21.4699466720227","22.8118539424611","26.3746134140712","27.8677637269046","28.0396818491761","28.3208398689763","27.3462655617765","27.9834214693156","29.3682327373567","31.3789002672832","30.0174391521977","27.9938072708211","32.7890372970921","32.5722935328402","35.3819373953665","41.043463320554","45.5310358403147","37.1420563608323","32.7898734687844","40.3504985242732","49.8250852205079","45.6002906309861","42.822299687441","41.3814750416072",
"Mauritania","MRT","Exports of goods and services (% of GDP)","NE.EXP.GNFS.ZS","","11.3673587156786","11.5214039881256","19.9744822999205","34.5128646196515","33.4476296280748","34.0842903341483","32.9818435623611","30.1240062389074","30.7885103650548","32.3516517623232","31.8823343283848","38.22745994645","37.1243773355222","38.2837832872426","30.4713693800142","30.0785687045853","25.9844980053039","26.4495256278228","26.3059243379846","29.1894136483876","35.7238153914693","31.7587870360528","36.2554965524098","36.1366395380677","47.4893288100556","44.5122240145005","38.9126905354516","39.8474077127801","39.5017358666377","36.1799681205032","27.5406319159128","22.3719635407048","25.3609346029927","34.6996283091059","41.4864632067243","39.1634134688576","33.3920540663832","24.4591685594583","22.5691860382982","25.5171157140843","25.536995080516","24.7736084028423","19.1247721754728","23.2692575686957","26.7532470536875","42.3641033273967","40.5231617982886","41.6028504784511","37.2457483029123","45.7393481127116","50.1828096997874","48.2613552096143","45.5485992122422","37.3892007219428","30.1951447553349","33.9251405488546","34.5056775300947","36.5862504012937","42.3975240406607","41.406104283545","39.8560232643025","39.737807822992","38.4070908149798","41.4108312054046","39.8529382759178",
"Mauritius","MUS","Exports of goods and services (% of GDP)","NE.EXP.GNFS.ZS","","","","","","","","","","","","","","","","","50.0908762710306","48.1571916996731","42.6504217768245","42.1032733058097","50.4873017287944","44.1310563444249","46.5291756495024","46.0229796954137","48.0233243590127","52.8151864766532","59.6987466430109","63.7075053823742","63.8648652789087","63.3503251023952","64.0939278515127","61.4775475516451","58.516720972605","57.4687726189169","55.9691838666991","57.8783069273876","62.7408194898385","60.6455660412332","64.811113439","62.9550301414524","60.2825628484701","67.0837948469199","60.7898676078676","55.2631863215924","52.6147202557885","58.2403213454801","57.3596143564728","54.7866881688902","50.1358606066705","46.6863227859003","50.28130093276","51.4751506473361","52.7836292506771","64.2358136939797","64.816272933487","64.5652688880706","61.0475220099155","60.344208720622","58.5675023395557","60.3459360407147","55.3610157089461","60.7673543178385","67.0292948520561","69.0411453509364","67.1108899609862","65.0363961733561",
"Malawi","MWI","Exports of goods and services (% of GDP)","NE.EXP.GNFS.ZS","","","","","","","","","","","","","","","","","","","","","","","","","","","","","","","","","","","","","","","","","","","","","","","","","","","","","","","","","","12.6751278049282","11.6727813510859","12.9894565946906","11.0047537224484","12.7119564156437","11.342380846457","11.2450363894528","11.2855606151277","10.6488595679017",
"Malaysia","MYS","Exports of goods and services (% of GDP)","NE.EXP.GNFS.ZS","53.0685305148312","48.4713156990725","46.0421086992003","45.7183758459136","44.0820813484793","44.8950276243094","42.512729917905","40.9649661954518","43.2270720941638","47.2187555714031","45.5575281088849","40.4631416441528","36.0126582278481","41.4837365806762","48.3113133257503","45.5489879992835","51.8212568987004","50.1422387136673","49.0550599165919","56.014130622092","57.5448337960531","52.3388818495826","50.8730171408489","51.5274544318892","54.2690131992458","54.907706208855","56.2966170349471","62.8944934328174","66.4155028688968","71.3768494673724","74.4661197000361","77.8255528255528","75.983860049641","78.9202875826103","89.1507768813216","94.0891703712361","91.5761512146674","93.2894480029809","115.743725352436","121.311393650836","119.809708726968","110.402491356547","108.305302795051","106.943446148115","115.373337721075","112.898976779781","112.18548084399","106.168274866985","99.4995772447266","91.4167918670926","86.9302950693543","85.2554421085998","79.2999139255312","75.6290410302627","73.7934986257765","69.4486908970754","66.7754454542508","70.011742508597","68.554971419686","65.2777668428576","61.5779359054349","70.6330555493337","76.8077974825844","68.6789535653168","71.3410849829908","70.9677892986947",
"North America","NAC","Exports of goods and services (% of GDP)","NE.EXP.GNFS.ZS","","","","","","","","","","","6.8080856751177","6.64185771617132","6.82436924611371","8.04837101444653","9.69857969100216","9.53203788806241","9.35761774936035","9.05829562920323","9.37390431973313","10.2644278500555","11.3918396121694","11.0060031793741","9.9202105158351","9.12117388406889","9.16012616544161","8.59862003606293","8.54660490885389","9.02257601201139","10.0595288269708","10.4228591705963","10.7052236578958","11.003343627544","11.0999848106569","11.0860859158809","11.5944178312161","12.5251607921341","12.6702818280089","13.0508811386687","12.4589353882573","12.3994969667877","12.9775928659689","11.8274902417304","11.1561811167856","11.0656418802071","11.7890737294192","12.2137987907536","12.8130439247126","13.5750421890616","14.53082263215","12.4697240579521","13.9888445905301","15.34160612445","15.3459626921979","15.2205011315182","15.2155687440794","13.947371981991","13.3743603903154","13.6845176577742","13.8439342212928","13.3414465949147","11.5248315153878","12.4349764136617","13.3830608539001","12.6938592608069","12.532781914827","",
"Namibia","NAM","Exports of goods and services (% of GDP)","NE.EXP.GNFS.ZS","","","","","","","","","","","","","","","","","","","","","70.3881333075794","56.3904694910618","52.3573104281623","45.0459617747325","45.3666278538424","51.6164976601945","56.5237765841666","46.4692894568162","46.2575872100841","49.8699319438278","43.5604724156247","43.9971077302683","43.014892306127","46.6036118460817","44.1055786915466","44.6887659984029","45.404651214968","42.6459852331416","41.3699484261637","41.4303745101477","40.736150559887","41.0559430255954","46.1689000685777","43.4294440838332","39.797940206821","40.4085763351911","45.3668335484121","49.8552010266907","53.6534356342124","51.5631748119652","48.2819544785637","45.5397819208328","40.058338011922","37.5019849152538","39.017085209178","35.3708484097637","35.0094674181023","33.6208040771432","35.8825645595703","36.4008818615818","33.6778689517423","31.9564108832988","40.4584718299625","43.2846167726677","41.0651913141848","44.6767598538623",
"New Caledonia","NCL","Exports of goods and services (% of GDP)","NE.EXP.GNFS.ZS","","","","","","","","","","","","","","","","","","","","","","","","","","","","","","","18.4876237919829","16.9089199921216","13.7104833425977","13.1111497172908","13.5961768763712","15.5638092688604","15.3462781971239","16.4920122012602","15.7019100011629","18.433917555011","22.7808806145383","18.7087954532429","18.0560436990616","20.612272324034","21.9936875370641","21.4671958558995","23.8931284444354","27.3847247877213","18.5542331555049","15.4006566270318","20.1994749161539","20.0908245767248","17.758536514681","15.7230973660898","18.5861810873195","18.0691662889356","19.2654863869492","21.0077980936617","20.9894073","18.3293636039604","18.0451658989899","14.154621023622","15.3819770238095","16.9373546011132","11.6947134994698","",
"Niger","NER","Exports of goods and services (% of GDP)","NE.EXP.GNFS.ZS","7.10041073177265","8.12123514143341","9.28357491437059","9.31114997448992","9.26666052985036","9.48485101763618","12.4527143653732","8.42953560931158","7.97759855918966","9.3576559667712","10.7723830375582","12.3678397656615","14.2137063199685","15.5147694594512","12.2705630488031","19.2465293764928","22.2636539756868","19.6425919430317","22.5306478722601","28.5411485405869","24.5842225037173","24.1558241624055","20.9705721016811","20.8249206114142","22.9053264293439","20.6859523804412","20.0004246344954","20.8029218654525","18.2998821233711","16.5997149981006","15.0686349657165","12.017960053768","11.7816643385979","10.9092633875634","13.1410318962769","14.5380524628733","15.2959244617616","13.5378881783139","13.9700549614385","12.6556555877235","14.3397037015635","13.4558135151968","11.9188080478994","13.2742280973529","14.2585696095611","14.411416011146","13.8704426231817","13.0665385476229","13.1805095968022","14.977850620897","16.1844145982019","15.2895554371407","16.1005770719535","16.9790336020885","15.945862927875","14.2683699619368","12.2341330494238","13.1677111332678","11.9781964521768","11.9560620288967","10.3814142666001","11.0621894157621","10.1455281678398","8.25116486718739","8.99782940205197","15.7618372545511",
"Nigeria","NGA","Exports of goods and services (% of GDP)","NE.EXP.GNFS.ZS","9.24153046405216","","","","","","","","","","","","","","","","","","","","","","","","","","","","","","","","","","","","","","","","","","","","","","","","","","","","","","","","","","","","","","","","","",
"Nicaragua","NIC","Exports of goods and services (% of GDP)","NE.EXP.GNFS.ZS","23.6529705284977","23.4018956188516","26.4315577006245","28.8242909284883","28.8739663468938","29.3005186669763","27.115170431526","26.4618925898161","26.6848685578443","24.3859582232446","26.7324008876369","26.2996898095","35.2892515392445","28.2103193660308","29.0748893382992","28.0427575160875","32.9947207313356","32.0913335247534","34.4096982244765","42.0245802111015","24.2288003565564","22.3441657136051","15.9788215068685","19.4003055985003","16.4430387120894","14.7661996358725","12.7763132744146","11.7706828687163","17.980878530468","32.5370110134318","24.9483592559642","21.82198401817","17.2512271307452","20.42792688032","13.1398768688125","16.0950862533839","16.8473581081537","19.4195451837514","19.3344405147071","18.5302795190448","20.1081658866931","19.0419108824493","18.8471358845682","20.704998914845","23.0598557398256","24.3821308946094","31.2666288650856","33.0635730423674","34.4704620011048","33.9814942096139","40.4671151559929","45.0169781525763","47.4691755587782","45.2142694902064","45.008072249634","40.0837782888412","38.8820263906579","41.338969262606","42.2771474372665","44.8044297851925","41.7461005411755","46.4042462306705","49.895771373158","45.8658095323572","40.986351560247","41.5934723818613",
"Netherlands","NLD","Exports of goods and services (% of GDP)","NE.EXP.GNFS.ZS","","","","","","","","","","41.3888702902014","43.497589497133","43.7636918815617","43.7206242855085","45.7882096764328","50.7963315844673","47.8803039183872","48.9559354100136","46.3227225590489","44.2261444071507","48.2552043205699","50.8356365663113","55.345283504417","55.3559825604044","55.041396833026","58.8791115554513","60.3977513276902","51.2038991421934","49.8578141914045","52.1631522441186","55.4850095421904","54.8626549304423","55.5626380153824","53.8154295005776","53.0451530789049","55.1862017827787","57.6919813836234","57.7981465392412","60.7658388789699","59.6772355314445","60.2958992533494","66.4429411465509","63.3725444723061","60.1048715353519","59.2393489233853","62.5959181523516","65.5858924432585","68.1457296355057","68.7100477700614","69.6056649864348","61.6018141050156","69.2873649735157","75.1751870770854","79.5755903693531","80.3711722486241","81.3822615368973","83.9918475345943","80.9095011629118","85.1795472131327","87.0564594492635","85.3209394926528","81.2415259478997","86.4500028041052","96.4436215813729","87.4860612893795","82.4976839942829","80.6693413415314",
"Norway","NOR","Exports of goods and services (% of GDP)","NE.EXP.GNFS.ZS","","","","","","","","","","","35.3370583004929","33.7204196145401","34.0063229999122","36.5061694034697","38.8743097150717","35.3881572027907","35.3282811484595","33.6684923294913","35.5616183562952","38.6351427974574","42.1008132953922","42.1948477777503","40.5774125842897","40.893003784633","41.7083894478333","41.4613046611349","33.1510429686894","31.3344638643616","31.8369969461494","36.577905288138","38.8731828768774","38.8200137764372","36.8322939849829","36.9193654438118","36.9787571490903","36.8480219820403","39.6976971721752","40.3720490528697","37.0608144407435","38.6433893169333","45.8365018251845","45.1531766095749","40.5838246089831","39.7056811669224","41.0491288437838","43.2413599919454","44.1733932893218","42.4957811855517","45.6676256939176","39.2490204203521","39.5703457442809","41.0021893059034","40.6221948688402","39.1524912574603","39.0079819454092","37.7795790425628","35.0792306836966","35.7799907512702","37.3017822287814","35.6950517697888","31.3463505764851","41.7846805150434","53.5795492360197","46.4049617701132","46.3794958458439","45.3729560131418",
"Nepal","NPL","Exports of goods and services (% of GDP)","NE.EXP.GNFS.ZS","","","","","","7.76508403722035","5.64481095253116","6.87451275332014","6.84511342966364","7.01314974343331","4.90419708029197","5.40389324663713","5.6611049990894","6.61049226159124","5.44971913841814","8.90109298052131","10.7738301182812","11.7881938657407","10.5716598187042","11.7848295665774","11.5412625387034","12.9014543003732","11.5915841381589","10.231042950237","10.6524501037625","11.5292143562444","11.6622999066829","11.8132750845547","11.4471692715783","11.0676046555915","10.5273091204456","11.4907512863386","15.9597261292976","18.4329641055999","18.9939379340801","24.9731589825482","22.8175751366943","26.3278350735973","22.8220512223903","22.8484720906571","23.2840037102623","22.5607737189466","17.7371295242283","15.6998644945158","16.6826952635217","14.5836867929394","13.4465909577363","12.8556648764061","12.7758202580003","12.4193541858921","9.58253617198229","7.80613567968357","8.75029128721577","9.2946586776145","10.124042118155","10.2145885930146","8.17957803966234","7.8121886555374","7.81564102219889","7.77993647445109","6.80529835537229","5.11917148482606","6.7023908652401","7.00596728086136","7.55423347172655","8.82763359925247",
"Naoero","NRU","Exports of goods and services (% of GDP)","NE.EXP.GNFS.ZS","","","","","","","","","","","","","","","","","","","","","","","","","","","","","","","","","","","","","","","","","","","","","","","","","90.4761904761905","83.3333333333333","51.8518518518518","62.1212121212121","68.3673469387755","101.086956521739","99.0740740740741","71.5686274509804","72.3880597014925","60","54.7115976331361","60.3950285714286","43.5836021505376","36.21115","45.3823293172691","40.8333333333333","53.515625","61.7647058823529",
"New Zealand","NZL","Exports of goods and services (% of GDP)","NE.EXP.GNFS.ZS","","","","","","","","","","","22.0872818032506","22.4945295404814","24.4537601626016","24.0082599717422","20.6231454005935","23.1032665964173","26.6828988828416","26.1458799463019","26.644106034969","28.6287205257054","28.805115004567","27.9255319148936","27.7352462475134","28.4084457541431","31.8104582984325","29.3042342846484","26.6371024795955","26.1222174526277","26.1930222279253","26.3501859537541","26.7618584733406","29.1613463740835","31.1916767728346","30.6024238841265","30.7781456953642","29.3933663078266","28.3488788439284","28.3203739922721","29.6173216258214","30.9505515371504","35.7454584901409","35.4310398408851","32.8470717038637","29.8397254017245","29.5434106069527","28.2851654320382","29.6086137531685","29.2731139479196","32.0052043552236","28.6654584101329","30.197296130602","30.3648053574192","28.8101128701328","28.8080124378323","27.9659167191753","27.9457760345104","26.6311815084262","27.5921256754851","27.9040127582116","27.320284070356","21.6681005262214","22.3336966551166","24.0471843984776","23.6303100710205","24.7052588214056","",
"OECD members","OED","Exports of goods and services (% of GDP)","NE.EXP.GNFS.ZS","","","","","","","","","","","12.4770920245131","12.5778884676002","12.8063487234392","14.1075279302495","16.5301537416596","15.8976596187289","16.2016551562892","16.3262913091186","16.2422305932408","17.2360795940856","18.305980340906","17.9732830916564","17.3747717391414","16.7122103279857","16.9809551567747","16.5847688736098","15.915892274262","16.1499502555124","16.4786774449275","16.9535052459124","17.5206846936307","17.259089436114","17.2368073838996","16.5711180953606","17.2815550178049","18.5959378814081","19.1455623187362","20.0501558790541","20.1982246638362","19.7675159493315","20.8006433726433","20.3882722370142","20.2964487207168","20.795098052928","22.2893671049334","23.155753260451","24.70555720076","26.0074446327485","27.1941361818386","23.5709865986114","25.6835504132411","27.7107365450815","27.5892133965917","28.0017662629751","28.191520502647","27.0514147457863","26.4290089962155","27.5433939514429","28.3329435630357","27.7168620093837","25.5716650021933","27.8507453859865","30.2714427211578","28.6304153484134","28.1528983229875","28.2538396080872",
"Oman","OMN","Exports of goods and services (% of GDP)","NE.EXP.GNFS.ZS","","","","","","","","33.7628865979381","70.1397712833545","74.6","73.689138576779","65.7873701039169","59.375","67.827626918536","73.7203518029903","67.5503959611152","62.3317878548004","58.301641497503","58.3201206212234","61.0624195424583","62.6591113692464","64.6871110482546","58.5460236626802","53.6515950819955","50.2806130821491","49.8278321082159","39.2465225275575","48.8779399639722","40.0062025120174","","41.4435890421666","37.7886493124761","39.2401349567258","37.7951604649463","37.734181689643","38.6422285449613","43.7147853118321","43.9139022245289","36.8293078294699","42.8923534644946","52.8812450343506","52.0607629332053","51.0785120705402","49.8417471950873","49.7630983256505","55.2943072280332","53.783801943669","54.6159437848316","56.6730874556165","52.7902973909699","59.0956382553021","63.9174704172791","62.7218547578454","66.0316248510717","61.4401786616091","49.652560938135","41.3196247446948","45.7165464756476","50.6224420190996","49.4929030047786","47.0548733691481","53.329759351918","63.2505019129513","61.5843427989208","66.072566156431","",
"Other small states","OSS","Exports of goods and services (% of GDP)","NE.EXP.GNFS.ZS","","","","","","","","","","","","","","","","","","","","","","","","","","","","","","","","","","47.8209672179517","48.7887472769151","54.8340773397015","56.1467957277669","55.8156480328209","57.0856586734331","56.5508709338638","59.5204771722965","60.178601054618","57.5931031220143","54.3923697054089","54.6373575419947","55.2214181476957","56.4986095166612","56.3390595778146","59.5988307125776","56.1074413148321","61.6035711706214","67.299636436764","68.3330971613748","69.6347866034111","69.9084747487282","68.552222105881","66.5560270219902","67.7604436443956","68.8556575125156","70.0864864729071","67.1882977946839","75.9238773732763","83.7223273117069","77.9394178961023","76.6680355883281","75.9580881911356",
"Pakistan","PAK","Exports of goods and services (% of GDP)","NE.EXP.GNFS.ZS","7.17486277584855","6.21526538520369","6.69914738124239","8.17612914928351","7.72210118615347","7.05507349034886","6.90692612981692","6.92060991391436","7.53342385627742","6.92157005006167","7.61659441687085","7.72184048355023","7.17538821721874","14.7587862265157","13.5751742298699","11.6870384860995","10.6478782485962","9.34302962310014","9.43039912892579","11.0453274504271","12.5907959296094","12.8351953299113","10.1903695408735","12.1834752611921","11.3946574813841","10.5661887888986","12.296222586739","13.8094148431646","13.8588280235538","14.0719329128478","14.788718407651","16.9323927101705","17.2707273079987","16.2020946178116","16.1583805703018","16.709969655752","16.9031017751853","16.081953225121","16.4847911755655","15.3534993273502","9.62962571560589","10.6261723730627","11.2629668954049","12.1646439105383","11.422970350187","12.2518417522088","12.5489466265472","11.6250765592664","11.87581528062","12.3909882054304","12.6372245592948","13.4825548617217","11.8739641473238","12.1774992040696","11.1949717426146","9.97457095124036","8.73671639116568","8.22161134395559","8.58179960556073","9.3908635386027","9.29855944234725","9.05159988878188","10.5405902721041","10.4939587511564","10.3855031331012","9.98520671042165",
"Panama","PAN","Exports of goods and services (% of GDP)","NE.EXP.GNFS.ZS","45.7882393854495","47.186442398272","53.1808288923112","52.6594303004561","52.4747998904833","54.4383463269103","55.7878865199664","56.3528034862358","57.2953180520585","57.4091891980853","55.7875595556024","54.3244147385435","53.4508513356277","53.5747745812061","67.5883454410157","68.9926650228199","62.8488786780758","65.3086981928208","59.0250920417958","58.9493314116613","65.0313115073008","62.2891813692173","56.8096820671071","47.137501057395","44.5071278167269","45.4422048365508","47.1090454074329","47.3636983933586","49.8091612170624","52.258710520074","57.4932945723843","64.3522561564838","66.3566950191609","64.0586586268777","66.0420556339858","66.8471008580416","83.4318450312489","88.9202561675413","76.9210392173907","63.7846916423096","68.9601167325743","68.7000854646216","62.8290573143366","58.1335706161728","60.576824415491","68.2355959083914","69.1942342226276","71.9791727879009","78.2985921255699","69.9648088440032","70.025242127624","77.7456721038553","74.5443157318036","64.5610772417975","54.8890820412486","47.3866198943049","41.7407554754564","41.4710106917443","42.3471044929045","40.2141745207689","36.269088105591","41.6067039493249","48.0265978360198","45.6292440025453","44.3578422661429","",
"Peru","PER","Exports of goods and services (% of GDP)","NE.EXP.GNFS.ZS","20.2107117701269","20.8080128217091","19.9663002619313","18.4470755601073","18.512720160744","15.6706568893996","15.5631265094855","15.4237640292426","18.1087568279364","17.4651066535654","17.4179498582572","13.8397540584195","13.7498876167536","13.3257085992292","14.1143064884239","10.5626215935701","11.72908337768","15.4747805945055","20.1828888617999","27.005023253703","25.5205221140736","18.561803025361","18.8184767340648","21.7352180455136","21.8165055057893","26.1450554489082","16.442611490561","12.6654214090224","15.0994904239533","11.3296364132411","15.697191461944","12.2023866654061","12.51350576868","12.4506751041035","12.771482770164","12.5998852514905","13.3165199179977","14.4772602562861","13.7029018488677","15.3968880071118","16.7683737208169","16.6013795219337","17.2748078529874","19.0146669472489","22.91223375085","26.8487611117093","30.536636453521","31.5221165305465","29.7276302098838","26.4420527390278","27.8261641521747","30.5027597563889","27.4496143710972","24.8082994208508","22.6069703758151","21.2873252858958","22.6003137409908","24.7198719746973","25.1921846722472","24.0390874349068","23.0114431429931","29.225876726221","28.8196452516984","27.1701618135233","28.8839339520309","29.9698270665613",
"Philippines","PHL","Exports of goods and services (% of GDP)","NE.EXP.GNFS.ZS","","","","","","","","","","","","","","","","","","","","","","16.15668467559","13.8711131877609","14.7105725820752","16.9424693534499","17.0221232673719","18.5661232093716","18.5415326150478","19.9993637191705","19.7398895822467","19.3932131437876","20.9651411756089","20.7796645414886","22.3031303689154","24.075665857016","25.9460416626648","28.8867213731659","35.0861457359116","37.8068683988215","38.4111587355426","43.3442192240219","41.1555015074547","40.0056799440289","42.3050183712712","41.8268409907999","41.2300392158954","41.2454593705084","38.0141863378076","33.3568332437392","30.2195255995892","32.8748297195678","29.1054288781405","27.4670738577233","26.1774198090007","27.3545041909285","27.2080572390451","26.6730033435157","29.5522908546692","30.2136053733275","28.3829200126393","25.2028393102032","25.7520349160187","28.3874015457939","26.6368493470585","25.7369806583516","26.5503358170748",
"Palau","PLW","Exports of goods and services (% of GDP)","NE.EXP.GNFS.ZS","","","","","","","","","","","","","","","","","","","","","","","","","","","","","","","","","","","","","","","","","","","","","","44.0349590725496","46.1060324306262","43.6339542379823","46.703952311301","43.0541162228117","46.3645995844408","52.328667562443","55.8365286213549","54.4571655359162","55.3068814438355","53.640192108917","48.2044202424041","45.6266748654046","42.7750090070731","38.3226341885556","23.322084126818","6.58256757890493","15.4378951933852","26.1410304075549","32.6986673415734","",
"Papua New Guinea","PNG","Exports of goods and services (% of GDP)","NE.EXP.GNFS.ZS","","16.1024702653248","16.2092624356775","17.4107142857143","18.3052090975789","18.0279856817442","16.7860211973647","17.3681497545259","18.8596447692417","18.9150828586277","18.4767490498353","21.3699562405165","31.2090494529561","44.8781130425276","46.8844859630246","39.9787899256972","41.7737311675064","44.9749711205237","41.9364327612427","45.479606426583","43.1824834611557","38.2405424696645","36.8339812485708","36.196032672112","39.4428155625053","42.1145974953757","43.579671888971","43.1664521306959","43.2510015456926","40.647470203894","40.6247968272544","42.2648102950965","47.8498697608335","52.643259846726","53.5346075258123","61.0389865530211","59.4045079252947","49.1575230238997","54.0414898252089","63.1183638793865","66.1783592514226","65.3299673922453","60.9158105615375","69.4179663237905","72.1640496028947","","","","","","","","","","","","","","","","","","","","","",
"Poland","POL","Exports of goods and services (% of GDP)","NE.EXP.GNFS.ZS","","","","","","","","","","","","","","","","","","","","","","","","","","","","","","","","","","","","22.8537362037756","21.9840947671415","23.2551841461345","25.8603424954365","23.996792689932","27.0732197283645","27.0572580080351","28.6233983013403","33.2386667780391","34.0621696099277","34.5254622754817","37.6580412251077","38.4711164171074","37.6687727009599","37.0040504665451","39.8922068463219","42.31819097341","44.0229016385965","45.7672881629144","46.2206720325579","47.1616367257527","49.906428862355","51.6925275786294","52.232575443975","52.6128934811742","52.4338855199248","57.0379760723016","62.3525162455456","57.8812710195434","52.1798133919011","49.9505650987029",
"Pre-demographic dividend","PRE","Exports of goods and services (% of GDP)","NE.EXP.GNFS.ZS","","","","","","","","","","","","","","","","","","","","","","","","","","","","","","","15.8214363066611","15.1810262613377","18.5291771165256","17.5731635022343","17.3371845365808","14.4707192759017","12.5225608126367","17.1488070505259","17.3615452358582","36.0297125963467","37.4602573163526","31.1647089780299","28.8516526915224","26.2318595576047","26.9572195581979","28.8999864294241","28.2240022470559","29.5255947829342","32.915641992041","26.6653305362353","28.0556714967748","30.6172998660399","29.459788597681","26.3035429809806","24.1293367328382","19.5866243509935","18.8807983193046","21.9482830307096","25.147268074281","20.346520473502","17.1213228537434","21.8368981692012","25.3093447690068","25.3681770696529","29.983286239322","",
"Puerto Rico (US)","PRI","Exports of goods and services (% of GDP)","NE.EXP.GNFS.ZS","","","","","","","","","","","","31.8197917404548","31.1949943908104","35.2122129555581","43.4455028107433","38.2811070587805","37.3101710411881","45.2017475708563","42.7039856695029","47.32","48.5816806478204","50.7204321966445","52.9795635938488","49.3222046004422","47.7283875883231","51.9670563649626","52.575047820694","50.2297530155083","52.879958159313","58.0760052838657","63.0814635210608","66.0419968624554","60.7881565432482","53.6007138853385","54.8053784986532","55.833036773157","50.604273167885","49.6955208225183","55.9713717311561","60.340934631144","62.341293122729","67.7674964310691","65.8614840101363","73.7367595292633","68.5739714691732","67.3819013968444","68.8832975340974","67.0330992632605","68.297819398479","63.0868096479142","62.6716662617794","64.0527265606861","57.4525819969123","60.8699853587116","60.8216247030137","67.1949349700848","68.7581646726416","68.7237240865963","59.9539809089117","60.5788840862048","60.3479655466984","54.4123367654327","52.4462925923876","53.6448077849649","51.8769700552116","46.8831342261072",
"Korea, Dem. People's Rep.","PRK","Exports of goods and services (% of GDP)","NE.EXP.GNFS.ZS","","","","","","","","","","","","","","","","","","","","","","","","","","","","","","","","","","","","","","","","","","","","","","","","","","","","","","","","","","","","","","","","","","",
"Portugal","PRT","Exports of goods and services (% of GDP)","NE.EXP.GNFS.ZS","","","","","","","","","","","19.1102594689526","19.6502837498762","21.337763833165","20.9404001785892","21.0507837499211","15.9828848476987","13.6592925881003","14.434696986541","15.7615104249114","21.1966869294923","21.4552593349542","20.330652140608","20.6836477896989","24.5513956995292","29.1795537141225","29.2423128367626","25.9948858316449","27.3385645319817","27.6366707972741","29.4651906048673","29.1691775307804","26.547558876519","24.4586706502227","23.6001482902129","25.1335659295225","26.7697318737852","26.5484648796224","27.1541447475915","27.3316272273762","26.4819747246951","28.2046205938904","27.4373261135265","27.0733622325977","27.3671918978917","27.6670515552519","27.0841675459537","30.3574044411002","31.1941845713373","31.2610790783868","27.2937427180784","30.0275851235273","34.4115130933228","37.7235057219779","39.5639503324812","40.1850905816292","40.6876664090066","40.3550889260564","42.9426786480198","43.677580570852","43.6531259432991","37.2560151344529","41.5484271843512","49.4816822004506","47.1554769314882","45.8196856112127","43.6580888492067",
"Paraguay","PRY","Exports of goods and services (% of GDP)","NE.EXP.GNFS.ZS","","","12.6298186938919","11.5604068469362","12.2560833398119","14.9574178773349","13.2465674082655","12.2186961354447","12.3543480927266","13.5776753741458","14.9170459550727","13.3753702111398","13.7669119392357","14.9636869504213","15.508549730118","13.2089540482779","14.6602263756079","19.4539702289729","18.420236744362","16.0582466539996","13.8456158256001","11.1624421996108","12.1378758276349","9.25558053041867","18.3737201290961","27.0817516165298","34.2863027591859","36.3741545715966","48.3846821014669","51.8801101548043","52.2235305170331","50.8420685695162","49.8340111967107","59.9203075195212","60.8203573533219","61.7750273749308","52.74050158026","48.4697528692641","54.6398352009449","42.7929400088689","43.3309260294934","40.6425889608269","47.4750765387374","47.1446575963153","45.6878246718486","47.5935921119847","46.2930851780555","43.374929155941","42.4383687094115","38.0972540491829","42.1398416256059","40.238859668619","37.995519198228","38.7136655822512","35.4644118987732","34.734658699956","37.1432329052059","38.1692845403814","36.8532235364332","36.0872909434467","33.2706269850168","35.4652163043306","34.4000035331202","42.257662716231","37.7135431058066","37.1780127232973",
"West Bank and Gaza","PSE","Exports of goods and services (% of GDP)","NE.EXP.GNFS.ZS","","","","","","","","","","","","","","","","","","","","","","","","","","","","","","","","","","","14.5429606443217","17.1225782868283","16.0136086344439","17.2961327730198","18.0539849550125","17.5969282637198","20.5165059347181","15.3832704748108","13.437201192418","12.9813508064516","12.9651756425018","14.1112433423727","13.7669913804386","18.334852210396","15.9362004815058","14.0161025019479","14.1228115477973","16.0860353474401","15.3263326889683","15.6198438829492","15.8230698299463","16.0623801208096","14.3267945006296","15.7242063492063","15.961564454493","15.5210552426533","15.3576234410914","17.3411011099453","18.4362526414651","16.9958841111666","21.8525432511909","21.2278136668395",
"Pacific island small states","PSS","Exports of goods and services (% of GDP)","NE.EXP.GNFS.ZS","","","","","","","","","","","","","","","","","","","","","45.9502889440959","41.2736206275183","41.1814277196428","41.7314690252299","43.3280931585155","42.2534657623909","39.9458300571847","41.4974776557027","47.0107611977229","51.5104512983749","51.7174092889759","47.8323446495767","45.1278019850871","46.4320636878753","47.0517228383357","45.8624113218086","50.7409292851467","49.8531012904046","46.3409588703576","46.8960131117172","46.4978617458696","42.5412679477089","45.544965850536","46.0161035324424","43.1367568872995","43.2218170851134","40.3001016351407","40.2634748803929","45.4221809585178","39.9641463149714","44.2566901579678","48.2457998508086","49.8902943565251","47.56008781343","45.0789020051486","41.5246015493382","40.9640114508226","40.3217046207635","41.9227623708352","41.8767983657132","27.138931378552","24.6202250892465","34.4240612970044","42.0457567103024","41.4777620650859","",
"Post-demographic dividend","PST","Exports of goods and services (% of GDP)","NE.EXP.GNFS.ZS","","","","","","","","","","","12.8525385551395","12.9653011581752","13.1850025983784","14.543336211055","17.1420638561826","16.5137772094925","16.8312148785062","16.8999380723977","16.7857865224051","17.9068116981579","19.0932950503874","18.8895555663525","18.0724630016217","17.2826883787572","17.5998043667564","17.1819904163515","16.3796131486101","16.6570249372356","17.0316054044411","17.5704504011047","18.1341335354917","17.9699091376369","18.0264282567231","17.5804544469594","18.3160229477886","19.5583330651368","20.1275284662991","21.0609476707335","20.9904416787343","20.4941416491426","21.6630083797467","21.1422899068884","21.0362573961875","21.5226459080312","23.122211337659","24.1273372829023","25.7726422890753","27.1314892472485","28.4667875243569","24.5037008145876","27.0235407981765","29.2663017582529","29.2131335782273","29.6981820643063","29.7551308929835","28.267075324984","27.4358798835335","28.5861077147416","29.3222758238115","28.4929827964013","26.0235394129334","28.4552392380406","30.7650960875159","29.1498630594373","28.7733646383575","28.9126216845255",
"French Polynesia","PYF","Exports of goods and services (% of GDP)","NE.EXP.GNFS.ZS","","","","","","","","","","","","","","","","","","","","","","","","","","","","","","","","1.26465406101387","1.36352455278962","2.35053813712899","3.51208008235095","2.78930561143279","3.98906841572789","4.12726148355374","3.95418178610471","4.8674567543193","4.69809149754936","","","","","20.4602519635541","20.2542589811382","20.3798093159795","18.9325946508845","16.712434787085","16.3781286675659","18.2322072872423","19.2775482028539","18.5160924863597","19.704885459438","19.613765074754","19.6126341083126","19.556958430367","20.9791687502218","20.5923590296429","9.49972847640143","13.443127139243","21.8171217385989","24.0679217423403","18.3213723539379","",
"Qatar","QAT","Exports of goods and services (% of GDP)","NE.EXP.GNFS.ZS","","","","","","","","","","","","","","","","","","","","","73.7082650106409","68.0055752660923","60.4692293809782","54.0266892607498","53.7827895073576","51.3527993570855","39.8521176534551","41.3013871374527","37.4857818827062","42.284891598916","53.4599880561362","47.4377394636015","51.0311871227364","46.1074856046065","44.875759043326","44.3386675443927","43.7257399320718","48.2808092597996","51.0956335387088","60.0407882778036","67.2833585991399","65.8928571428571","60.3427728278758","61.6975823867948","64.1682249463259","65.0850448205021","62.8177301668238","60.2775796051022","61.3627372003565","51.1348760906328","62.3197092953046","72.619706501698","76.4724190759864","72.7178350242963","67.9981181320016","57.061477766584","47.7138414909054","52.889422628417","55.9418631716143","52.1888599262863","49.118878259958","58.7260170336864","68.5984131738821","","","",
"Romania","ROU","Exports of goods and services (% of GDP)","NE.EXP.GNFS.ZS","","","","","","","","","","","","","","","","","","","","","","","","","","","","","","","16.726891246066","17.6006170878896","27.7914151131162","23.0163008215295","24.9013530353956","25.6300423094106","26.4574936115282","28.1971443249242","23.0154805621533","26.6618172055494","21.58888431382","22.105963469215","24.0130293587441","24.2127350487918","25.743936265036","24.5352206061523","24.7712264990404","24.710829049515","26.155499661561","26.022377022811","31.6415933092484","35.2366088533551","35.708362986259","40.2453636124718","41.4767119396626","41.3491935848306","42.4163351743737","42.334274206143","41.7841912043995","40.3352034270657","36.9711409958175","40.6943872735548","43.5131053942163","39.2445975462886","35.6030266999465","35.4843123183415",
"Russian Federation","RUS","Exports of goods and services (% of GDP)","NE.EXP.GNFS.ZS","","","","","","","","","","","","","","","","","","","","","","","","","","","","","","21.9022687609075","18.1620614715927","13.2713621737576","62.3224618621778","38.2045944842866","27.7583790421613","29.2890113495619","26.0729881302908","24.7298415292289","31.22120547318","43.2199685128244","44.0604413055146","36.8934935960337","35.2125940630626","35.2499817757806","34.4178910554597","35.2030659651181","33.7304754439762","30.164060484537","31.3095603335689","27.9381012041521","29.2155607849758","28.0553614798549","26.9073203393663","25.845336826255","27.1110970517525","28.703389442924","25.8544829769167","26.0908809797568","30.7932568020743","28.4334306799759","25.5221855113549","30.0024195364041","27.7096266135186","22.7699393140297","21.8563659146375","18.2030774281844",
"Rwanda","RWA","Exports of goods and services (% of GDP)","NE.EXP.GNFS.ZS","12.0858267108985","11.1514115643223","9.01798783172358","5.7698605794929","11.6611924462366","11.7552353582585","10.960906910912","10.215235115758","8.49307531018112","7.46204848766276","11.180390160756","9.92311713662164","8.04810629945315","11.2708933122763","11.8251849326954","8.91292261932957","14.1673311311913","13.8649299005965","14.3636711916082","20.4518484260166","14.0289207222169","9.54809214444627","11.2263837181715","11.2547677774794","12.2747976400184","10.4780733171085","12.2290121870674","7.23970768457834","6.4326631068868","5.96595222006883","5.45608623745604","7.11002736152883","5.41118970840115","5.02912803746945","6.12463866594115","5.00536441544905","5.86108026843615","7.57718922919643","5.4273748487722","5.26002863158943","5.25870559594685","7.27465439836442","6.05806431767301","7.35688386400553","9.85050318804524","10.1809499101749","11.1270158683034","13.8784428510216","11.3919468648675","10.4889388163214","10.8521050310467","12.7825549476213","12.1714052257156","13.6719130623219","14.0585915987458","13.3866171186652","15.6179503112336","20.7331362244343","21.6356120150164","22.0304453174238","18.6683229570341","19.2857935398644","21.7992420465265","23.7006060278177","28.4212300769621","21.5547314535693",
"South Asia","SAS","Exports of goods and services (% of GDP)","NE.EXP.GNFS.ZS","5.978405866504","5.84588732314773","5.6660661410173","5.4412721142824","4.81150852141379","4.53303032438019","5.54711847669043","5.28797195148484","5.12176856143842","4.76642395816815","5.07573919897705","4.66211649992477","4.81248628019461","5.0866499299669","5.44855020136315","6.00578753656525","7.34865535034126","7.40678323389078","6.88820590068547","7.36604221663927","6.72228526726038","6.51369240594836","6.50563136056976","6.38435260341503","6.75867689392335","5.8779328451751","5.7645639417692","6.12394602299254","6.56213980564285","7.4627057402074","7.60797617112573","9.05948092643187","9.5962881834073","10.749457176117","10.7931628896771","11.9325169716266","11.3371879284968","11.7961574596332","12.1777236814444","12.4625822711565","14.0068701529091","13.6045356424678","14.8815108912803","15.3691639977728","17.9679876333779","19.7498115092896","21.3731119394684","20.9831239205119","23.8640791751783","20.3713563004387","22.1117830162706","24.2627681495697","24.2426618764431","24.9375364385616","22.658441735499","19.6264627468981","18.6545468231954","18.2488558016143","19.1957804820562","18.1387691771773","17.542230456524","20.011492655258","22.5626099184579","21.2646158940211","20.7687457207034","21.0377211836739",
"Saudi Arabia","SAU","Exports of goods and services (% of GDP)","NE.EXP.GNFS.ZS","","","","","","","","","47.733686087562","48.1901842323447","50.801719150343","53.9845519123988","61.5837827042141","99.7039924915169","62.9360609368797","73.333738527928","59.7295742232451","57.420627788973","49.3167100937806","54.8563858934186","63.4558013522574","62.8186926802349","50.7317249597399","38.4686570107195","34.5219400414652","30.071110071801","26.7029998136762","30.8617740261925","31.3237665610752","33.7456765574895","40.334827762329","38.3083994377757","39.1068068578908","34.3528159609611","34.0009481856073","37.3378413620953","40.0228209447804","39.1585979206286","29.6323817967762","34.6664709888381","43.4052690306903","39.633694222871","40.94880327191","45.8541491871159","50.9853310838178","57.050742989557","59.8319082445442","59.9374401392842","62.1115020331022","47.0886206534391","49.5697145263124","55.2733461365779","53.1198476436365","50.3725164415794","45.0958458227862","31.4401316153804","29.1430897114591","32.3625378991189","35.5209831625769","32.159204977113","23.8098115262185","29.1556614026837","35.9850098955522","30.7559610678442","29.3880027930942","29.7448740074211",
"Sudan","SDN","Exports of goods and services (% of GDP)","NE.EXP.GNFS.ZS","14.5588985211627","13.3161108501644","14.6162162162162","16.7056323060574","15.5357881671494","14.2318380309647","14.3161153027665","15.1152403073075","15.1146867511126","15.7002953520908","16.3407630247504","15.6375502008032","16.0189683090446","14.8483434437704","12.7094668117519","12.0936048588782","11.2236125704461","9.375","7.91995306694479","9.95599103213485","10.500681427199","9.65074294081432","9.98075998075998","10.5615373112008","8.46715113496639","5.75095670120824","4.75614831255821","5.51267916207277","3.78808377076682","5.34584503277574","4.02284234619564","3.33616500509375","5.24569682090922","4.23007509178415","4.69043746945676","4.96944197111298","6.16027363926995","5.34364674504041","6.70210650697895","7.77940723822228","15.9845570577283","9.5605178619468","11.4095829536873","12.2525341182648","14.300391937677","14.458821843369","15.0949253001601","16.9005341241689","20.2654316259622","14.5541979940253","17.4756063457453","12.4787060282521","6.85645263673087","9.50689116839014","7.60891112283276","6.42291092918573","5.00449100738247","6.11214425821293","7.65020198466392","8.45298341762853","5.12531269468598","2.2498704277993","1.57116183055586","1.10810859308483","0.720930190156301","1.1030420269355",
"Senegal","SEN","Exports of goods and services (% of GDP)","NE.EXP.GNFS.ZS","11.5114773339517","14.5141966586908","13.9163717393091","12.0766083719679","11.9727863189142","12.0189363711489","12.7269964110589","11.7116566045224","13.5343026042449","14.6986392109191","16.09353403701","15.3276757714801","18.135986783297","16.8576244172367","25.2946160902563","21.5488285461405","21.4757505862421","25.61551842547","17.8905541812657","18.842476862412","16.1096048755875","21.3486008235933","19.6180854743934","23.7299671287237","22.8926097241825","18.7344648130573","16.5609599624598","14.327442813202","15.0251156667874","16.3839337769893","17.0561016455994","15.5157293530238","14.9890712558826","13.554006603149","21.2214390843733","20.6568594195014","18.0841653941018","18.3329326136605","18.5849659047911","19.0042574130823","17.7641495981977","17.7006801043602","19.6168800518197","18.2180266837333","19.10166287579","19.8066375707013","19.252084644369","20.5543882272223","20.8463012615706","19.3938665528849","19.9812388274952","21.303548885652","22.4743744215738","22.3497423099059","21.7782967413225","22.6771945016724","21.5608580962682","21.9630261455747","22.9490914783308","24.9831341973865","20.7005528555706","24.6396021156771","26.6991642240508","23.1064628813737","25.4821491435337","32.4878683497667",
"Singapore","SGP","Exports of goods and services (% of GDP)","NE.EXP.GNFS.ZS","162.825623435617","142.423206733029","138.12121930969","141.153435386258","122.084612012275","123.237029092372","123.277916815636","114.293253120135","125.659884520209","132.125637140102","126.026907965234","119.463484321563","106.739096394975","118.336603947824","149.471608709884","137.121504585285","149.480784355546","162.758970721327","165.438393665405","184.677312546118","202.006215789962","198.182656826568","185.352489023342","166.865573598192","156.46411249353","152.222314672514","148.730947088356","164.003337028947","184.714114870593","179.295693093127","177.192544433931","168.546193922295","161.725949774023","161.650519642454","166.193359003655","181.120940871727","175.64311239295","169.296886140865","166.787570508849","176.745012905762","188.350890284751","182.894180709771","184.086118066532","202.586206389804","213.951695442646","225.159667736916","228.037617061062","212.779393731371","228.993770935119","190.844935011128","197.998960793027","203.327708649538","196.719612875759","195.077796338143","191.953535787505","178.384608499682","163.796317942987","170.973515561304","177.713039473519","176.819042272174","181.179978621632","181.159299725796","185.010656108821","180.430012907963","174.655854525978","177.851484150301",
"Solomon Islands","SLB","Exports of goods and services (% of GDP)","NE.EXP.GNFS.ZS","","","","","","","","","","","","","","","","","","","","","47.4509560593273","47.4509545895373","47.5102691845373","47.5636507223556","55.7791921612887","47.7348636276553","58.7365085400374","57.2774973239825","62.3040117123271","62.0489462518785","46.3764709666517","52.7751043967652","53.5696015107135","58.9340284141291","49.627387318679","45.0316178246651","45.1416690555506","45.3205231408788","40.5256278306958","36.4655612843992","27.0997585640854","17.5350933200085","21.5157701826586","21.9997088340911","24.8806925287446","27.2985778188239","27.0632453555888","32.1480463646089","34.730865083713","29.1564024386767","35.1513813705907","50.1517733779646","49.9110050416539","45.9325325964163","42.3363300557948","40.3605536351233","39.7286917063647","38.679143145876","42.1263727198079","36.4970023039809","27.9385390818234","26.5555182506775","28.1319766413802","36.2593066478577","40.5685062735727","",
"Sierra Leone","SLE","Exports of goods and services (% of GDP)","NE.EXP.GNFS.ZS","","","","","29.0770453856662","28.8663809894819","27.7777777777778","27.0783847980998","23.6828032290102","27.629743815606","31.0213281990227","31.2678391628251","27.7726346972783","24.638776792274","24.0968632624666","25.1084859192197","21.5400045919785","19.7195138711146","19.822630206547","19.9048931583113","22.8645607961921","23.0150131558582","15.755687129947","11.0708384414477","10.6246565305001","14.8224513172967","11.9168356997972","31.9642221431114","28.7246765405823","23.9176407411232","34.6898949037465","31.2493759848587","31.5909432228769","24.2825480574191","29.5115463670498","18.5884363827694","17.4452345968339","13.1996946634407","14.061562197109","13.8278916025781","18.1348435554968","7.95364542581068","8.66771541641686","14.0852358008596","16.6816648084656","17.8261820142691","9.51102626792313","9.04770766383076","7.76348967742327","8.00861843749307","9.89230981613018","9.5936417794357","20.5918333350969","18.9386089631519","20.2143907149836","10.4849570007466","14.1122493760391","13.8506449181287","11.2388259485764","9.6941408328194","9.89046920898169","15.5476394983086","16.7804780634169","20.9636585435779","17.2656483673859","20.8910645571601",
"El Salvador","SLV","Exports of goods and services (% of GDP)","NE.EXP.GNFS.ZS","","","","","","26.3865469625849","24.6621912384887","25.6381888957181","25.3485951762206","23.1865828092243","24.8349398015747","24.6315718477051","29.0950527015478","29.9600643407843","32.4177011549451","33.0467256307069","35.5438334073293","38.1651038820147","30.2663684957608","36.971510808615","34.1615472518312","26.6786904062207","22.7774029988505","24.488517653611","21.7541390935109","22.3237661736285","24.6681623109932","18.9923042325584","15.8106819288381","13.2377881757104","18.4969874111351","17.2257733996931","16.132915555964","19.372303140119","19.9227229684048","21.5545012590357","21.1409878973678","26.0218365312193","24.3865859021675","24.3964014453133","26.8272702258496","25.0092920568115","25.5130894550755","25.9234207599485","25.9062104819237","25.2665668798476","25.9396783352886","25.5670345496495","26.7405871721015","23.9512044914048","26.9466693264064","28.9817775582263","28.5710611774443","29.7248960481943","29.5528752334192","29.4861730232304","28.4585905008509","29.0297643758665","28.9343737810256","29.9559096080003","24.5267982788944","28.7814953892726","32.4334933265056","28.7918551914872","32.6598571720595","32.0465695455309",
"San Marino","SMR","Exports of goods and services (% of GDP)","NE.EXP.GNFS.ZS","","","","","","","","","","","","","","","","","","","","","","","","","","","","","","","","","","","","","","","","","","","","","","","","","","","","","","","","174.452679413476","173.068173251757","168.778679045148","166.597498710146","163.997236624232","164.47869827333","184.314279955291","197.412354460676","185.992797278666","","",
"Somalia, Fed. Rep.","SOM","Exports of goods and services (% of GDP)","NE.EXP.GNFS.ZS","12.7152564672022","15.9970508574224","12.7940310779901","15.8688706917421","15.9804522650964","17.1520591354276","14.9586649260226","13.6506466990268","14.8925734375","15.9897338019044","10.6736827903647","12.6521308801964","14.6499748066067","14.5802415328981","14.2622785124542","11.7030684847452","9.29606917528583","20.2616279069767","25.8593272171254","24.3405797217585","33.2391545585606","24.8141138919115","25.9626984713682","23.5788118990008","14.6049215170353","6.33520551724138","7.06779531406538","6.63040664119617","4.76152436561891","7.10447078740466","8.70264322585809","","","","","","","","","","","","","","","","","","","","","","19.5524000374862","18.6178689226979","19.1628937165159","16.8715688310983","16.1359579394828","13.0465010418362","14.2131334942208","13.0660813308688","13.6532220676866","16.1552251397237","17.6810741938645","21.9383099105676","31.2108297819002","29.2484917491797",
"Serbia","SRB","Exports of goods and services (% of GDP)","NE.EXP.GNFS.ZS","","","","","","","","","","","","","","","","","","","","","","","","","","","","","","","","","","","","4.85171845815568","10.5136168217869","12.7892831092239","17.3469072945407","9.97556647057688","8.24293342149675","19.7188478657102","19.1900123590639","22.0592973034522","24.480209605703","27.6041047547358","28.9667655966051","26.2493566735817","27.3844107292074","25.3445735712978","30.9882261641014","31.7235768364519","34.424574209399","38.2272721623621","40.3231673794274","43.3851219752155","46.4536704388373","48.1324550415002","48.6702102411693","48.9609956559925","46.1050875935238","52.3404005216526","60.7381674989747","55.0746098125196","53.5837667090226","54.3130854032047",
"Sub-Saharan Africa (excluding high income)","SSA","Exports of goods and services (% of GDP)","NE.EXP.GNFS.ZS","","","","","","","","20.0209994006898","20.9304897141141","19.4375029272744","18.5179710738316","19.0871747131954","20.0487337912058","20.827773808476","22.7279030476344","21.507019618875","20.672116770805","22.3586215290139","23.0486853197817","24.7738228084181","26.8190827648516","16.9877382939496","16.4994528105057","18.4160908162459","20.4714338148068","20.7769518503262","24.058544176266","25.2452703843358","24.6502144025797","24.5398343957132","23.0244841796135","20.8868215255855","23.5510708754494","23.7737372401326","24.2308156845777","22.3456349315487","21.2821645629616","20.3981049033069","19.2342453037052","26.8748692891576","27.6360524399541","27.883049091943","27.1592018327427","26.0349227993974","26.2811804404149","27.4940853613194","27.6873166232728","29.2456297823127","31.2395428607061","25.6646107868924","27.3497537668772","29.1982019030933","27.4407458971481","25.5172035839508","23.9805947846053","21.3563325163818","21.7742828741681","23.4193239023706","24.3935062550149","20.6737288524133","19.251953492387","22.8786619776838","24.3412709347731","24.8199642781942","27.9446912332729","27.792502296504",
"South Sudan","SSD","Exports of goods and services (% of GDP)","NE.EXP.GNFS.ZS","","","","","","","","","","","","","","","","","","","","","","","","","","","","","","","","","","","","","","","","","","","","","","","","","66.0270601078604","60.3143141293906","61.4344828173072","66.0761203752424","42.8320523585268","9.74075785850552","38.3916172930278","36.6513492804707","","","","","","","","","","",
"Sub-Saharan Africa","SSF","Exports of goods and services (% of GDP)","NE.EXP.GNFS.ZS","","","","","","","","19.9963330450062","20.9053879095277","19.4147461118661","18.4962746403883","19.0640099863177","20.0229423321117","20.8014178032769","22.6997807144142","21.4803415083802","20.6467980783864","22.3305877847069","23.0200970066868","24.7420300451323","26.7808013024346","16.9651143379099","16.4771973781957","18.3928725543145","20.4471979831367","20.752216844872","24.0177418079198","25.2012485931473","24.6100834909524","24.4995979442356","22.9940850753201","20.8579624623236","23.5111284642744","23.7319241653589","24.1869041614047","22.3086999730637","21.2736078942205","20.3810905678591","19.2207642480547","26.8513918781965","27.7254967676308","27.9982625128668","27.2660619835398","26.1388909337674","26.3546484973311","27.5646972345156","27.7606962608452","29.3093046431623","31.2963572692035","25.727325040044","27.3972650557822","29.2468138505998","27.4943845206998","25.5748925774093","24.0437642979756","21.4247121363613","21.8516601511554","23.5031539755267","24.4669321790451","20.7401046538348","19.2910170806494","22.9237559194339","24.4095221942346","24.893994247971","28.0149452901749","27.8582494939805",
"Small states","SST","Exports of goods and services (% of GDP)","NE.EXP.GNFS.ZS","","","","","","","","","","","","","","","","","","","","","","","","","","","","","","","","","","52.9237508172646","53.6794133689774","59.7619805590804","60.8060871454658","59.0525825056743","58.5246488507401","58.1073989632456","59.5017521514288","58.668547252577","57.7251922693155","55.6726810003061","56.432381212106","56.470036785726","56.4061449758635","56.900666431685","58.8143431266097","55.8342314511423","60.3253668819653","66.5686289784737","66.375837121407","67.4542060314584","67.4409282435382","64.7707496672382","65.1067528409851","67.3073409923819","69.8744787017313","70.9673617077356","66.991475279366","75.7677578550218","80.8650697544254","77.5437578786804","74.7376386150381","74.9378932422971",
"Sao Tome and Principe","STP","Exports of goods and services (% of GDP)","NE.EXP.GNFS.ZS","","","","","","","","","","","","","","","","","","","","","","","","","","","","","","","","","","","","","","","","","","","","","","","","","9.32411005537803","8.64674505945193","10.7876562076821","11.0491685963007","10.8608509089641","16.1171051601637","29.0266992027627","33.708137548603","31.9245428866483","27.105612590318","21.0337871477503","16.7195626461315","10.610048877793","15.1022711580538","19.6722950802103","14.2438021824642","15.5622080265962","13.2636548253815",
"Suriname","SUR","Exports of goods and services (% of GDP)","NE.EXP.GNFS.ZS","","","","","","","","","","","","","","","","","","","","","","","","","","","","","","","","","","","","","","","","","","","","","","","52.7477102414654","54.1247984121077","56.9086409568983","44.1248354953939","52.5473192695739","","","","","","","","","","","","","","","",
"Slovak Republic","SVK","Exports of goods and services (% of GDP)","NE.EXP.GNFS.ZS","","","","","","","","","","","","","","","","","","","","","","","","","","","","","","","23.5452287091948","41.1121815996108","62.5268316080175","51.8632020053066","54.7010987184473","53.3188330951551","48.8972317897244","53.520673025244","45.4890316114522","46.4024984014894","53.305266831721","57.2605092112671","57.0983859090013","62.7757965063135","69.3444966416003","72.6301406940614","81.2803496633307","83.3772425819148","80.2044674152301","68.0960564898296","77.0810820862371","84.6330521239054","90.908862673381","92.8790222418488","90.4400089861459","90.6938496191421","92.3116870095116","93.9524168738907","94.9268326476368","91.8440865121276","84.2983434485345","90.7618617591412","99.0674933921507","91.4935561325084","85.4834989561279","85.0946294110273",
"Slovenia","SVN","Exports of goods and services (% of GDP)","NE.EXP.GNFS.ZS","","","","","","","","","","","","","","","","","","","","","","","","","","","","","","","74.3604304864706","68.4411738122975","51.7338032917879","48.136380973","49.137724392499","45.4053607538828","46.2093944981182","47.6449263820488","47.684756163836","44.3045583895072","50.4595684798996","52.2659847153184","52.9416529201899","51.4798131882271","55.4710149538959","60.2413029718392","65.2348404381098","68.1644475188117","66.6359175894349","57.962823638698","64.8408281230436","70.7829460940809","73.5453480307472","74.9589463655648","76.6524478122161","77.6641701406595","78.4365866675597","83.8819801621931","85.5686370516669","84.3570583498527","78.2717999916943","83.6999417881902","94.3162594247263","83.4382737313632","80.9173894920357","78.6394707763247",
"Sweden","SWE","Exports of goods and services (% of GDP)","NE.EXP.GNFS.ZS","21.0128639338112","20.4053587689668","20.0051040024846","20.0408255409702","20.3803208417189","19.9597237949099","19.567774113945","19.2802131713799","19.695855809158","20.8691710081999","22.0923551957256","22.3107358754647","22.182448137891","25.1316154793018","29.5363431328953","25.8125228812281","25.349678926606","25.1160090506488","25.8823976643695","27.8760157042049","27.3300821917657","28.0084245344421","30.3006691205436","33.2632202881574","33.8939943212608","32.863463298546","30.6650868751743","30.276212986204","29.9982942571006","29.7697882368077","28.0991330492269","26.260096114182","26.1221000092743","30.6029612748006","33.8120706636247","37.3398580855886","36.1265676923344","39.2316334636844","40.1302607304204","40.1768255234438","43.245425579392","42.8995075024433","41.1616688311214","40.3360837488571","42.7189306670309","45.3316169745966","47.5983472649069","47.7240209109834","49.0140992896845","43.4591254566978","44.8770299089346","45.4141189699788","44.8335680407679","42.736274814874","43.4587323957165","43.7114624281719","42.9375471367813","43.9177471861903","45.9408514773526","48.2886583812982","44.2873771533388","47.4842370278491","54.3120633586152","55.1958779701806","54.4971396815443","53.2286033614108",
"Eswatini","SWZ","Exports of goods and services (% of GDP)","NE.EXP.GNFS.ZS","","","","","","","","","","","","","","","","","","","","","","","","","","","","","","","","","","","","","","","","","","","","","","","","","","","","","","41.8070769260621","45.3206693578619","44.8587759692711","45.2869306032883","43.1562990169596","40.8721195899369","44.7614845159035","43.6031936174524","44.6125701755824","44.4953937213873","48.5010223337944","53.7558918717287","",
"Sint Maarten (Dutch part)","SXM","Exports of goods and services (% of GDP)","NE.EXP.GNFS.ZS","","","","","","","","","","","","","","","","","","","","","","","","","","","","","","","","","","","","","","","","","","","","","","","","","","","","","","","","","","","","","","","","","","",
"Seychelles","SYC","Exports of goods and services (% of GDP)","NE.EXP.GNFS.ZS","","","","","","","","","","","","","","","","","17.599803060764","17.1853203568532","17.7254539340955","17.2010174959672","14.1361573766838","10.9065784678355","10.1686019184315","13.6123842234513","16.7309376466869","16.320470257359","8.71731038456166","8.75265544312346","11.0416652027358","11.073179508892","15.0939406745115","12.8444106338554","10.8911599950713","10.6279219911328","10.2375227225331","10.3150676680143","27.3117170080515","19.8102552473618","19.7999560140923","22.9336832471045","74.3224695850101","82.5137647126717","76.6793001313966","87.528383299959","72.881704642054","77.107535101306","83.0810386236547","86.8437263258592","98.1354103896525","105.386908585995","91.3669510520251","97.960756878163","103.047226902883","94.7030316815297","99.180749158294","90.0846282601248","85.3502574058314","93.9095722862406","87.0444044109968","82.3562686214226","66.5466895183828","80.2638714731898","90.9533814461883","85.5061413882593","80.5778845619345","79.6187766714083",
"Syrian Arab Republic","SYR","Exports of goods and services (% of GDP)","NE.EXP.GNFS.ZS","21.3570047213854","17.5990942018814","20.9337601541596","19.4276431533784","16.7084334262984","17.0400713338849","17.6577172202773","15.7516044418479","17.3644362647441","17.1102938333005","17.5","17.3468114314239","18.1404421326398","22.0565865530879","24.0833070369202","21.4060300043696","19.5267947421638","18.169029726428","14.8445459878354","19.1358341458408","18.2270333528379","15.6437660580446","13.9152177705414","13.2540148176447","12.4233495261607","11.9543406428357","11.2635465762061","15.6625845652719","16.7764059619343","30.0686479137545","28.3391968039116","24.4052586306505","26.2564916718241","27.8652825947723","33.0619777475247","31.0397127720128","31.8259784586391","32.420741742213","30.5291709469615","32.3167605104189","36.116189966638","37.1775993576046","39.5285551068958","32.2077747976797","40.4490850461999","41.0424192872822","39.0114086305371","38.5943730477159","37.5620696796799","29.0594177991279","32.1667841253209","19.3693262797983","7.71461782136059","7.77801797227006","7.01577957143612","14.2911061178655","21.6801002606147","19.3396763257828","14.9170302242434","13.0100655511925","13.1892633653515","14.9508204374067","6.7771895571266","","","",
"Turks and Caicos Islands","TCA","Exports of goods and services (% of GDP)","NE.EXP.GNFS.ZS","","","","","","","","","","","","","","","","","","","","","","","","","","","","","","","","","","","","","","","","","","","","","","","","","","","","","","","","","","","","","","","","","","",
"Chad","TCD","Exports of goods and services (% of GDP)","NE.EXP.GNFS.ZS","13.3896456825921","13.9110330044899","14.030383007459","12.9482750255812","13.7276219911725","13.5002550049028","13.9126155349236","14.3618954557805","14.9410123959364","13.2067876155599","16.2598369622386","15.9123848431127","14.565098290729","15.7287774480533","18.3910807097132","14.4026671718867","16.0839281865681","15.3540415039337","16.4227412213289","17.7786010417657","16.9449067430213","15.1004602128159","6.56197146647253","16.4188766003367","18.0178072509275","11.9066351006953","13.3941044171295","15.4492482751286","15.0191432988045","13.7814245064342","13.4802082509051","11.9516330624513","11.0907463892736","13.323446113405","16.10560200014","21.9290175473215","17.54350924621","18.5438360838388","18.4916260621633","18.3181207710371","16.8900964319303","14.6657875448771","12.6899405964434","24.6329669069481","51.0088580567156","44.5923490073183","44.7758222138389","43.4687945404915","40.071386894678","32.8771516408689","34.4383534129809","32.6626669076152","33.3980005442342","30.1515041957742","23.1390359613993","27.9084800637597","22.6079863534137","23.1856157702325","25.8447812653289","24.968456965958","21.286846433583","26.2833492963398","31.7353441144244","29.1015893607964","27.6855627406623","29.4140577724768",
"East Asia & Pacific (IDA & IBRD countries)","TEA","Exports of goods and services (% of GDP)","NE.EXP.GNFS.ZS","5.42565450301728","5.44586042591169","5.97806823362157","6.323847392756","6.16235878383352","5.96869061397647","5.81968574067026","5.83664989980447","6.21106997192433","5.9304803093879","5.76595902523132","5.96763078807179","6.58251141854326","8.79712441293349","11.8838059889282","10.3138367039395","11.5590028730766","11.9180433310233","14.4526270148802","16.9753346378521","19.5506192015702","19.941655408573","17.7078701725356","17.6360328749654","17.9700741766011","15.7488500003546","15.3531656551919","19.3692032632958","21.4705454728771","21.5238824025597","23.3965150606762","25.0200401873818","26.1999657875059","26.9603772491672","28.3474804494228","28.3548373177732","27.8075378465147","29.5956839211318","30.3016324155773","29.7148771349142","33.0427478012507","30.7674555771805","31.5332547196726","34.3313737488557","37.9847327048314","40.1839034273345","41.2400731011279","39.9627232256631","37.1271293395228","28.9585298836732","30.838275365084","30.4419111285991","29.04510486297","27.9481046326454","26.9200367261507","24.6197747853209","23.0138472230844","23.4487181015687","22.9699197177671","22.1259587253319","21.5625224833302","22.9959483877826","24.396150328949","23.3118776698442","24.5601465889496","25.5201398982836",
"Europe & Central Asia (IDA & IBRD countries)","TEC","Exports of goods and services (% of GDP)","NE.EXP.GNFS.ZS","","","","","","","","","","","","","","","","","","","","","","","","","","","","","","","21.0633182943794","16.8607214520347","48.6653875377797","32.2974339596573","28.2029040398139","26.7117109167933","25.3066329621218","25.4878763054983","27.180358670622","29.2633932822949","32.3380718938036","32.693750819706","31.9332807023612","32.4538463510543","33.2546629724387","32.8500822697667","33.1661715478795","31.779208826137","33.2559520294918","30.4879979790586","31.5226430647039","32.7678592416188","32.2936539864684","31.31100489816","32.5496868226243","32.7207132167938","31.9461116974214","33.5216388831102","37.5448883221361","36.5323635224876","33.5723882410354","38.2751290614415","38.8377719365244","34.9048994882672","32.287163405573","29.2365909395474",
"Togo","TGO","Exports of goods and services (% of GDP)","NE.EXP.GNFS.ZS","","","","16.9753086423614","22.9166666668117","20.9195402292325","24.1054613930219","23.5087719295805","26.2103505838375","28.4482758623409","29.308005426813","27.8388278388706","23.5159817349802","20.5752212389588","42.23412394776","27.7474668746789","31.8415260457189","26.658767772677","35.3813559323123","33.6466165412067","48.1963087248093","40.0775193797725","52.7623285132078","43.9932885905653","51.2109623964846","48.4087591239789","43.9303211757333","41.3958444326185","39.0924532880086","39.8980537534018","26.2431662207092","25.2755212204384","20.9734692071733","17.4744220687562","25.8206173525239","22.757328411858","24.9487642090534","22.4803455277269","23.0714679668889","21.3398045064219","20.1566604038007","20.5095258930009","21.4381414951577","23.2296007315538","23.5743613846765","25.1826385889901","25.0476964469213","24.6220782432091","25.3265405456755","25.861394271016","27.725448533842","31.4946443044053","32.9891841943212","34.1111182093587","29.138898093163","26.7106298715077","26.7314987347852","25.3020773539116","24.3300490503804","23.9067157858872","23.0702588042531","23.134296059825","25.0092104865492","24.5820517950579","","",
"Thailand","THA","Exports of goods and services (% of GDP)","NE.EXP.GNFS.ZS","16.1446431981525","17.3354756617247","15.6867628292535","15.1342562160557","17.3548308513556","16.8550951173044","17.6143813054205","18.1616647026205","16.9387679650646","16.0616961458749","15.0203528324978","15.9889178096841","18.1893005505355","18.6028818612765","21.5891829094054","18.3630078077808","20.2352088906559","19.9583639462407","19.8857021002637","22.5711223957188","24.1114477856034","23.8473816394313","22.91790664544","20.1112063674175","21.9013830818501","23.2136293981282","25.6017967005473","28.8940109881547","33.0119684687748","34.9215280475187","34.1319282448808","35.9643095170182","36.9724756680199","36.8172895601126","38.2421139088502","41.532345065243","39.018420197111","48.2370587073887","57.9373028444006","56.4385428614735","64.840250738685","63.250689756653","60.6457526009701","61.522551633189","65.9718573391185","68.402716900887","68.6753420333013","68.8722751702483","71.4164181071068","64.4386124917652","66.4861731592239","70.8549093801611","68.9512356297981","67.1711410731483","68.3941351612178","67.6366902705865","67.0708839693011","66.6728324663767","64.838096899332","59.5188906218859","51.3388189664423","58.4211124446229","65.3338320015535","65.5135882745017","69.6726291658353","71.1480976123329",
"Tajikistan","TJK","Exports of goods and services (% of GDP)","NE.EXP.GNFS.ZS","","","","","","","","","","","","","","","","","","","","","","","","","","","","","","","","","","28.554860973609","38.0613861386139","65.5830945558739","76.605804150454","87.4179853338479","48.8637471959427","66.0966542750929","86.7521128337158","68.1410406427958","62.8092317719906","63.9307766623262","58.7453180484166","54.2419448838565","58.1562258976776","45.8592358876636","34.0147964082001","24.4709988607994","14.9390256242133","16.4476856516722","17.2772798792139","11.088143661398","9.17009118973376","9.80269842951246","13.2003292553609","14.9285396132184","14.3754784742862","14.9799392742745","17.3243145704475","24.1819298886089","16.3531240454317","17.1918374601415","11.2126477768242","",
"Turkmenistan","TKM","Exports of goods and services (% of GDP)","NE.EXP.GNFS.ZS","","","","","","","","","","","","","","","","","","","","","","","","","","","","","","","","38.9830508474576","67.125","84.6956087824351","84.9552752293578","83.9729294478528","74.5806451612903","39.018901890189","29.7249017506252","35.6768885564697","55.2364541451273","41.4921647483012","35.4111405835544","32.6066829391465","29.6938499051748","30.6869716141313","35.1161849970785","36.7777777777778","57.3741661613099","47.0830223394838","52.6355697461235","70.3698712116666","69.801042627073","59.0707460188161","55.8162630195737","33.9780175420394","21.8624382074838","20.5342779225867","28.5804543766076","24.6892177117083","16.9174857943831","20.7809265461685","25.1758780467474","21.6753202584741","17.5725615007301","14.4706421310531",
"Latin America & the Caribbean (IDA & IBRD countries)","TLA","Exports of goods and services (% of GDP)","NE.EXP.GNFS.ZS","11.8651372478988","11.2827937634601","10.7959945471366","12.495252605312","10.5820325285114","10.9121192444508","10.5632588815022","10.4664131197484","10.3362668378375","10.4525877868825","10.4377642906549","9.99330436246886","10.4571197976384","11.1373285872112","12.679184693925","11.0719984875753","11.8044926603797","12.4032412866047","11.5147035883551","12.7489646066791","13.1735883773458","12.501775693229","12.7932806785399","15.1604491635758","15.5786798697602","15.330789698213","13.6078296437547","13.8197570083217","15.5069456686367","15.1769145589163","15.2920223405395","14.7253968585167","14.7880442081147","13.3736978363914","13.6641874468384","15.1725126973113","15.4611113597594","15.6148991371681","15.6681852350122","18.0870847825951","19.0380788959626","19.1260547734524","21.7907980074291","23.2930416212434","24.394670820263","23.7515199326833","23.94854247424","23.0502183764106","22.4392816558741","19.623382696541","20.0661096356971","21.4444212811974","21.5049694247853","20.8222314012525","20.9745775707372","21.573610660643","21.688695783821","21.5768146836313","23.9984316610437","24.2049214622868","24.584289183908","27.0075350640311","27.9929767982501","25.0213115885376","25.6160833799956","26.1141647927264",
"Timor-Leste","TLS","Exports of goods and services (% of GDP)","NE.EXP.GNFS.ZS","","","","","","","","","","","","","","","","","","","","","","","","","","","","","","","","","","","","","","","","","10.6180757175254","8.97204684186524","7.80444578879148","6.86607164885508","7.47443122521394","7.13646629228067","9.22930837977895","9.99695281131712","9.3464139161628","9.16632757300556","8.56463357399678","6.40579219145341","7.12282485534938","5.58459338120037","4.57179901393762","3.05030729133392","3.15642288166413","2.40901131594702","2.93153176057974","21.2143177359833","36.6662147455271","63.512788038414","55.6119352867897","22.9230944694195","10.5575525825886","",
"Middle East, North Africa, Afghanistan & Pakistan (IDA & IBRD)","TMN","Exports of goods and services (% of GDP)","NE.EXP.GNFS.ZS","23.4682215282661","22.3627382757134","17.1174460967518","19.4076222653158","19.4509973523171","18.2739950995565","18.2411085988887","17.9929719061034","17.031964387434","17.5888018524137","17.8008040868525","19.4253340240579","19.6814383892537","27.4497602766739","39.6779110212288","34.4451237452193","33.2384531473679","30.0628540092966","26.4302498493437","31.6934220454192","29.1146913435757","22.5218467519775","22.1107377853834","20.0689055476607","18.5706088107626","16.5801526247182","10.7473880931787","16.0020123443841","16.5211947666089","18.7851590605726","16.716306743284","21.9508098576973","21.4628191678615","23.9976582121896","25.5864774077533","23.8592101039674","23.1158350986409","24.473389703019","21.6522317037759","25.3948303929722","27.7635343532178","25.1482145756958","27.5275939408973","28.0404604424265","30.4157371440374","33.9618729662219","34.8051053675864","34.1624677067648","35.3719094671087","27.637805204467","28.9877314200404","27.957156427357","27.3477885300885","26.8096153408054","23.5735395212936","19.1681101242673","17.7441275634849","20.7271542114551","25.0143071465234","22.8055618008362","17.3639640923307","21.5289813677932","26.6222796323793","26.0906271693531","24.5817273298187","25.2430320910544",
"Tonga","TON","Exports of goods and services (% of GDP)","NE.EXP.GNFS.ZS","","","","","","","","","","","","","","","","41.3299022628152","26.9358146044559","33.8660274337462","28.7894265849797","26.0781649236344","30.0622153806683","25.375256171187","27.5881228245061","18.657765804704","26.6080233844641","30.1286076420382","25.7123533390184","30.9267213662903","22.7365587521331","25.1032988381216","33.8701785859904","22.9032973187408","23.6419666164795","19.8940887984557","17.1849136203547","16.9589949332279","20.1195735322766","20.8601992992976","19.5879748835682","15.7526078586222","15.214150204456","13.3668244461427","18.256309233981","19.3878295586907","19.5645378976463","17.8418396894625","14.5601745075368","12.2199248588783","15.9897857656292","13.6211689503155","12.5005634416983","16.2529188382085","17.0563243514826","20.3036338500243","16.9270405834471","16.9581444477641","24.5055613432264","22.1761359825348","21.2114178638051","22.2333008455097","19.7051222870647","11.0814138080371","10.7634055427571","14.7440210892371","16.8991227673575","",
"South Asia (IDA & IBRD)","TSA","Exports of goods and services (% of GDP)","NE.EXP.GNFS.ZS","5.97840586650401","5.84588732314773","5.6660661410173","5.4412721142824","4.81150852141379","4.5330303243802","5.54711847669043","5.28797195148484","5.12176856143842","4.76642395816816","5.07573919897705","4.66211649992477","4.81248628019461","5.0866499299669","5.44855020136315","6.00578753656525","7.34865535034126","7.40678323389078","6.88820590068547","7.36604221663928","6.72228526726039","6.51369240594837","6.50563136056976","6.38435260341503","6.75867689392335","5.8779328451751","5.7645639417692","6.12394602299254","6.56213980564285","7.4627057402074","7.60797617112573","9.05948092643188","9.5962881834073","10.749457176117","10.7931628896771","11.9325169716266","11.3371879284968","11.7961574596332","12.1777236814444","12.4625822711565","14.0068701529091","13.6045356424678","14.8815108912803","15.3691639977728","17.9679876333779","19.7498115092896","21.3731119394684","20.9831239205119","23.8640791751783","20.3713563004387","22.1117830162706","24.2627681495697","24.2426618764431","24.9375364385616","22.658441735499","19.6264627468981","18.6545468231954","18.2488558016143","19.1957804820562","18.1387691771773","17.542230456524","20.011492655258","22.5626099184579","21.2646158940211","20.7687457207034","21.0377211836739",
"Sub-Saharan Africa (IDA & IBRD countries)","TSS","Exports of goods and services (% of GDP)","NE.EXP.GNFS.ZS","","","","","","","","19.9963330450062","20.9053879095276","19.4147461118661","18.4962746403883","19.0640099863177","20.0229423321117","20.8014178032769","22.6997807144141","21.4803415083802","20.6467980783864","22.3305877847069","23.0200970066868","24.7420300451323","26.7808013024346","16.9651143379098","16.4771973781957","18.3928725543145","20.4471979831367","20.7522168448719","24.0177418079197","25.2012485931473","24.6100834909524","24.4995979442356","22.9940850753201","20.8579624623236","23.5111284642744","23.7319241653589","24.1869041614047","22.3086999730637","21.2736078942205","20.3810905678591","19.2207642480547","26.8513918781964","27.7254967676308","27.9982625128668","27.2660619835397","26.1388909337674","26.3546484973311","27.5646972345156","27.7606962608452","29.3093046431623","31.2963572692035","25.7273250400439","27.3972650557822","29.2468138505998","27.4943845206998","25.5748925774093","24.0437642979756","21.4247121363613","21.8516601511555","23.5031539755267","24.4669321790451","20.7401046538348","19.2910170806493","22.9237559194339","24.4095221942346","24.893994247971","28.0149452901749","27.8582494939805",
"Trinidad and Tobago","TTO","Exports of goods and services (% of GDP)","NE.EXP.GNFS.ZS","","","","","","","","","","","","","","","","","","","","","","","","","","","","","","","","","","","","","","","","","","","","","","","","","","","","","","","","","","","","","","","","","","",
"Tunisia","TUN","Exports of goods and services (% of GDP)","NE.EXP.GNFS.ZS","","","","","","19.0467038247165","21.0430009149131","21.2105263157895","20.934608750196","22.1352628470171","21.9957649550026","24.1034952337721","25.3489461358314","26.0575002171458","35.3663263987595","31.043987596187","29.0843248836006","29.5816414982435","30.9634043238456","38.9801505817933","40.237254625053","41.3719365689572","36.9099159104154","34.3642490428891","32.9626972740316","32.1032158784891","30.1826713591419","34.8263288240638","42.0178740502967","44.3456136143234","43.5570513235389","40.3656225059856","39.5350873352887","40.4453392893678","44.9322743426627","44.9043502738714","42.1093762292631","39.1140807378157","38.5197865270366","37.9790415861375","39.7300345865581","42.8168233248494","40.7848345956986","39.4835638279828","42.198076650746","44.9322920398366","46.0285163540679","51.0782219815701","55.6528299429018","45.039811033928","47.9597286942428","46.0546537716688","45.9128477724564","44.889705324588","42.947465118132","38.3998387567342","38.2952955757822","41.7207863819275","45.4857481712255","45.9503306922947","37.9918009809033","41.7802023040094","51.325939710781","53.0393939110608","50.0016900287054","46.6517326028796",
"Turkiye","TUR","Exports of goods and services (% of GDP)","NE.EXP.GNFS.ZS","2.05580029368576","5.14603616133519","5.60398505603985","4.18454935622318","4.47316103379722","4.54967502321263","4.09771473601261","4.11931818181818","3.68253968253968","3.5958904109589","4.42748091603053","5.31958762886598","6.01867865790384","7.03296703296703","5.72811617587737","4.42134657151722","4.85908649173955","3.81520401401117","4.14691194133637","3.21802670890177","5.16193170955531","8.23693203391976","11.8640513905568","12.4732126163184","15.6066026885362","15.8607228847003","13.3124377193893","15.580840422955","18.6539704158267","16.2029157514894","13.3651028519296","13.8411301141106","14.3922357339889","13.673802849848","21.3621312072128","18.3238507569896","19.5581113911938","21.4390354082889","20.6544822015948","18.8307575753475","19.9334162657424","27.2970601933763","25.2651261294128","23.1946607252779","23.8544386839448","22.118798245903","22.6756853295786","22.1875803331528","23.9213779600098","23.7578595278795","21.5899457839207","23.4903574412774","24.9658181147838","24.403259811358","25.8173246854016","25.280784580735","23.6322024334399","26.5394989930636","31.7278536539697","33.0298811646869","28.7400043468285","35.0536332850518","38.1412107474416","31.9135926809724","27.5682232095509","24.8497719904256",
"Tuvalu","TUV","Exports of goods and services (% of GDP)","NE.EXP.GNFS.ZS","","","","","","","","","","","","","","","","","","","","","","","","","","","","","","","","","","","","","","","","","","","","","","","","","","","","","","","","","","","","","","","","","","",
"Tanzania","TZA","Exports of goods and services (% of GDP)","NE.EXP.GNFS.ZS","","","","","","","","","","","","","","","","","","","","","","","","","","","","","","","8.69128210429253","7.06674724228411","8.56780347564227","12.3836795987773","14.1953734821442","16.5785388739363","13.7292988906544","11.1682496079147","10.1054639176195","10.1668469916001","10.8128051973219","13.837039970742","14.2816416273557","15.0931227613293","16.0455833088341","16.9833670564514","18.4149914479089","19.8306255869655","19.4646113550857","18.1942658314265","19.6075287366869","21.6342823266739","22.372111684507","19.0127876013666","18.0692092760813","17.1049115530965","16.349975063904","15.6634915658043","14.7391433931711","16.0367461484986","13.5038738462361","14.1200223265815","15.4137105201683","17.1954298762755","19.7325494051531","18.9846818575722",
"Uganda","UGA","Exports of goods and services (% of GDP)","NE.EXP.GNFS.ZS","27.3294511212985","24.4182292136539","24.107405487933","28.2909393690153","29.8978574987544","25.5777144666034","25.5673222390318","25.3003328991171","23.940620782726","21.5286929435725","23.352228520618","19.8162600019757","19.3896713615023","16.5514972030273","14.7194674636598","8.65040497268789","11.3880603113635","9.15264423076923","13.6528581180613","19.4013627704211","19.4438418460401","16.0771704180064","8.38117106773823","8.65942568070228","12.6924226391775","13.738524870531","12.8101121198077","8.24709875120902","7.57267131348335","7.95440069905221","7.2407208592859","7.46443030843186","8.76108880471829","7.06252297728641","8.74053183100128","11.7919923330531","11.9611132735901","13.359513678728","9.63904758759618","12.2515738969733","10.651409293254","11.5180826373161","11.2132791661446","11.3867248339712","12.6968807487592","14.1796999798574","15.2754133833713","16.7250685273524","24.2801423442251","18.6135663082242","13.8244828747602","12.8557239406741","15.4917287700064","16.5130356713113","14.9482109075764","12.8773253147369","12.4271644156806","16.6611294211705","15.0870530611511","17.1090580167383","15.4147985397289","15.7810081695276","12.0219954333331","11.6017089255499","16.7575931152554","21.4395980877865",
"Ukraine","UKR","Exports of goods and services (% of GDP)","NE.EXP.GNFS.ZS","","","","","","","","","","","","","","","","","","","","","","","","","","","","","","32.0751026794445","27.6646706586826","26.1538461538462","23.9797337572025","25.8779413649147","35.3888495217936","47.0732494907039","45.6519320649174","40.5912261554116","41.8878472215453","53.7037907269131","60.2970566860465","50.6489878063218","50.1187333965439","52.5431306448415","58.6968317186137","47.7297326846335","43.2186231235111","41.2899111443658","43.2598688559666","42.9288246983766","46.4565383259637","49.4061569340739","47.38283156146","42.8973826672717","48.5929618158503","52.5976795082231","49.2986194577187","48.1249163515559","45.2352356625927","41.2316912560049","38.8216462901934","40.6883404768688","35.4451153382041","28.300468273727","29.6719973021423","25.3335332319508",
"Upper middle income","UMC","Exports of goods and services (% of GDP)","NE.EXP.GNFS.ZS","10.7171786038572","10.923150052245","10.3295254409139","11.61262584847","10.5526580052116","10.4223399589935","10.1128471857416","10.1670421749343","10.4167620406195","10.2953542937383","10.3434359697332","10.7132932274341","11.4947299075778","13.5432709144657","17.0689154338193","15.3227794777205","16.5755233503364","16.563959651252","16.3305946889751","18.5316673249518","19.3745713166574","17.1884247266332","17.3669920544525","18.4469952828213","18.6208776113114","17.5273050907894","14.9036182403817","18.1118611506108","19.6458314742041","19.2253913079057","18.5243271651354","19.1737718246183","19.5767037994957","18.8465856303218","19.8346807434612","20.6410757303392","20.7555304359141","21.6056855102072","21.3697617242792","23.3462627253099","25.8037881124973","25.1545265420384","27.2043962027046","28.9862875166071","31.2153109776035","32.0100826654214","32.8664779051891","32.2465869640626","31.6936945918199","25.9227920447334","27.1090611511532","27.5634847582803","27.1922288519426","26.2996892738847","25.5038557334864","23.9463774537385","22.8562360963626","23.3864313863278","24.1155869154734","23.3824101155209","22.4754308939853","24.5128711080355","26.207602164455","24.5156877376962","25.2621191284205","25.8824489872026",
"Uruguay","URY","Exports of goods and services (% of GDP)","NE.EXP.GNFS.ZS","13.7931034482759","14.2045454545455","11.340206185567","12.0171673819742","11.9402985074627","18.3970856102004","17.1282051282051","14.6094215861658","15.1826792963464","13.3977066988533","13.8867924528302","10.2844010341856","15.4362416107383","10.4178928781636","14.3820674917639","16.7804323094425","19.5594015259108","19.8964408065064","18.8469744151528","16.8331008998286","15.032970370049","15.2041124379445","14.3258672173782","25.6888736851108","26.5806208870658","26.7565263896781","26.215089241495","21.6486953004817","22.0578881217247","23.4938691449652","23.5321233746953","20.6936682982543","20.4475748164263","19.1260158469537","19.7668103889187","18.9968128121984","19.6699797975865","17.457847722398","16.4199105812284","15.0976530821748","16.6980989454195","16.8046592733471","20.6216724821799","27.4324201365808","32.1122956028892","30.4040198202399","30.2975044020751","29.0904872479399","30.2030239718046","27.0992157546178","26.3429945409681","26.4221494211811","25.9196294244279","23.3531364247538","23.5426616139817","22.4778512515741","26.9316806727536","25.9311643679828","26.4215937509495","27.9053781710424","26.1882518426767","32.9446025347538","32.8913380602583","27.9812486565884","28.2349014551456","27.0714370867375",
"United States","USA","Exports of goods and services (% of GDP)","NE.EXP.GNFS.ZS","","","","","","","","","","","5.56310752881526","5.40524531055501","5.53846033570217","6.6837802797297","8.19612190445127","8.23227910907684","7.9808926173207","7.6542900319239","7.947060702101","8.75903435156488","9.82645547013324","9.51777666702733","8.46973298853486","7.62226481946529","7.48907832424752","6.98807253964585","7.00925467575881","7.49591933621889","8.49052351999585","8.93879019707245","9.25473206751338","9.66090512231881","9.70891490564814","9.54718039168286","9.89314741556332","10.639223880261","10.7466355642836","11.1197577117574","10.5152625281963","10.3093372229257","10.6927727297913","9.70344820873397","9.13138565379718","9.03565240541354","9.62874787307988","9.98205641037558","10.641389509223","11.4637892950146","12.4258439246081","10.9322190593537","12.3413554322086","13.5634637825829","13.6440512687054","13.5534918818154","13.5082142132235","12.4111486301271","11.8881592273253","12.177481026766","12.2871107596266","11.7891974097286","10.1230809550527","10.8266687797107","11.6540970440015","11.0506737190927","10.97469647515","",
"Uzbekistan","UZB","Exports of goods and services (% of GDP)","NE.EXP.GNFS.ZS","","","","","","","","","","","","","","","","","","","","","","","","","","","","","","","","","","","","","","27.1091182703234","22.5642195291768","18.1790891922618","24.662704263423","29.6751060849085","30.9204450887224","38.2375863470134","41.7898866324117","37.8090294786289","36.5136876387581","39.6709294075913","41.1685228048386","34.6626309351177","21.7681099099648","21.14783078074","17.2861568343701","16.5044788500077","14.2075529776278","12.1686103143078","10.8545454664346","17.8214088937599","23.1429879161057","24.3107685844352","20.7641734938368","20.3020010917247","22.2329593873839","23.3152321915222","21.5670052817339","22.0359976818514",
"St. Vincent and the Grenadines","VCT","Exports of goods and services (% of GDP)","NE.EXP.GNFS.ZS","","","","","","","","","","","","","","","","","","","","","","","","","","","","","","","","","","","","","","","","","","","","","","","","","","","","","","","","","","","","","","","","","","",
"Venezuela, RB","VEN","Exports of goods and services (% of GDP)","NE.EXP.GNFS.ZS","30.4335631646605","31.7155121373594","32.6753598645216","32.0418815634127","30.1731346634116","29.087936717205","27.6720821945541","27.2","25.2877865131215","24.4625456431087","23.2505526189332","25.2333700845277","23.2867223830119","28.666129714824","42.9378797868738","32.8577113922336","29.7245825438181","27.0967078982184","24.097775937537","29.9058906213145","32.6241438861373","30.5023701999944","25.0503659859648","22.6855128540545","25.0604420194633","22.5496997252233","19.2929480837006","20.2396826057801","19.9546195219648","33.020834091982","38.1753164731902","0","0","0","0","0","0","0","0","0","0","0","0","0","0","0","0","0","0","0","0","0","29.5953757225434","30.2459016393443","43.4511434511435","40.7547169811321","31.1977715877437","33.3333333333333","42.5471249801996","47.195725949267","13.0054444362771","15.3500529409223","16.3490943080464","18.0663666874328","16.7350337150912","14.9031673538596",
"British Virgin Islands","VGB","Exports of goods and services (% of GDP)","NE.EXP.GNFS.ZS","","","","","","","","","","","","","","","","","","","","","","","","","","","","","","","","","","","","","","","","","","","","","","","","","","","","","","","","","","","","","","","","","","",
"Virgin Islands (U.S.)","VIR","Exports of goods and services (% of GDP)","NE.EXP.GNFS.ZS","","","","","","","","","","","","","","","","","","","","","","","","","","","","","","","","","","","","","","","","","","","147.424892703863","189.369735695614","226.599947326837","262.691960252936","283.898305084746","295.589464882943","433.836003770028","255.1059271602","299.375578168363","340.303102060147","80.166299828809","67.5494917067951","78.3730715287518","41.6325416325416","47.0247498683518","63.3368476541908","53.1226102472598","54.9623877699587","38.3069283518562","90.281783891724","97.3672945205479","","","",
"Viet Nam","VNM","Exports of goods and services (% of GDP)","NE.EXP.GNFS.ZS","","","","","","","","","","","","","","","","","","","","","","","","","","","6.62253929883139","6.0014283728223","3.94529822568093","23.8493577901968","36.0386136391372","30.9150393380004","34.7455958184055","28.7227826669423","34.0131286444039","32.8128553339566","40.8684874244585","43.1027067530124","44.8483033762953","49.9662459731661","53.9214970089166","55.0619332820827","54.7391336880928","56.6732579147533","59.7310414143857","63.6994926701393","67.7168143260187","70.517874602272","70.3366919402715","62.6088840664865","54.1758459668515","61.1801557211956","63.4739249038633","66.8004459919109","69.5985759502054","72.9228518369495","74.1072862556183","81.7625218355655","84.4234560833365","85.1575874073411","84.381598008957","93.8502071275575","93.420129043511","86.7366640875238","90.1662693374998","98.2444078637672",
"Vanuatu","VUT","Exports of goods and services (% of GDP)","NE.EXP.GNFS.ZS","","","","","","","","","","","","","","","","","","","","","31.0294828419526","33.303312318623","36.6557743282498","50.8701080154308","54.1117388575016","45.7191903297332","32.6172019195275","33.5639686684073","33.31519109821","35.0828111011638","44.1600485608781","40.0133422281521","42.7854401282214","43.1531014112242","42.5158064990443","41.8845919937037","43.1130136986301","48.911599063469","42.2907884115167","37.3775041193305","39.1789749205417","37.9562433297759","42.3111646102919","43.2765126870527","45.5995882655687","45.3833317882637","41.2725514801177","41.5875836515558","46.4777909560162","50.5556697282514","48.7183826697028","45.6062695014876","51.3106613932273","45.3940678485231","43.153590176228","34.7621346205417","38.0972670278167","37.6591772475224","37.9035584221842","30.9251687275235","13.7015708590316","7.94507275187518","15.3546270094527","28.3701473975778","25.3486432492193","",
"World","WLD","Exports of goods and services (% of GDP)","NE.EXP.GNFS.ZS","","","","","","","","","","","12.8387318745683","13.0305449380444","13.3801912645575","14.9820158640027","17.9131240652401","17.1130262446235","17.5526718535227","17.6045713480722","17.3740803432999","18.8404501417995","20.195858605234","19.5526918575091","18.5436316680299","17.8917681493387","18.2234691891169","17.6243232896769","16.6902711832819","17.3578975990705","17.8587216208697","18.4777308981301","18.8226333088845","18.6950591773231","19.7995747175588","18.8785862725425","19.4293442463024","20.6096414281902","21.0365144458652","21.9085788170365","21.7897412735951","21.8705146365869","23.4155367138943","22.8422016983207","23.0931189850775","23.8581850782253","25.711382828929","26.9657520821338","28.6085879852901","29.5557805539087","30.6928407075336","26.1681408236416","28.4066725343369","30.2511364050789","30.021947362552","30.0216702644806","29.7347843037895","28.0495689042811","27.0845087597038","28.0049092375751","28.8775959880909","27.9427827143405","26.0288825961024","28.4640230985895","30.7214011310868","29.0719076019522","29.0778030379811","29.4807508820934",
"Samoa","WSM","Exports of goods and services (% of GDP)","NE.EXP.GNFS.ZS","","","","","","","","","","","","","","","","","","","","","","","","","","","","","","","","","","","","","","","","","","","34.1788114529593","31.0961805509509","29.0656121898961","28.535554984814","29.6137697677932","29.2106150610739","27.86241523118","27.9967668033599","27.7154274859941","28.3934220554301","26.2446900294783","28.100653623888","27.5922586728551","27.1409467284846","28.7780203174489","29.6622754715207","31.9656782036393","35.033330142378","29.1964119871974","11.470913137998","11.4857742403183","26.2085799096029","30.6578702799178","27.6189873403951",
"Kosovo","XKX","Exports of goods and services (% of GDP)","NE.EXP.GNFS.ZS","","","","","","","","","","","","","","","","","","","","","","","","","","","","","","","","","","","","","","","","","","","","","","","","","17.190699115417","19.2277619271441","21.6691681199904","24.9520402537016","24.5219681010507","23.0038577636014","23.5268854358467","22.4513928552736","23.8274047992876","27.328844878341","29.0534647196644","29.3126074591152","21.6951468795715","33.4091827278011","38.6256570148792","39.64047566608","41.7483529574305","43.9520877225768",
"Yemen, Rep.","YEM","Exports of goods and services (% of GDP)","NE.EXP.GNFS.ZS","","","","","","","","","","","","","","","","","","","","","","","","","","","","","","","11.1683287149056","17.6735906025027","16.2118280232925","19.9268303333729","39.7771416939563","45.4863396764508","38.5060950534404","36.2842007165864","26.5435324011994","34.8393536870397","41.4089049391351","35.896925638093","37.0011733396095","36.4390068675114","36.3824952506154","40.8968195397165","41.2585503221131","35.9034235366601","37.8369534951831","28.3251581185683","29.9950775630093","30.3404241701511","24.8637169658953","22.3595984891919","21.4840870786547","9.05157754562319","4.80920276121921","9.68824758544873","8.75610238271449","","","","","","","",
"South Africa","ZAF","Exports of goods and services (% of GDP)","NE.EXP.GNFS.ZS","25.5880940950552","25.3414264036419","25.4636233951498","24.8419966464594","23.8056206088993","22.2924477771826","21.9781302334745","21.3963366073799","21.9587965990844","20.0436205016358","18.4019530219055","18.4782608695652","21.4581343521172","21.6869557683143","24.1546065497991","23.8449416955563","23.9135902523545","26.2837426425817","28.4249933149122","31.2434061793519","31.8709881241294","25.2033912820074","23.387580942579","21.7678506451703","22.4987420831104","27.9028811282273","27.2476702979394","26.8913762401425","25.8024942044435","23.7068402759399","21.5385417337418","19.3408153425832","18.9551466044412","19.914366630953","19.549337805111","20.0378606077754","21.7747432189724","21.6605918552042","22.5192718175416","22.2692159746602","24.4043033106919","26.3566606345688","28.4311672176802","23.9152733614034","22.7575187856654","23.5997644915436","26.098249881712","27.958964394702","32.2546736710677","24.9827464883237","25.7834176267221","27.6981484703752","27.1391491937679","28.379280320361","29.0006193033471","27.7136384124829","28.1560881698955","27.3400757812216","27.4970371508423","27.2021294051151","27.5759141603963","31.1916105051608","33.5394403164272","33.2538127556816","31.7919070646303","31.4101947337253",
"Zambia","ZMB","Exports of goods and services (% of GDP)","NE.EXP.GNFS.ZS","","","","","","","","","","","","","","","","","","","","","","","","","","","","","","","","","","","32.9503954636075","32.9010267147932","28.4789092185853","27.371257557966","24.6177635661228","25.037219399921","23.9238608307712","25.109699098695","27.1336783308698","25.6839640308427","33.5399822510719","30.6107123143813","32.5929586871888","33.5911932050133","28.9193597052566","29.2509976693348","37.0259333072124","40.4712226732921","40.0829109943526","40.4827166938697","38.8222899319378","37.1385258014734","35.3246757489657","34.9928577635918","37.9574045480394","34.6361926031881","46.7201864691576","52.2160900183192","40.1939977114306","40.8461239686718","34.9818727491304","",
"Zimbabwe","ZWE","Exports of goods and services (% of GDP)","NE.EXP.GNFS.ZS","","","","","","","","","","","","","","","","22.7649793115353","21.9602479823415","21.3950286341793","22.0216952360402","21.8000029126254","23.3673917985086","19.4252264199681","16.9255803075159","16.4429248227765","20.5611384371333","22.2057747104165","24.0494105394403","24.0157104614567","23.7403461984318","23.3422830612185","22.8668455706732","23.8838769373121","27.2279792746114","30.7206212646085","34.6012981832687","38.2361208713985","36.1291264972247","37.5937426763534","43.394090784903","37.4080011659258","38.1615806969708","34.9592596689157","31.8348370828573","32.3968240118663","34.4710338297323","33.5475187774063","35.9572221967228","37.7827092875018","41.4667270258035","19.4762557195667","29.6403892843062","34.8004819618683","25.162787981429","21.9873565174142","20.929994104227","19.160627339066","19.9435777083308","24.6581758711002","26.1640511708711","18.0339064047572","14.9941260976543","15.6502359339218","18.770523992324","17.1170760050918","18.0564211017017","",
