"Data Source","World Development Indicators",

"Last Updated Date","2026-07-13",

"Country Name","Country Code","Indicator Name","Indicator Code","1960","1961","1962","1963","1964","1965","1966","1967","1968","1969","1970","1971","1972","1973","1974","1975","1976","1977","1978","1979","1980","1981","1982","1983","1984","1985","1986","1987","1988","1989","1990","1991","1992","1993","1994","1995","1996","1997","1998","1999","2000","2001","2002","2003","2004","2005","2006","2007","2008","2009","2010","2011","2012","2013","2014","2015","2016","2017","2018","2019","2020","2021","2022","2023","2024","2025",
"Aruba","ABW","Imports of goods and services (% of GDP)","NE.IMP.GNFS.ZS","","","","","","","","","","","","","","","","","","","","","","","","","","","","","","","","","","","","86.4636209813875","88.7044534412956","86.2509117432531","83.629654478363","84.6303501945525","70.6868685663848","69.3943248480407","68.6664578409317","70.0630780331023","67.7653712810757","76.9749819561498","76.4484740814733","74.9110469524375","73.5808547588983","74.6380124647528","75.2464685871092","84.6867741066482","83.5416514017811","82.1554686300009","81.0364297051358","70.1712783348627","67.9206032637667","69.0796838844953","70.4161082846835","71.2201683514275","69.4379658816958","72.1873538770091","79.8153266187412","73.8602649722975","78.1698299671292","",
"Africa Eastern and Southern","AFE","Imports of goods and services (% of GDP)","NE.IMP.GNFS.ZS","","","","","","","","","","","","","","","","","","","","","","","","","","","","","","","19.6424270853207","19.4652389191039","21.0555833586769","21.1983406522708","24.0321567169117","25.8777138625327","26.4178133544527","26.0584701622431","27.191939711821","25.6841226438638","25.839358809097","26.549361204311","27.4190699859071","26.0115775877922","26.7112933780207","27.8066358959493","29.0338044245994","31.2924480941032","35.3087960585733","30.693455177231","29.4797512451776","31.6686339451965","32.6287820033807","33.7082079879031","32.9761017814553","30.7145156933407","28.6800694143067","27.4060390362816","28.4028082334318","27.2160149136586","24.2926049272612","26.2881671327756","29.4724601086904","29.503506685176","28.3057372919042","27.7853990968836",
"Afghanistan","AFG","Imports of goods and services (% of GDP)","NE.IMP.GNFS.ZS","","","","","","","","","","","","","","","","","","","","","","","","","","","","","","","","","","","","","","","","","","","","","","","","","","","","","","","","","","","","","36.2890774127896","37.06956357719","54.5054272070161","50.764299620256","68.0602732398198","",
"Africa Western and Central","AFW","Imports of goods and services (% of GDP)","NE.IMP.GNFS.ZS","","","","","","","","","","","","","","","","","","","","","","","","","","","","","","","","","","","","","","","","","","","","","","","","","","","","","","","","","","","","","","","","","","",
"Angola","AGO","Imports of goods and services (% of GDP)","NE.IMP.GNFS.ZS","","","","","","","","","","","","","","","","","","","","","","","","","","","","","","","","","","","","","","","","","","","41.0732824949389","43.1162552148687","39.3418615847321","36.6181931015231","27.7712655511647","36.0151221419648","43.6498765547353","51.3637968618027","37.1015470033984","34.9164118606977","31.912417835703","32.1174804522106","32.5658156988022","28.8304491654714","22.0283208681707","19.9115003323462","22.4217843896524","23.4212246087614","22.900867090248","22.4364653180014","20.5245865132875","20.9376402778275","18.9694287694669","11.668890306414",
"Albania","ALB","Imports of goods and services (% of GDP)","NE.IMP.GNFS.ZS","","","","","","","","","","","","","","","","","","","","","23.5366005935177","22.2899596239822","24.7376437022741","21.558592462639","20.075351594758","19.1144514025886","16.0311247475208","16.1296420781227","19.9184766016104","21.4727330022325","24.0318995737727","28.5857013386048","96.2858807479086","64.5395029570264","41.1188903879182","27.8690477261306","32.9166369875764","34.6885288285564","35.9033228751103","33.4219849707784","42.0787901456396","43.633879639684","45.8202791003667","44.6593347174316","43.4861860965483","46.6735108205055","47.6933170159667","52.7810809795909","50.6658853595192","48.676733103645","47.9226032986331","51.644524727632","47.8575873806007","46.8812165543279","46.9528588208631","44.2101251985694","45.3446572805207","45.7855860010406","44.5800648295474","44.4460064468406","36.9799408832942","44.457347833234","47.5009680329889","43.9336721089435","43.1697675400758","42.5186952159475",
"Andorra","AND","Imports of goods and services (% of GDP)","NE.IMP.GNFS.ZS","","","","","","","","","","","","","","","","","","","","","","","","","","","","","","","","","","","","","","","","","","","","","","","","","","","","","","","","","","","","","","","","","","",
"Arab World","ARB","Imports of goods and services (% of GDP)","NE.IMP.GNFS.ZS","","","","","","","","","","","","","","","","","","","","","","","","","","","","","","","27.1541637717978","38.1230781807139","37.8451698238768","37.0528087720545","32.8815092292551","33.612876557051","32.0518543153173","31.8884331874564","33.439873197316","31.3250342573811","29.9197999032517","30.7784814547443","31.6741679310603","32.5563669451303","35.1174815535578","35.1045163982062","35.010791882866","39.3733054354954","40.1516314141199","41.7205741397958","36.6457500907283","35.168545886976","35.8440743120109","36.9485091100388","38.1994364180636","40.4586151480363","38.0585247804958","38.7310021363595","36.349602375831","37.1954514662867","36.8407576617223","35.6897534112032","35.9635478046444","40.4664565670022","42.7332163905963","",
"United Arab Emirates","ARE","Imports of goods and services (% of GDP)","NE.IMP.GNFS.ZS","","","","","","","","","","","","","","","","","","","","","","","","","","","","","","","","","","","","","","","","","","40.7053580585274","43.5683552382112","46.3769262232323","53.0549259084921","51.9675602553546","50.842873943999","64.4140515334937","69.6456553236032","73.8086264963738","58.040188125584","58.5481559098621","61.036813624374","61.6429155817142","64.7417651694601","70.4236225679817","70.9202430070485","70.7391380638734","63.9040622338676","70.5198421376147","83.2194445309836","82.2668014928681","83.689671850569","92.1988267361531","","",
"Argentina","ARG","Imports of goods and services (% of GDP)","NE.IMP.GNFS.ZS","7.60404697912324","5.99494531619397","9.38368289056535","7.89045203275027","5.56371407476368","4.15058297228058","4.98968803354159","4.99706414666865","5.40371142251908","6.3987133165299","4.73587740491927","6.60795603425504","6.837877358188","5.70950079036544","6.28900906002225","5.97867249611964","5.92149632785012","7.32639415522164","5.71540643432211","6.32976917437938","6.48369977956918","7.37192799857345","6.52099302139343","5.83614942003836","4.75648611743286","6.27332704995287","6.32405524784407","7.57576406955165","6.21184563577101","6.57938879331971","4.63132240741775","6.07801081056698","8.13279311431564","9.31379991407563","10.6043971410814","10.0910128307854","11.0778716497076","12.7753287418177","12.934446011977","11.5555704475475","11.6360695451767","10.2732473690136","13.370127359396","14.7138051046861","16.8450266849578","17.3053942367662","17.4067852681036","18.2824203070644","18.341772996414","14.4961418494061","16.0371898581987","16.7569458546489","14.2886829096862","14.7167556136651","14.0013150558519","11.7805740385254","13.5667926798789","13.9693177780045","16.3258502050892","14.7057366680037","13.5982843701675","15.0119803984295","15.2985115353002","13.8546391521167","12.6800122564846","14.8089725633333",
"Armenia","ARM","Imports of goods and services (% of GDP)","NE.IMP.GNFS.ZS","","","","","","","","","","","","","","","","","","","","","","","","","","","","","","","46.3327370304114","60.1204668088844","61.2560043844096","60.7541704101782","73.1013252499359","62.1869362383961","55.989556615586","58.2744756657506","52.8394319098677","49.8022321913836","50.0719114183969","45.7184119969031","46.152393477237","49.5683697098445","44.8798901687648","42.8265406335218","38.8841565463432","38.7856901033422","40.2765983873899","42.6033349980631","44.8945606568078","46.9123853980322","48.3998644778265","49.2015630214006","47.2184853070945","41.9566831307241","42.3336875987152","48.9863308847905","53.0802129926047","55.5843975150359","40.0447088894607","43.580013369418","52.3077088478584","62.4104205984709","76.4393725820236","53.6070336751762",
"American Samoa","ASM","Imports of goods and services (% of GDP)","NE.IMP.GNFS.ZS","","","","","","","","","","","","","","","","","","","","","","","","","","","","","","","","","","","","","","","","","","","109.765625","109.541984732824","111.984282907662","123.6","129.411764705882","120.656370656371","135.357142857143","82.8148148148148","94.4153577661431","98.7719298245614","100.9375","102.037617554859","108.087091757387","98.8112927191679","95.230998509687","102.287581699346","103.599374021909","94.8995363214838","95.1456310679612","92.5333333333333","77.7267508610792","","","",
"Antigua and Barbuda","ATG","Imports of goods and services (% of GDP)","NE.IMP.GNFS.ZS","","","","","","","","","","","","","","","","","","","","","","","","","","","","","","","","","","","","","","","","","","","","","","","","","","","","","","","67.035414276926","59.3670530581958","62.0018249944678","63.2483211111674","68.1846045477951","68.3730888293456","52.4035661249613","54.1137470120719","63.3003005458487","","","",
"Australia","AUS","Imports of goods and services (% of GDP)","NE.IMP.GNFS.ZS","14.0152653404652","14.9764217942162","12.5898069151325","13.7888069774686","13.7205149891927","15.2193567830542","15.082517711618","13.8496014106756","14.4395446620859","13.291872446802","13.1791125541126","12.895726157499","11.9359827852868","10.985729175018","13.1756141947225","14.6911261842032","13.3429978314783","14.6100188918184","14.5502243175424","15.3132699309637","15.8636549089425","16.6921176293248","16.7816483547682","15.5797941883514","14.9658083303341","17.2456496753426","18.0139204741231","17.0322445634166","16.5910755275482","16.9255092106726","17.0153069408081","16.1389681024492","16.3633146564435","17.835080746682","18.4602149433109","19.8033020606163","19.3130446764454","18.82399786201","20.400065734524","20.6981026364668","21.5070430809694","22.0239741296115","20.6885447118526","21.1092381818995","19.8154530885495","20.9027650415889","21.6685358865245","21.783849774897","22.6478086476665","22.6567049778154","20.658283373645","20.3508907551214","21.598616528211","21.2073707762687","21.3033915472475","21.5101052436646","21.6102583389859","20.8635723040778","21.7606517070152","21.939202684145","20.5615267123377","18.200421516167","20.2331120432093","22.3432710661529","22.5238570535723","22.6570110371129",
"Austria","AUT","Imports of goods and services (% of GDP)","NE.IMP.GNFS.ZS","","","","","","","","","","","27.5766515792064","27.4526449729377","27.4729611349908","27.6457393352114","30.5731150232028","28.61658706493","31.2863018950698","32.4507461693303","30.6730385631111","32.5639943179988","35.270085219446","35.5350765000145","32.5029290834582","32.119796948144","33.9569952878878","35.3001080394408","32.1427834629286","31.571180259021","33.6233243236943","35.662845074763","35.9316966914597","35.5973501546722","34.610466380459","31.926205154168","33.9615846861405","34.8600048302325","36.0315807177005","38.0300424431444","38.787931037573","39.0536203889869","42.2515162707939","43.1444465379839","41.9334403110863","42.0565037313482","44.2550210841381","45.7236031126049","47.5825693830677","48.4744751966427","49.1453130195427","42.1135824199495","48.0609004424225","51.4830214892056","51.5152989482497","51.0955530299819","50.6405828931259","49.7215694739361","48.910092513867","51.2300370800408","52.6757304983207","52.3114775114917","48.2851241395359","55.0789870565772","62.1522665342146","56.6661552513376","53.1474927492406","52.3178918904941",
"Azerbaijan","AZE","Imports of goods and services (% of GDP)","NE.IMP.GNFS.ZS","","","","","","","","","","","","","","","","","","","","","","","","","","","","","","","39.2223738062756","41.2050898203593","54.5963776685131","76.028025477707","30.6282092340539","53.4070672040491","55.9211007831369","53.0443593072222","54.5282799511713","41.8558448782814","38.3777368008308","37.3165776205885","50.0503092783505","65.5453718603512","72.718107430072","52.9007785985227","38.758255006348","28.5128964581019","23.4667590165732","23.1082959987641","20.6812669257035","24.0810644752506","25.2883893489114","26.2600116874635","26.2096685368412","34.806730415594","43.6496693432541","41.8544509495606","37.5802826749238","36.7675179068137","36.3943117827554","29.7981185195358","26.9954251873703","34.5394726155785","36.732893786327","36.8073651757634",
"Burundi","BDI","Imports of goods and services (% of GDP)","NE.IMP.GNFS.ZS","","","","","","","","","","","","","","","","","","","","","","","","","","","","","","","","","","","","","","","","","","","","","","","","","","","","","","","","","","","","","","","","","","",
"Belgium","BEL","Imports of goods and services (% of GDP)","NE.IMP.GNFS.ZS","","","","","","","","","","","42.7710254837046","41.8166176737447","41.0771607398334","46.1121501660273","52.3777195459097","45.6077121111552","48.2613755680507","48.1702725216395","46.5509597585309","51.6505320431123","52.9381673001875","56.157830087916","59.8220377400948","59.999935931094","63.8183833473908","61.4226586727942","55.0439747012999","54.0513368574141","57.0148633493866","61.3701837443597","59.8541601189252","58.3604828351158","56.2603571698966","52.9049958392791","54.8073406881894","56.2641961032662","58.0203848015116","60.902358975732","60.5347776108893","60.6069310248626","69.6827399089776","67.964880914325","65.2538517924041","63.679044325004","66.0121279012141","70.2462217485879","72.7625122442923","74.1666421724765","80.2078278152436","66.5423286532355","74.3342737521831","80.494152536242","80.3343292908166","78.6622093410738","79.1750903735027","77.1909428259269","79.43956490475","83.4596731852798","84.7946361610806","82.4980513923498","77.7532507214541","87.7565373348573","96.6941034919995","83.174142438564","79.7046946650529","77.4677176696568",
"Benin","BEN","Imports of goods and services (% of GDP)","NE.IMP.GNFS.ZS","12.1102860037387","9.53463213652839","9.95930446110375","11.6258988070834","12.2431651526909","14.9057105712226","16.1960629695616","19.7722662705327","19.0765867798385","21.4285057250714","24.4613236152013","27.8326141260428","26.800149392693","25.9501669628164","29.4946483665807","33.4129820337852","31.0285113990042","34.7807829045215","34.5453644374484","37.0217886787244","37.3221067200717","43.9588716369158","40.0862995442378","31.577722696885","30.9319281707312","36.6485996242477","32.6154967527009","30.9506070946336","32.0830888173539","24.8049383776371","26.5388791344867","30.3422307728013","33.5015977552095","32.917416096905","36.0734606362612","36.4311975077222","30.0189798910533","31.5354950169417","32.5006857471368","31.3822583591138","26.742848952329","28.3885918276674","24.0418117580991","22.9719333073503","21.389426770597","20.6122912074473","21.7167729998912","27.0709310375342","25.6346390032369","24.7746622235924","28.3588118822374","26.3673773087186","26.8399999121001","31.6296265138756","33.8374338168225","32.0358619739087","31.3801402666294","34.2710021769642","34.5209638714363","34.0508051206822","24.9607629492202","27.1360546569676","23.5662628402967","24.6596117269521","21.7996453220123","20.0644940157668",
"Burkina Faso","BFA","Imports of goods and services (% of GDP)","NE.IMP.GNFS.ZS","15.839404612418","15.7899764009717","15.7059646946391","15.6690091988758","11.5184394568252","11.3766205814937","11.6484883364785","13.9273070528145","15.2873906772355","16.5323946242926","16.1417701889841","19.9310890976094","21.2889996660341","22.9195387310593","24.4729157208656","30.1511163590201","27.0082432329274","30.4432668926016","27.7508292684115","29.2824436783172","31.2625076586155","31.4351136452015","31.6240353150483","29.5741478477064","28.7577920382322","31.0260822887558","28.9711662892219","28.0811295265822","27.1309820899936","23.6458973519231","24.4559590282232","23.3486879839288","19.5275360085764","20.6735406720758","25.0276010932215","26.6069148783492","27.6166925636234","26.6038877818834","28.1316805532505","26.9008102757514","26.2782244851586","22.6140880474318","22.4471572206048","21.1478047493266","24.5993563004511","24.3303222900142","24.1496788527529","23.4311750727081","25.2359899277654","26.507012812169","28.5573896844031","31.3017525842237","34.6405225638741","36.9588658493908","31.8915583395886","32.9815357744638","31.9772079951896","32.8163945669667","32.5167194817269","31.1509972180432","28.9629129494576","29.6232851445985","36.3022167140067","34.2036181095058","31.928432055678","30.01305057375",
"Bangladesh","BGD","Imports of goods and services (% of GDP)","NE.IMP.GNFS.ZS","9.30725837281466","11.6999989681888","10.8080969923682","11.6562779409751","14.1218553939094","13.3665973042485","12.6518221475519","12.5957179860198","11.606331446801","11.6653287574603","12.5074840612315","10.7275845200351","13.7325591531154","11.8552471769742","10.348545600697","8.10054723852476","17.6361931614715","12.3814462328921","15.4808518001798","15.7978440622703","17.8829473211837","14.1162959381044","15.5316243276076","14.7130315900677","13.4154720403534","12.8377060246289","11.8358105449764","11.6977479923371","12.2497633446486","12.7850303011279","13.0581855259296","12.2272149164418","12.3473285920799","14.1043140341485","13.864320908288","17.3448618625588","16.3695800738575","15.8051428327327","16.1227321741207","16.6292981713845","16.9775131339119","18.7114578649468","16.557411788963","16.2267362042167","15.7117252031078","20.0040929665367","21.7584608673034","22.9470478066831","24.9620555504832","23.1526633174097","21.7787299851405","27.4987748801959","27.9493338849842","26.7585286129376","25.5244202017989","24.7493225204896","17.4129456531683","17.179983781834","19.8398437797492","18.4832971559365","15.8286593146113","17.0612258032497","20.897740835675","17.8258075763392","16.3168879748762","16.8344754735707",
"Bulgaria","BGR","Imports of goods and services (% of GDP)","NE.IMP.GNFS.ZS","","","","","","","","","","","","","","","","","","","","","30.6916426512968","34.5239769371396","33.216476774759","36.9415469395788","38.2472826086957","43.2043204320432","43.4715909090909","42.6246185147508","45.896454985973","48.159130219916","36.725987848494","39.2035053834734","52.9387699440884","45.8345602910671","45.6726493277414","22.9232752924149","37.3237673326382","36.8875531929106","35.1038573189154","47.3251767694596","41.5268332287322","44.2000598236182","41.6223119808917","44.5969409799972","52.1072623241547","57.1846555575481","64.0695824401991","71.1775345471972","72.2110966729108","50.4737901978425","53.2824743794128","58.6298978370571","63.6250486781263","65.1237066289559","65.6975656232676","62.9502299937151","58.9445856233192","62.643910209195","63.2477884611298","60.9598273515844","53.9487771785214","59.3644831208726","68.8654009670208","57.8945312158656","53.856354041725","51.7757828295128",
"Bahrain","BHR","Imports of goods and services (% of GDP)","NE.IMP.GNFS.ZS","","","","","","","","","","","","","","","","","","","","","101.349736878833","105.543660250252","93.9064831777227","81.7467358118838","82.5323822952626","79.011406514751","74.5899918454687","76.8651045060326","68.1534905735399","77.0672801585889","83.2017227159409","84.110655979006","85.0810544537488","70.9984363701983","65.0669883718385","61.9790758639883","67.0167525014943","61.1273402261258","56.1848747785456","55.3749095101558","56.6284682992678","53.4155049554821","58.6250679204693","56.0285101569836","62.1321640785849","64.4194769029886","62.4652368065147","58.1055213402395","63.3051627651981","49.4981315443774","48.8587714119882","71.8932922709265","80.5583845887584","83.7628572125021","76.3503224222473","68.5719566006692","62.2347072046616","64.1753776714721","68.3599998924555","62.3231194108364","65.0065491894219","67.5250978124398","71.1798757519344","70.0967107297264","69.9934379215464","",
"Bahamas, The","BHS","Imports of goods and services (% of GDP)","NE.IMP.GNFS.ZS","","","","","","","","","","","","","","","","","","66.1430575035063","67.5156174915906","60.2035391995491","62.8772560473302","62.3694356817385","59.551416080593","58.0159279778393","58.3067953554456","59.2709121933431","57.9049544994944","55.8032445026988","","57.1688438928805","55.9592545799116","55.1675259388781","51.2145384367964","51.3932729624838","53.3804848112918","54.9163021289006","57.8190634524799","42.8544807938904","43.0690069981649","39.2458487715175","41.5973810340409","38.4282919944264","34.1025271473546","35.2533063362378","37.7867522740851","42.6363839694191","49.2414369667314","47.9208614529201","47.935588067642","42.3303639766138","43.7223151105018","50.898420626685","46.1242117831424","44.6917988028982","43.1740445816987","33.846387781307","34.3610332550564","36.6083121098426","36.9024588117823","33.8058296301875","30.1470588235294","37.9612860347263","38.8240458234989","38.7380249225672","41.4588701935223","",
"Bosnia and Herzegovina","BIH","Imports of goods and services (% of GDP)","NE.IMP.GNFS.ZS","","","","","","","","","","","","","","","","","","","","","","","","","","","","","","","","","","","86.3989382618954","71.4678736413432","83.8823372827429","72.7973298559813","98.3634118315508","94.1765947855901","63.4739243887068","63.967014016925","59.6014664734998","59.9814720336208","59.276443078064","60.0390399307182","53.5716025736534","56.4503034447803","59.3148109188574","48.7381154401454","51.2726737758619","55.8003759026157","55.794567424912","54.1881924682458","56.5631589251986","53.1771158643779","52.3353250902605","56.3214686755821","56.447515568933","54.476055884095","47.929791297307","53.9165214735605","61.8981572555954","55.7012919776304","54.0574823495089","54.1200490872497",
"Belarus","BLR","Imports of goods and services (% of GDP)","NE.IMP.GNFS.ZS","","","","","","","","","","","","","","","","","","","","","","","","","","","","","","","43.64896073903","33.3333333333333","57.6086956521739","83.3502538071066","84.1061091440454","54.0530299910216","50.4250960440786","65.6562985579151","63.9065684365836","61.6317764594536","72.3983446101294","70.2973237369855","67.3745423382546","68.9854723668665","74.2501770290328","59.08654296872","64.2337921203023","67.2108252637516","68.6617233270771","59.759183004167","64.545087636347","79.5088935540041","74.3083620349781","61.4823871290472","55.7104203103354","57.9040596348719","62.6999757764695","66.5781545217791","68.9386909876332","65.7558221092078","57.9220789629764","65.1824128358935","56.973020682251","65.5579463134666","65.0867303062587","57.0270473925912",
"Belize","BLZ","Imports of goods and services (% of GDP)","NE.IMP.GNFS.ZS","","","","","","","","","","","","","","","","","","","","","44.1335505050505","47.4159259827421","43.2922617179642","39.8619753957658","43.3437673497503","37.9564789418726","36.1682444622793","39.6770734303422","43.2725253292205","43.2063014660965","38.5522014442839","43.2006674911146","39.3232813669279","37.2593527608286","39.3685527273858","37.1155471250726","37.822710963191","41.6560962534713","42.1166690167451","49.2480017140919","53.7314232780714","51.2759811343445","49.4578254145862","49.7940674408255","44.1002441076359","47.2678427922054","47.0786653270988","45.3755382349022","51.6221629383723","44.1365593950638","44.2329405958324","50.1929102941744","51.840172845888","52.6487618646393","51.6202514383076","52.5041902536696","49.1925685375896","47.8976597048161","49.2540744241568","50.4229370227973","44.0058211740566","51.4009547657221","55.2614626616446","51.4696639994596","53.7490528718063","",
"Bermuda","BMU","Imports of goods and services (% of GDP)","NE.IMP.GNFS.ZS","","","","","","","","","","","","","","","","","","","","","","","","","","","","","","","","","","","","","","","","","","","","","","","","","","","23.8000876023396","23.7311948264219","23.2697593736654","24.656915602754","25.3555042510214","23.3246590561242","23.4198528067971","23.8542792001922","26.0761139981486","25.816677252469","23.4551709478401","25.0269648837173","26.9886110554689","24.8859615268368","25.0595274413538","",
"Bolivia","BOL","Imports of goods and services (% of GDP)","NE.IMP.GNFS.ZS","23.9339138200491","23.3374384236453","25.6054064201239","26.3423988842399","23.4720717932849","26.6852367688022","26.4779874213836","26.0162601626016","24.0384615384615","23.252444766389","24.3585499089555","24.40073755378","24.0191387559809","28.3198797087686","26.7976966639699","32.2166341078183","29.8864031316882","29.6449420108081","30.1082418020797","27.3960758230795","22.2858375502207","22.9534410433194","29.4039199274604","24.0390111858604","25.8198674219214","22.8428577204663","25.7073451302584","23.9921812926437","23.1388049824097","23.1564694258442","23.9262904453275","26.9656220108037","29.0650961029083","28.3863604996634","27.1975387596431","27.1865654753956","27.2744207934951","29.3590599168697","32.5824780634508","27.2873571345206","27.3230300480841","25.2556732012852","27.7158052884154","26.3671019920853","26.3258755715318","32.0937984307176","32.766134163444","34.2662546945912","37.9604649036209","32.9044490873317","34.3241701096745","38.388693571021","37.7825645435625","37.138428001623","41.9713815715814","37.0645491614003","31.9130289632108","26.037245696562","26.5711364131824","25.7735333396775","20.64468107487","24.114568689334","29.7309420747615","27.2055160212948","25.5428091852403","",
"Brazil","BRA","Imports of goods and services (% of GDP)","NE.IMP.GNFS.ZS","6.33365796570683","6.47318002375161","5.37637142513745","9.00683897968623","5.7448086952101","5.38887067351762","5.73309020008774","5.67719217542334","6.59975191810417","6.6043593076252","7.44974776115019","8.1936964789171","8.85983865755849","9.01131570710858","13.2946502579637","11.0163235419587","9.40238491080544","7.90998824970282","7.88490151920172","9.32610255823822","11.1930126187023","10.0100836217408","8.59068584640934","9.65659695727417","8.79466213028454","7.50118748793232","6.64337507524514","6.43391531173935","6.09988616208469","5.46126797532435","6.95836259652132","7.91444116378595","8.38506312730241","9.09604889204913","9.16168336908223","9.45558496072482","8.90538179274132","9.59255968601575","9.40808459248784","11.4172682172491","12.4517133524146","14.564574352134","13.3877671308534","12.9596010144732","13.1324909668183","11.8429659377691","11.6673835879099","11.9649362714605","13.7235689045173","11.2546044712842","11.9065933379213","12.3518924973266","13.2367345403083","14.0437266814484","13.6734629940752","14.0534345189741","12.0670030347037","11.8007665044289","14.2412038808791","14.7673386785785","15.8485265343869","18.5469003909373","19.1853009729027","15.6969055268697","17.6459444987685","17.4707593653367",
"Barbados","BRB","Imports of goods and services (% of GDP)","NE.IMP.GNFS.ZS","","","","","","","","","","","","","","","","","","","","","","","","","","","","","","","","","","","","","","","","","","","","","","","","","","","","","","","","","","","","","","","","","","",
"Brunei Darussalam","BRN","Imports of goods and services (% of GDP)","NE.IMP.GNFS.ZS","","","","","","","","","","","","","","","8.03184612069376","10.963279782636","8.50574117317944","7.57236365890416","6.85293939422407","6.55821120942994","5.32548490034153","6.39210174829808","8.22385310472317","9.20520315792035","","","","","","21.0919445969333","21.7218864768654","23.6626257429307","31.6742785989026","34.2601710606151","30.5895969700144","34.3229141359893","40.4787254313617","39.0108352465264","41.8949296263138","35.2921274522722","30.0850368514857","33.1702162186782","36.5602075114633","30.6647274671095","27.1159815444923","23.0483074751968","21.4103828443269","24.0473005611176","23.8022845500731","30.5834833436495","27.9632937844345","30.0315881392595","35.4811711480293","42.8954818061354","34.2438991145753","37.6831770246648","37.7420239533927","35.6035539039886","41.9648219800591","50.5636178198506","52.9348922424642","66.9542015668641","60.5846089959126","60.1602321699593","58.3166977174576","52.0378303612952",
"Bhutan","BTN","Imports of goods and services (% of GDP)","NE.IMP.GNFS.ZS","","","","","","","","","","","","","","","","","","","","","39.7343590069514","50.538452981217","50.2494745834179","48.3715855789966","47.606867024635","53.9392770245984","55.2023353051113","39.724943016","51.2118077527662","39.5774214966312","33.2546155090416","42.5133105015892","58.3657381322212","45.8966905132668","41.2248164419524","44.4770779254936","47.6226690817854","47.9099674736012","51.2534557405804","53.2112969675768","46.0250859513651","45.8528609714044","47.363085238581","48.4930612461766","59.4087116380181","61.3390192465892","56.3448645794603","54.5718954495773","55.3552583644183","59.0931184774042","65.623621455957","64.8723983474244","58.2569173603391","57.618172334879","53.7449147944863","58.1030694550492","49.2619189365981","48.3419936617844","50.550001136535","44.6660134423907","43.7647155250135","48.3837075785288","60.0723765638263","53.3485199564153","47.8676815531182","",
"Botswana","BWA","Imports of goods and services (% of GDP)","NE.IMP.GNFS.ZS","39.6439420829665","42.5255046714267","44.8389926172992","47.3453568518641","48.5767026134266","50.609756097561","50.9485094850949","50.7734931449839","62.9473684210526","52.5652565256526","60.9137055837564","61.5638766519824","60.5428796223446","61.96518146946","64.7751863428709","63.7921187892633","66.3214837712519","69.3096646942801","68.5243889968299","65.2499251721042","66.4423018616215","71.5303283249861","69.2741974068226","62.5656180736478","57.9621985661525","51.2317593531201","49.1287401123467","48.4421882103349","43.9296496960172","46.1362667074378","49.7919133338533","46.5288711852712","41.5716914916723","39.1124078090891","40.3582110436745","43.7586738039682","37.127130792","47.723676600574","52.551867219917","43.7318129125364","40.0929196197881","38.8674573300609","39.6783472803347","37.007184681116","41.3840351057579","35.5817985125809","34.8316071531305","42.0165620135572","52.0613173469939","52.647126774976","52.4946705729499","54.7250698634268","63.7602567886618","64.4032781650237","58.214573898057","59.809993673185","45.8533350055731","39.0039088877955","43.2269600709101","46.0051637049108","49.0740366498423","49.2738547603695","42.5905382721178","37.2159398529822","42.3686467177144","37.5109197674166",
"Central African Republic","CAF","Imports of goods and services (% of GDP)","NE.IMP.GNFS.ZS","34.1818122618189","35.7615888118942","37.7049074334869","38.4858050224403","40.8045902843848","37.6693766937669","42.5257731958763","46.8982382133995","39.6312253595841","37.5984582382905","41.5623499086838","37.4234623370213","33.8130870580973","36.4868833574321","43.3361131787586","39.9199700572728","29.3266108057826","34.3249061268158","33.885760267333","35.1329394686053","41.0807828634967","34.059743898938","34.2245066020111","36.6162611098767","35.5016773850403","31.6359752409631","28.6226318484383","28.5502933989394","25.0538821705756","26.4631612106678","25.8755146524582","26.1226506625627","26.3633760833559","22.8890674752764","25.0186213434453","28.2549461602709","25.6140187532248","28.9342280996326","28.3926453039603","23.9886936193025","25.2875684031294","22.5732458997066","20.1458598429982","17.9952221645791","19.2460374099972","21.7081835399254","22.0798650802068","23.4655715983662","23.4338571075068","21.6525965878002","22.8046808823724","21.3477982341309","21.5093155924689","23.4263327799409","36.4193044299887","36.0774871532986","35.7087643640963","39.8837719516938","33.7201700016618","34.3104199996784","34.3485400014428","30.9316599983489","32.9330700029707","29.0397439989846","31.4248720942871","33.5619408733475",
"Canada","CAN","Imports of goods and services (% of GDP)","NE.IMP.GNFS.ZS","","18.2275459313842","17.9390953061044","17.3998898123365","18.0166514826746","18.602594729485","19.2443298085026","19.1848596258468","19.9044676077252","21.0417786197361","19.6479537251949","19.6912790023578","20.6351858685632","21.5992833982609","24.090850707713","23.8958704135898","22.5825918221483","23.0563311966713","24.3135611050031","25.9095338638521","25.8104771039348","25.7179157232909","21.423253585312","21.7838866788824","24.5401375799267","25.2950340681603","26.0775117254999","24.8629721974593","25.3128918126509","25.0202880078144","24.9201654634573","24.8701503192628","26.5388983848248","29.1081967827564","31.6099559075321","32.9636937980162","33.1616335246106","36.2035999717718","38.0520510601379","38.253730454798","38.5561220292153","36.3042633034376","35.6483137567658","32.9740568594072","32.8646240805555","32.9021479545718","32.649050784309","32.0538645842577","32.6285240464345","29.9585003089726","31.0406277835266","31.8201854265216","32.2426469380987","31.8993710030569","32.6420535575987","34.3149066238487","33.8610786779789","33.6465721095408","34.2744514629593","33.8187163722873","31.6830809235097","31.0717706707868","33.2319537399015","33.2328904516085","32.6523836990289","32.1781181545045",
"Central Europe and the Baltics","CEB","Imports of goods and services (% of GDP)","NE.IMP.GNFS.ZS","","","","","","","","","","","","","","","","","","","","","","","","","","","","","","","","","","","","32.9605100464444","35.6167285814775","38.8514825314939","39.2883152977164","39.4372651903807","43.0813187478267","42.5526965075868","42.5250604907592","45.219757348522","48.8787783987614","49.5592741896923","53.859505606573","55.4037706204616","55.0556503562729","47.4343211524178","53.116208136983","56.9881019110367","58.0511080142302","58.009452428158","58.9953475138754","58.4299918269553","58.5954770646597","60.1614068530072","60.8563010243432","59.3303843749827","55.6110732991676","62.0553444295121","70.1023174700322","59.796001895308","56.2757530443532","54.9254041410272",
"Switzerland","CHE","Imports of goods and services (% of GDP)","NE.IMP.GNFS.ZS","","","","","","","","","","","41.2296074795935","39.0753824297701","37.7324999193853","38.3200866818709","41.2434205655648","34.164560422313","36.241177405437","40.7658410694785","39.0579393086725","42.8769563871219","48.1690966883791","47.343149579512","43.4701430569151","43.7543950243292","44.1315278980028","44.8570638652534","42.7824514479334","39.5837368218902","40.7838780492908","43.2581880419071","40.8167335262936","38.0956495931352","37.8408813920414","36.5579665552479","35.7979334250756","35.9384825610396","37.4974521051761","41.8662162546867","42.1988774712584","42.9262892875835","46.4996696941293","45.7790870672196","43.0987566735016","42.5852376577067","44.1861434566624","48.2978742326135","49.5803263271633","51.6253647050757","53.5671191334374","51.4527528962893","54.836162238006","58.8455355704939","58.4368702528801","61.2617383404455","54.4988246027965","53.1154318728083","56.7044441677562","57.3060367886332","56.755416947834","56.8740592564204","57.8828739234285","58.0619868071113","61.2709765693661","59.4184563829442","59.1522265023689","69.109307845911",
"Channel Islands","CHI","Imports of goods and services (% of GDP)","NE.IMP.GNFS.ZS","","","","","","","","","","","","","","","","","","","","","","","","","","","","","","","","","","","","","","","","","","","","","","","","","","","","","","","","","","","","","","","","","","",
"Chile","CHL","Imports of goods and services (% of GDP)","NE.IMP.GNFS.ZS","15.4531719203081","15.1503289855211","12.4990052475001","14.4813209854908","13.0054547352575","12.4998994144838","13.2305036077149","12.7482529350559","12.928223287391","13.9029335539525","13.7929856493329","11.9071577214351","12.9175202354068","15.021111640386","18.8677511752827","25.923358919007","19.9501867093647","21.5475743392562","23.106810211322","25.0388912491044","25.9571089596973","25.7169252809264","21.0569974463748","21.1194422235557","24.0899983284355","24.0398404776303","24.3461205779226","25.4434311892634","25.849759175512","29.1124126998085","28.9966928543665","26.5226676793206","26.9466772202601","27.3687975536673","25.5546659744932","26.2068802957705","27.9703051278948","28.2212958576073","28.6925981884673","26.3864973847019","28.5881687725565","30.2974551227546","30.2266330761295","30.6324426463729","30.2036106315913","31.8869620579791","29.8459599875652","31.8471726465886","39.5140657210171","29.5703965832241","31.8136862469673","34.7918624475716","34.3105520389641","33.0558248393655","32.6307246042164","30.1580314947545","28.1347025767999","27.6947817505058","29.6480060761165","29.7345891776124","26.8459687305709","32.8656468569676","39.6117335928437","29.901582730252","30.2256760867506","30.4208161074476",
"China","CHN","Imports of goods and services (% of GDP)","NE.IMP.GNFS.ZS","3.15907926241091","2.80706829282533","2.38364492614407","2.38263514432009","2.47585068914239","2.71578402243841","2.8434414417019","2.62953634513186","2.59962183986494","2.1681126940581","2.37357459141631","2.23404264740857","2.56116672626638","3.78900729553575","5.34294538210084","5.10426507116579","4.76651170488208","4.59998549903361","8.18600249674338","8.69963744156603","11.406859455578","11.3239974113697","8.65682572319597","8.38717689396696","9.48780294916516","12.3530387153669","11.1488382505504","12.3537088445159","15.6556218739347","13.2380499616851","10.6377183627152","11.4279491835766","14.4338530320539","19.274644137231","17.1538856989073","16.2425229859567","15.8040407669576","14.9442817281513","13.9725131842671","15.2248474895742","18.3293431142068","18.0049595688389","19.8426189671605","24.4751062787292","28.0306177944035","27.9912771909315","28.0427329939926","26.3597683811527","24.6186193981779","20.0889926205716","23.1313270836509","23.7939443304884","22.4035087488717","21.7526982889717","20.9964797865269","17.7581206128298","16.9735199564368","17.6152224500872","18.1238645885338","17.3146127417354","16.0681770933789","17.2078233128845","17.28479964513","17.3368405290018","17.5132317706653","16.8851895085539",
"Cote d'Ivoire","CIV","Imports of goods and services (% of GDP)","NE.IMP.GNFS.ZS","22.9045205039723","28.1035365256109","25.7469289578423","23.5198659077541","24.7227699818935","30.1242196470594","28.6963551921757","28.7912876665659","27.9949636142379","27.0697936159075","29.1076311816303","28.4273264734133","29.0066508402401","33.2319797416678","38.3761837422146","36.5847842350249","36.2477536014541","36.3305621867922","37.4354942070797","37.6626058789865","41.1786603631763","42.2841953845761","39.3267929811877","35.7203170546194","31.7912704948558","32.3976007303711","30.1814487548097","29.6202580827422","27.8901430242336","29.0552084068384","27.1116209401211","26.9860949698451","28.1155784085479","25.9060689749106","29.3092561526606","34.4430442415714","24.7494855091821","25.8443392956736","26.4693800454037","27.1560610571387","27.1739330659549","25.6442900885205","24.5407867899829","24.519047274628","27.9770074357315","30.9419558150439","30.8494468280311","30.9399896242992","30.9269522255755","31.2601624421082","33.9733654904249","29.4345267091711","35.3185989207826","29.1922765951579","25.5234587964808","25.3599716787416","22.6237159080384","23.1637208708339","23.3433087934287","21.9999218180343","20.9491633347529","22.8177649393033","28.5990307151189","26.3816648596191","25.2369734315673","24.7725112286093",
"Cameroon","CMR","Imports of goods and services (% of GDP)","NE.IMP.GNFS.ZS","","","","","","24.2606463608647","23.577236470666","22.5792443698482","24.6332039988074","22.859136300018","24.6700209651359","27.1579727452324","26.0857499129629","23.99716817564","22.7999234342368","25.5430347694464","27.3646191929102","27.8057560932966","28.1220286325949","28.2423949174962","27.1313908997948","28.4141250724903","28.9110556581534","29.303587597565","30.9934260527097","31.5758173171931","22.724436424061","20.6260388367389","15.9616339875162","17.7694471467337","17.3135310413305","14.6398988946043","18.3155699244814","9.76812572198854","15.4801004920924","15.0637846971039","20.8531201292452","21.8189799389794","20.3154688307783","17.8097792795526","23.0711315143103","26.3110519399942","25.495564362059","20.8062811308613","21.2901687220456","22.7522249497324","22.9253401219216","26.237049055803","29.9160516866697","22.5936920745664","24.8696950986131","27.2923009809871","26.1592888833437","26.0354276781842","27.2224137750793","24.5509971984078","21.6886527708619","20.8479230222608","21.8513494080099","23.528422500723","18.503094380908","20.2219506820777","21.9647892415588","21.0375759049491","18.7299249292924","20.2951200435817",
"Congo, Dem. Rep.","COD","Imports of goods and services (% of GDP)","NE.IMP.GNFS.ZS","","","","","","","","","","","","","","","","","","","","","","","","","","","","","","","","","","","19.8914280534601","23.7262431077201","30.3134936581098","15.0000001875","32.8892184395161","17.5419908998392","15.5647908914142","13.0542526803531","13.6455028361936","30.0309131413864","26.6069011123967","27.8677782060181","24.5131943931488","37.409239823168","38.9652057387449","36.2134323152604","44.3034905746837","44.725186419329","36.6443673192831","38.4197781372717","41.1664550628312","31.746801710869","36.885955975126","34.8344299251471","38.0935497576974","32.448623181302","31.1829589394597","37.5575413167622","45.001844576936","44.6860746587097","48.5515293009981","43.9168041039769",
"Congo, Rep.","COG","Imports of goods and services (% of GDP)","NE.IMP.GNFS.ZS","85.6071667649215","83.6612020870792","62.9517144091302","57.8475220952986","56.4490109293491","53.086408829957","51.1070110701107","55.821944490059","57.2347427652733","56.8940823768258","57.7631447368421","52.6493621253567","51.7874492753623","43.3774751655629","59.474733853797","63.7469586374696","66.5557404326123","65.2659574468085","61.0690872415532","48.6274509803922","60.1276359600444","76.0937788443788","68.5070422535211","51.7642642642643","45.623369848722","56.0053564070869","53.6685339527258","38.6208863493996","40.4248861911988","34.8288073030246","19.0419947506562","28.0499544685833","16.4486089644513","31.3398237074069","74.2192271672299","63.6079341033895","59.9494498730476","60.161540163753","72.6240326928093","59.1041192299731","43.6127371864776","53.3124542303374","53.9396455888641","76.0494117383601","50.8384058840296","44.5478085109842","48.1366335173347","80.101234674803","59.7055681307939","71.0724535755305","55.5366628695135","50.9800099707519","39.3624073254876","40.0685228074953","51.0639817323687","76.4636727651309","80.1912922339397","46.6543635995027","38.372624484659","35.3769404227539","28.5875814395408","32.7096322965954","34.3491898359076","39.314466600576","40.4084790309171","43.6464039344374",
"Colombia","COL","Imports of goods and services (% of GDP)","NE.IMP.GNFS.ZS","14.7574328795702","13.8297971795799","12.2273117499825","12.3503943665208","12.6516208056875","9.7093638407618","14.3467285256192","10.3415222948026","12.8112706226442","13.0092725189747","14.5547119787901","16.0168328137228","12.7981056251121","12.6640894884027","15.6304283090972","14.0115722227159","13.895015687527","13.1987670890425","13.7985479726483","13.4451307476256","15.5970059463122","15.4181542718203","15.1909383661862","13.2403032345962","12.4639577408401","12.525325304684","11.9933894680519","12.9158805893834","13.8566343782488","13.8190584368665","15.9151413516665","14.4353791922749","17.093036648287","20.9929761594843","20.9191756155692","20.9634874285564","20.8446454849312","20.7555243452086","20.9015722165226","17.8027005640253","16.7519457538687","18.5139760284435","18.1670695368963","19.9408838054673","19.0926755089972","20.4516537557921","21.9127682099768","20.6657549719257","21.0580542813616","18.731632819883","17.923758408999","20.1939184812196","20.0239457350035","19.9002090764088","20.8527165314594","22.7105526089485","21.4855137060045","20.1376251940583","20.6350331193542","21.6904953267149","20.5332954086799","23.8621404387264","27.8942871185028","22.3255418346774","20.2375393681026","20.384908937428",
"Comoros","COM","Imports of goods and services (% of GDP)","NE.IMP.GNFS.ZS","","","","","","","","","","","","","","","","","","","","","26.9197314717755","26.9201934250478","26.920914232792","26.9213913996165","26.9205987311657","26.9209445469049","26.9208890543713","26.9208777775587","26.920758697331","26.921135009593","26.920577925964","26.9209231123185","26.9208531297868","26.9210374663562","26.9212249195136","26.9208337300562","26.9213557397298","26.9207383737769","26.9209865548828","26.9212040013043","26.9211644612058","26.9209680633361","26.9209423024165","26.9208292512688","26.9210359277547","26.9211282431202","26.9210952414491","24.1808372457786","27.9971791255289","28.5849836533764","29.9112087588086","30.0445448361214","31.8645680223878","30.1949351058847","29.5593535622046","27.6687537644801","26.4599841389376","28.2630424728857","30.087130352257","29.4946179024958","28.0581825073439","32.1506894694666","37.4417429765366","34.1290271316493","32.2492795369359","31.5874225945439",
"Cabo Verde","CPV","Imports of goods and services (% of GDP)","NE.IMP.GNFS.ZS","","","","","","","","","","","","","","","","","","","","","66.9758138320565","70.6952497571178","79.1884914436514","77.808821188744","77.7003991164697","79.1828063832257","75.4426618494761","65.7335778621128","59.4939626003993","62.2123474108422","68.8196145621406","64.3898957653013","66.6568823808469","47.0456009265914","56.5171425025497","60.3785986911525","55.2908102966173","58.5376198528858","59.085260875485","59.9930743390288","60.5133898183652","62.3543096146052","68.5447455805704","67.4040296407038","69.5629969236308","66.5664793961861","72.6844919720202","60.4603094466015","56.6259345179522","51.4231265048494","55.2646272040987","57.6821890855242","53.1864633269004","48.6530214634517","54.0555599295354","52.873285384082","53.9051911427786","57.9833303204581","60.0015305876965","56.8976233266308","53.1000838209903","53.6052602688779","58.3098826343223","55.7519894851197","54.2229852215311","53.3523975315592",
"Costa Rica","CRI","Imports of goods and services (% of GDP)","NE.IMP.GNFS.ZS","26.0758590403175","25.0571749086736","26.0497048829844","27.1282501464955","28.5682580158242","33.1882380965642","30.7737165737206","31.2199220695327","32.4555763445409","31.9523273397994","34.5788959944485","37.1052278452527","36.6050780203997","36.8731792010433","48.1207960843602","38.5477788138235","34.9107160130782","36.3347734077479","36.0314506577728","37.1933582101753","36.8190209161774","48.1761803892269","42.1648716786651","36.7828696042192","33.9715319650404","32.476134272569","30.4952199961635","35.7664864652094","35.8111732393061","38.7318045778141","41.0948958578585","38.0335582909336","40.8144799208346","43.3151151589636","42.1126463588337","41.6451584380874","44.0451673511629","46.0041275916946","48.0751785973153","44.9807483685876","43.5946009234176","40.34418555697","41.1894086478451","42.6559945741523","43.0488230518016","45.7581418157306","46.5005192313654","45.8744584376952","47.5950523878602","35.1270124668251","34.6826781316843","36.1666751589609","35.3972218749191","33.4747614088744","33.8283267683351","30.7579041649883","30.9183821849967","32.3092705863581","33.1284942428784","31.2721746627109","28.0486406587767","34.2738345782266","38.4635798410056","33.3422823259329","32.3235388479498","32.6419987386084",
"Caribbean small states","CSS","Imports of goods and services (% of GDP)","NE.IMP.GNFS.ZS","","","","","","","","","","","","","","","","","","","","","","","","","","","","","","","","","","","","","","","","","","","","","","","","","","","","","","","","","","","","","","","","","","",
"Cuba","CUB","Imports of goods and services (% of GDP)","NE.IMP.GNFS.ZS","","","","","","","","","","","44.1811786857318","44.1828897867174","44.1831922685779","44.1776867547694","44.1719448063352","44.1901803611998","44.1914458684407","44.1847039749441","44.1501572102245","44.1432365286073","44.2813552503021","44.197775041959","44.1509963033738","43.9774252590454","44.1086315457913","44.971950129276","43.7798703745116","43.9171024991575","43.109570471333","44.7646632884344","40.8754480094934","29.0649368268852","18.2286003717764","15.721620226131","14.5361829051286","15.9069057573438","17.3119725417006","17.830230962636","18.2520187648191","17.3314531691585","16.9459585020971","16.1266191955155","13.2022446822762","13.6351988234377","15.2896369395074","18.3433309837714","18.4745595607363","17.6312497973684","24.3496150892259","15.4542525773196","17.7216764084069","21.8567908392521","20.35520433136","20.2234665837092","17.1902683120062","14.4664236659444","12.2865819010971","11.6711658982294","12.5608150580168","10.6075167556822","7.51453163424994","45.1302047988144","53.3711476828839","74.9071109422767","82.393075562947","",
"Curacao","CUW","Imports of goods and services (% of GDP)","NE.IMP.GNFS.ZS","","","","","","","","","","","","","","","","","","","","","","","","","","","","","","","","","","","","","","","","","","","","","","75.4151748217441","81.1648585918578","85.1956804092839","97.2727835361358","84.0183277171187","88.3926786019718","99.937746730607","102.440639046683","92.1071662966481","88.4276967174327","79.8196994937989","76.0574692224813","80.1827602645416","92.0228579057409","","","","","","","",
"Cayman Islands","CYM","Imports of goods and services (% of GDP)","NE.IMP.GNFS.ZS","","","","","","","","","","","","","","","","","","","","","","","","","","","","","","","","","","","","","","","","","","","","","","","","","","","","","","","","","","43.4147666231567","45.5292735739521","45.3675141253948","45.839191377535","","","","","",
"Cyprus","CYP","Imports of goods and services (% of GDP)","NE.IMP.GNFS.ZS","","","","","","","","","","","","","","","","56.6925963527184","62.6235490848411","67.7617510246444","62.9220183899684","63.7662706727733","63.0672098226881","63.3219216041531","64.2404149603551","63.9746637686671","67.1003386002885","58.831465105557","48.4227616714803","50.2696330632411","53.5046839073289","59.8741597432543","57.1076439963087","57.094254102569","60.6400470769365","47.9250010692282","48.0866676853291","67.6272202950778","70.6413161934037","70.5773675916753","66.2122552879049","64.2828693446888","67.532079331125","63.6402127969492","61.2360253457133","56.2425050360864","57.0138104005206","56.2249587732868","56.3706871621756","58.0161427153915","62.8442350525052","54.0688414967863","58.5671734221764","57.1630454027873","57.0658923564013","59.6296102081412","64.8926582065034","67.2591233478671","68.538046229121","74.1768764188964","73.1124327895079","74.747298763229","81.0214637422846","86.0699036565075","101.087453739449","94.3509872559874","93.3826349823034","91.9222700471352",
"Czechia","CZE","Imports of goods and services (% of GDP)","NE.IMP.GNFS.ZS","","","","","","","","","","","","","","","","","","","","","","","","","","","","","","","30.3597659369378","32.6133162989802","38.3822224024411","38.5400788972073","37.9658823592353","42.9725595627246","42.7005209295452","44.1351316041027","42.1248439289515","42.9663362406413","49.6761678543151","49.9150323317027","46.0995257474119","48.0795370036041","56.2744978021405","59.4324208687688","62.164032482667","63.7261971530059","60.870589295922","54.5734703162206","61.8648821012499","66.5002179298254","70.375384920209","69.9218351786551","75.0640876146159","74.0058338544563","70.4386716580323","70.066402231634","69.5319364042301","66.0297588552233","61.0194570714913","66.8280711600245","71.6020659665878","63.489491367431","62.6080799110665","61.0943414396528",
"Germany","DEU","Imports of goods and services (% of GDP)","NE.IMP.GNFS.ZS","","","","","","","","","","","16.5251634425266","16.2275656527685","16.123979879369","16.2917172407491","18.6515578565261","18.7315524797613","20.2286113296667","20.0547831357242","19.4766248118585","21.3263411041524","23.1529332883341","23.9655690477422","23.4369613217397","23.2040762040753","24.4327563924466","24.8904358052568","21.5829962584816","20.9341818413324","21.3627006956187","22.8374734351419","22.9485429079431","24.0694014237156","22.5944943826796","19.8703722671765","20.4900381932732","21.1246203807509","21.6214170158045","23.6789210951718","24.4953048741291","25.4893512545493","29.5149460477259","28.9988749869052","27.1421182354634","27.6466991846698","28.9712783030388","30.9999527026155","33.7897435474697","34.2470360551014","35.1642927763703","30.6846112824132","34.389888577044","36.7893742423305","36.6460661312909","35.9057450252575","35.1546840812607","35.1711839535087","34.3704482647463","35.2518818760857","36.6283346388937","36.7329982359327","33.8137258311309","37.3996969318423","43.1573498705316","38.9952859590786","37.6566712174028","38.0780373654056",
"Djibouti","DJI","Imports of goods and services (% of GDP)","NE.IMP.GNFS.ZS","","","","","","","","","","","","","","","","","","","","","","","","","","","","","","","","","","","","","","","","","","","","","","","","","","","","","","191.30621456487","140.615207979648","122.942148774525","109.307973495828","155.869604932974","143.778914001572","154.221365882795","108.610017288247","120.749534759797","143.034673702738","135.160721202385","114.822195954032","95.8024545556204",
"Dominica","DMA","Imports of goods and services (% of GDP)","NE.IMP.GNFS.ZS","","","","","","","","","","","","","","","","","","","","","","","","","","","","","","","","","","","","","","","","","","","","","","","","","","","","","","","","","","","","","","","","","","",
"Denmark","DNK","Imports of goods and services (% of GDP)","NE.IMP.GNFS.ZS","","","","","","","29.6140283983592","28.8088075445271","28.3560972345581","28.7933045225413","29.9837037848309","28.8491468306293","26.8167239953686","29.8788544161077","34.0394870870653","30.3715724725745","32.8227842995615","31.9715871765757","29.6556159237105","31.6028536265764","33.1002629645599","34.9046740799137","35.1562745433042","33.8869784643548","34.7548587495413","35.7738447868798","32.6204056684595","29.7117890440417","30.1428681898003","31.6522343147675","30.8736382321325","31.47403757752","30.0375995107817","29.0558254166983","30.9572336017584","31.9299840662634","31.4292069189282","33.4627319339757","34.1347093080278","33.3632842247274","38.1634023715179","38.3930783589425","38.8192372031409","36.9881530117296","38.1861860150935","42.0236740114126","46.7454946434639","48.6501873591805","50.4993914403968","42.3959469016436","43.7969476962718","47.929303227068","49.2814378993139","48.6919040131042","48.3774554736546","49.3160408805133","47.7088309101261","48.869725359068","51.8306171211701","52.9408671489359","49.3965353466999","53.114124825695","61.2406100314303","60.3109753721333","60.7630177709021","59.1052317850969",
"Dominican Republic","DOM","Imports of goods and services (% of GDP)","NE.IMP.GNFS.ZS","18.8132148185075","16.3430618122422","24.183958257493","25.9778939177183","28.0323740281176","20.2679878392073","25.3379408476471","25.009663703131","26.6425725141321","26.111336854937","27.9296661056883","27.705696969697","24.6432303512126","26.9741726373251","34.9725535769218","32.2351064125361","29.1757360496014","28.2774502408929","29.4660780669145","31.7674819960719","34.0691852158609","29.0016729927393","24.6350581803227","24.3630436197211","30.0100742625496","30.8340954540244","26.4865443992644","32.5309771643843","36.8708071414438","38.8010048828816","38.5877057661042","43.0130958068007","43.661051225615","41.6135643746557","40.9493683538865","38.671237757911","37.755781144158","39.0109496254079","41.6014184344939","41.3216511739672","43.8025679543791","38.6199477193794","37.9992727472887","42.2965050258884","40.2039462963058","33.3224205843488","35.5415663659558","34.4672371412028","37.4801543310121","29.5577550688862","33.2822778009833","34.7422976260316","33.7396322737183","31.4299480948682","30.2532014581601","28.3102891430464","27.5367900859185","26.5797835870437","28.3420813139322","27.587649613902","25.9359541051708","30.4217229317071","32.3520110514603","28.5202966444017","29.0155869970404","27.8549846998204",
"Algeria","DZA","Imports of goods and services (% of GDP)","NE.IMP.GNFS.ZS","67.1436317062962","67.5037710393941","20.8186466819923","36.8255151428299","29.4397625286893","25.8330783500862","24.6535720040753","21.631769324965","24.1872543580569","28.070758079996","29.1526684055845","27.6637775284367","25.7268683015027","31.5897635298628","35.4897756232698","42.9655991893928","37.1186729568061","41.7403173005898","40.1687321682685","32.8657490800092","30.3384616947124","30.8777428614597","28.9980749459833","25.8023112440766","27.4663675069292","26.7421877427078","23.1719532337981","18.4121097433912","22.6037193991007","28.5140563708175","24.9370285987113","23.5997645372107","23.8694899566974","23.138936373697","26.0537125425428","28.9962292290876","23.9446995515946","21.3376001260742","22.516096548704","22.7789962195023","20.7886259146931","20.4084177219191","23.452441183911","22.1000717757446","22.9650381113499","22.4691773220766","20.1511576995534","22.8253177285743","25.3813104447207","31.6987484527475","28.5029863779305","26.2320035517219","26.374847332557","28.3516432281546","29.3040555963989","32.676480909369","31.2742448207328","29.4871366540912","29.0130619390143","26.0989006586763","24.8545554509197","23.3926919693657","20.3985331920556","19.9497379768844","20.2821940516889","22.1441688566065",
"East Asia & Pacific (excluding high income)","EAP","Imports of goods and services (% of GDP)","NE.IMP.GNFS.ZS","6.07519374114487","5.99762878816438","6.33200052180236","6.69699641501666","6.46664694584674","6.43861313506635","6.56130894259702","6.6717987050272","6.98193148891333","6.40865228801468","6.7124964872355","6.50087823818151","6.98027461059396","8.64215364257066","11.9795028377212","11.4649099572174","11.6936378934141","12.0259100365169","15.9153588250996","17.4610776810726","20.2636140479288","21.4261321860971","19.6755760981367","19.7421314196382","18.3473660365363","18.4339417016779","17.0842165434703","19.1502759500037","22.1685703106889","22.448507475626","23.0696129810454","24.8317692414591","26.0338991077339","29.0458004283847","28.8219603026122","29.415574306089","28.1206467084367","27.4368873401211","24.7676655408068","25.0343235823764","28.8753332204579","27.5578700187925","28.2984079676563","31.1502174478005","34.9208825158072","35.1198678257312","34.145178294047","32.1465651542446","30.6599242348755","24.6020229248854","27.3397833553256","28.040170034612","26.7584812315978","25.918245805227","24.9320637009624","21.6359606427097","20.7776697300672","21.6536143970528","22.3421776897397","21.250801300804","19.444373419373","21.0749961924266","21.8711168818847","21.4549654733318","22.0103615332271","21.8410075570993",
"Early-demographic dividend","EAR","Imports of goods and services (% of GDP)","NE.IMP.GNFS.ZS","14.9131777312504","13.6771756794485","13.5160829456844","13.7353815317431","13.1461816228045","12.7049676061864","13.2102917869793","13.2504962030573","12.7837289634678","12.5563927943887","13.0110155617834","13.2942803255023","13.2858913187247","14.3717411226992","16.5680596674967","19.4897981513903","19.1984257741363","20.7962026330209","20.3425347121725","19.75592004266","20.8859051367402","21.5368982400099","21.4647426538785","20.812961230028","19.4607090896597","17.941377561051","16.8920755672322","17.2990652322714","19.0364947873627","20.2498258908642","19.9299524956069","20.9281418211339","21.1422018496975","20.0715000192595","20.1238542367181","21.6063249975093","22.2085183443567","22.7538369663557","23.0799542654986","22.0008705441852","23.1879978177214","22.5487027947258","24.0352554732894","24.2474580282999","26.1826847424142","26.8989648035924","27.7851070426201","28.241273483635","29.9216245100699","26.7052126340579","26.9654644630149","28.6431507389798","28.9500077914231","28.8954188440604","28.2511305034101","26.7392759467604","25.156043224759","26.0376729324185","27.8214236761197","26.3686761791098","24.0056998714472","26.9723428562101","29.674717948967","27.553577810249","27.0509452935328","27.5852391141137",
"East Asia & Pacific","EAS","Imports of goods and services (% of GDP)","NE.IMP.GNFS.ZS","12.8338630759083","12.4065864739769","11.7359040282282","12.2186157308654","11.2357646414946","11.5246632517036","11.3901457618872","10.9553279333791","11.318588012127","10.8403914769654","10.9150644138758","10.6881851695939","10.1089333681929","11.7647404322209","16.1587661068249","14.8362253329172","15.0813016973851","14.3888348263757","13.629248645354","16.8162366495435","19.4874946840511","19.4439701796617","19.0406627081754","17.6649599001392","17.6047762437524","16.663486372644","13.0680255905681","13.3625975871203","14.2747470013092","15.661728463338","16.6212893375798","16.1188346360736","16.0503632788998","15.8426307331617","16.4517211698511","17.9295709631011","19.8179256432769","20.8744117490527","19.6095748378064","18.9731681664399","21.3492899316246","21.5133833688082","22.2805587257612","23.6899908835103","26.4803852417349","28.4427180765579","30.7179079272411","31.3596563282732","32.2734273784354","25.851196711745","28.7978713542798","30.4474231959893","30.0172164053953","30.5365522211268","30.1849489334044","26.8498254834945","25.0672605002273","26.2767726687363","27.1314338690346","25.904938819135","23.6747294715582","25.8822914443139","28.3472562815177","27.3922118788981","28.0622922494005","28.4519492961992",
"Europe & Central Asia (excluding high income)","ECA","Imports of goods and services (% of GDP)","NE.IMP.GNFS.ZS","","","","","","","","","","","","","","","","","","","","","","","","","","","","","","","28.4289891594627","24.7134430759606","26.847354241228","27.7353528442427","32.7140215540494","26.8668075875985","27.6813719573022","28.8653255086123","27.5334998563104","25.9736468028521","30.0196733064903","32.3884267315253","31.966092531177","32.4609170144763","34.6888965123412","32.8089594396718","34.3586820200805","34.8813268357162","36.387288929301","31.8206018685986","32.2660681857715","36.3719523837243","35.7076690167458","34.3328895482616","33.3161587567809","31.4212459225656","31.4471118347883","34.9214631694126","37.3022035931793","36.5976589655603","35.2884311006276","37.9198310401886","43.0236147834688","38.7493776433952","34.3118616236369","32.7714442747874",
"Europe & Central Asia","ECS","Imports of goods and services (% of GDP)","NE.IMP.GNFS.ZS","","","","","","","","","","","20.4535435555727","20.2047738792077","20.1351903075716","21.7840978117897","26.145458749294","23.4215839668489","25.1743944749305","25.124218114869","23.8329112840196","25.3453450220493","26.9675149132294","27.3645591413883","27.2125845608323","26.8738618285321","28.1754170440299","28.2696530246486","25.0963998239697","24.8986852115645","25.2918693856383","26.7599602711858","25.934811132213","24.9517775922977","26.5492536040924","25.00782946306","25.8228587415848","26.7426382453487","26.8755326367171","28.3738466802552","29.130436845657","29.7371094685192","33.1176927041826","32.7364696343992","31.4986503357748","31.1352078727847","32.2088700019559","33.6097797876891","35.563582639366","36.0182511808321","36.9500382307528","32.7023047857595","35.7771622331781","37.8684947916607","37.6829668230086","37.4754414063206","37.5158669438876","38.0277551394271","38.3692427628218","39.8681962079951","41.0285414015008","41.3793909553092","39.0109515268425","41.4466362829685","46.5739981216982","43.3504254579673","41.3307223954634","41.0143773517471",
"Ecuador","ECU","Imports of goods and services (% of GDP)","NE.IMP.GNFS.ZS","10.3640720150215","10.151665397671","10.7943896440837","9.9569754371776","10.1444581590686","10.290481092282","11.114369199533","12.0315925734963","13.9182074148867","12.1023572054297","13.010025402533","16.6901086127357","15.550077564171","16.6595970580145","18.7523195538694","19.3341564040548","17.9782683283951","18.1393334090066","18.563846110533","18.1715032730298","17.8769831023352","15.2974278533261","17.7564544710672","15.3164023809484","15.6818801344596","16.0359384241434","17.4812010058534","22.3646357882814","23.6564504742201","24.8299322177703","21.8305402720974","21.5220563955058","20.6728035108946","23.1353775913338","23.4979294250568","24.624367359648","21.9424179952391","23.4822601074067","25.5031570829793","22.82370915869","27.8532356265599","28.5213530213856","29.0822270570441","25.51576918198","26.9748580669833","29.3310019856824","30.1406704488754","31.3681523449196","34.3139954933835","28.0377172282183","33.2916897335927","33.9223143131735","32.1715182739742","31.058033826413","30.0713399277247","25.0735539811836","19.9952006437747","22.1321359260048","24.4654774807509","24.0342148947594","20.7057487735965","26.1953000265705","30.9555471259573","28.5131570051099","26.9457668073473","27.9181990841101",
"Egypt, Arab Rep.","EGY","Imports of goods and services (% of GDP)","NE.IMP.GNFS.ZS","21.8255051884216","19.7418860209558","19.5184708693255","23.5869266684977","24.8742368742369","20.1324210990951","20.4841941684047","19.1139340381884","17.4635683339898","16.5330661322645","17.0945777111444","17.7829783452321","17.3751077256679","18.1611208406305","31.2974177716743","35.546300832925","27.9181457506786","31.365790082705","33.9362115908207","42.9715246067986","42.8683992756551","43.498141105081","37.8687210545066","34.2105263157895","31.9620253164557","27.8820375335121","22.2222222222222","22.7184466019417","35.2272727272727","32.3376623376623","32.5678496868476","35.3777777777778","30.9130122214234","30.090206185567","28.0571428571429","27.6960784313726","26.1987794245859","24.8965776607747","25.7132915796799","23.3094928478544","22.8168185827698","22.330638416504","22.6708894167326","24.3832335329341","29.5899443643107","32.6090993500464","31.5687226809131","34.828141783029","38.6376326074819","31.596622529265","26.5871042599039","24.6882065494858","24.3148026512211","23.3551924317351","22.6760563380282","21.6620974671631","19.9010851110947","27.8180475395935","27.9263640649779","24.4799857040743","19.6534798296655","19.295823265447","21.8960790564233","21.3443094314355","23.2245098772607","31.5143194274435",
"Euro area","EMU","Imports of goods and services (% of GDP)","NE.IMP.GNFS.ZS","","","","","","","","","","","19.6157298774338","19.3718900607411","19.4377096811099","20.6646407395079","24.7155738290008","22.4198010197446","24.3074544945607","24.1666400947122","23.1430469907142","24.8630628993303","26.9700174233155","27.9092649516209","27.4779356155669","26.740955844638","27.8887215952267","28.091508728075","24.2360514622916","24.1866063382138","24.7163063039969","26.1708986936807","25.603521717725","25.4998600670251","24.9376489817813","23.5853651748937","24.8252115001389","26.1647001134983","26.3013957999468","28.2050116315802","29.0678578641412","29.9173896497685","34.1191277900294","33.4125751940136","31.8296311163446","31.359595411042","32.6689022665375","34.5238447182406","36.7797651916257","37.6743372748567","38.3172980684762","32.8668330320375","36.8804787993304","39.5353769351374","39.9255351825677","39.6150205942814","39.8443862357624","40.712625890376","40.286858872329","42.0435870109637","43.2437074712547","44.0094023314567","41.158795714305","44.6203523498243","52.0762383047028","46.8035262609806","44.8398285902576","44.6886469236171",
"Eritrea","ERI","Imports of goods and services (% of GDP)","NE.IMP.GNFS.ZS","","","","","","","","","","","","","","","","","","","","","","","","","","","","","","","","","44.953583024649","71.5033107169133","82.8621152906693","82.9346092503987","87.3837499432927","85.7999538709925","80.0930820850693","86.7248286299297","58.2107413330059","61.2556705989949","64.8089828171642","67.5654964566073","59.7955078666408","54.9403177017381","38.3613366615876","28.7877069488713","26.132193400212","23.443517755704","31.0930888587001","29.2389528621013","","","","","","","","","","","","","","",
"Spain","ESP","Imports of goods and services (% of GDP)","NE.IMP.GNFS.ZS","","","","","","","","","","","13.7005768147789","12.8900001311074","13.8514189735761","14.7960288069455","18.5239030470723","16.7219411492543","17.5229816323976","15.9229677703068","13.8554398523551","14.1418114861932","17.2819956343354","19.1102073995601","19.5651063458232","20.7078014277062","20.2526458704624","20.0159930512599","17.1621130339913","18.6082328555084","19.4243859664263","20.7964644848989","19.8999616408042","19.7317294529868","19.8042521750036","19.2545779765874","21.3483907299537","22.9644613141731","23.2246505749101","25.5110593848211","26.5804352013017","28.3071423051465","31.5327015345083","30.1370410210027","28.5378742610811","27.8201980109209","29.0912600182081","29.7585877718662","30.9004394134785","31.703851639984","30.280322752312","23.8512940474748","26.865556633508","29.1234127763898","29.2542984119139","28.9133156275228","30.1799222098486","30.2833562687193","29.6116448657886","31.2670509322886","32.1345964120382","31.6906621148431","28.9651031602513","32.7675046176609","38.7940514426218","33.9809889561819","32.8943819660923","32.8133446186236",
"Estonia","EST","Imports of goods and services (% of GDP)","NE.IMP.GNFS.ZS","","","","","","","","","","","","","","","","","","","","","","","","","","","","","","","","","","67.999591454774","79.0457646039902","73.1861262675433","71.6981931917923","80.6689784959639","83.203890024196","74.2503456699339","64.8682320515843","65.2512510886738","65.3433238899221","65.5974307148297","68.8836548744895","70.49029909985","73.3643829935577","71.3854203253559","70.2931634193843","55.8976580434008","68.6258213568171","80.4764549117819","83.7579774018928","81.1475215218144","77.3642096124932","72.4726968902071","72.2693705459549","70.3300925612348","70.5847297075262","68.3329936436289","69.2380878779785","80.8560134825861","88.2571814212899","76.8179574100507","75.3682190891409","77.397561624675",
"Ethiopia","ETH","Imports of goods and services (% of GDP)","NE.IMP.GNFS.ZS","","","","","","","","","","","","","","","","","","","","","","","","","","","","","","","","","","","","","","","","","","","","","","","","","","","","31.5460822119553","31.630605984481","28.9877135217855","29.0994642402923","30.2928105475922","27.0869584993198","23.4742747776515","22.8266908218905","20.8753289040091","16.8789144437579","16.7133482738948","18.351539318761","14.0022832166203","11.8611650370138","20.176028072184",
"European Union","EUU","Imports of goods and services (% of GDP)","NE.IMP.GNFS.ZS","","","","","","","","","","","20.019746201382","19.6931110100736","19.6838930901056","20.9917656972932","25.2151564372816","22.8121680880856","24.6609731345929","24.4870976468317","23.3954858068762","25.2150531087575","27.2071554891976","28.0515952889843","27.7565063822888","27.0800766056643","28.1531024444889","28.4153796394773","24.6186050305337","24.5520584109819","25.0635023819536","26.4968990000893","25.9444810909391","25.6528896297181","25.1694745717184","23.9621081622757","25.2167658451453","26.581346253404","26.7514495355429","28.7330928075401","29.6655182187014","30.4491990539032","34.6770073781187","33.9660716078462","32.4986725224709","32.1282670072162","33.5463458268003","35.4463595292001","37.8830736326494","38.9118526725057","39.6352167799229","34.02343881293","38.05767027832","40.7153576376326","41.1149743624442","40.7465197120667","41.1283893985555","41.8865492862511","41.5024494008138","43.2580644704839","44.5363437065738","45.1389642400608","42.2211140829848","45.9109100924003","53.4328869564855","48.1095093874691","46.109481455462","45.8155242538209",
"Finland","FIN","Imports of goods and services (% of GDP)","NE.IMP.GNFS.ZS","","","","","","","","","","","25.5490352600713","24.8721360319743","24.1350470795251","24.9012644052578","29.5313756403129","28.1964504057777","25.7187581337263","25.5364088277753","24.7634084916189","28.5324088448408","32.1212121212121","30.3144951525183","28.7086371284352","28.724652254064","27.122862168332","27.3284671532847","24.3426510945178","24.4881377965551","24.2566061348734","24.8556057571382","23.6939888307462","22.2153187670429","24.6962941995141","26.8146244597594","28.4248615493237","28.3360757307981","29.4331074654089","30.4557437434546","29.5389060956066","28.6417943383141","32.8772747936005","30.5159287201012","30.1738075990299","30.7420541281622","32.3482906117512","36.3104708925947","38.9173960581045","39.0342084582939","41.2868784523276","34.0446254161279","37.0481591521523","39.7485517694974","40.4954635738454","39.2349764369991","37.8217677491438","36.1802542437391","36.3888798750214","37.772467134834","39.9943942562687","39.9458321803805","35.9702521712277","39.8675049444453","48.2777537715821","42.7457372575594","41.5477928788049","41.0692518801012",
"Fiji","FJI","Imports of goods and services (% of GDP)","NE.IMP.GNFS.ZS","","","","","","","","","","","","","","","","","","","","","51.9263950466204","57.4431818181818","49.6317585773307","49.0369419508893","43.8955539872971","44.7128532360984","39.4745843880413","42.0625170625171","51.3101536911061","60.3552798614131","67.1565656565657","60.5044074436827","54.8931920805835","59.4251734390486","59.4366091803524","58.8473059294814","58.8611408677022","58.5465270413574","58.432029228193","61.6003775464723","70.5091957562355","69.0430622009569","64.2522198942432","68.7058607722645","70.9211395452899","63.6726190476191","67.966652271063","61.7874671421481","73.8730692581708","59.4327056864841","63.7935013391539","65.1962418255196","64.1746479885176","69.4749584086648","58.4780304692716","52.3522933763022","50.5272491970504","51.0060974871323","55.486624174387","60.0479774142425","46.6708837290465","53.0058642512919","69.2333664893277","68.7751558036874","64.5569713758079","",
"France","FRA","Imports of goods and services (% of GDP)","NE.IMP.GNFS.ZS","12.8405545369745","12.7162118049717","12.4015407177059","12.6955432620489","13.4113718557875","12.8707058154475","13.4919660579776","13.6384809078369","13.9322212358321","15.2702760938892","16.0083636789284","16.0837049624346","16.4279747217302","17.5166005344562","22.4990400589664","18.5114150051224","20.9762509014128","21.0739660001474","19.8378035751119","20.9228306073706","23.2435741526281","24.2953175449803","24.7583430182574","23.5493970165708","24.4949584840299","24.4680878029166","21.1202179601987","21.3916599649524","21.8023850552862","23.2110051386235","22.59758568885","22.5394312881118","21.517950603772","19.9093069269938","21.0008368568964","21.7420067714481","21.9894774043751","23.1731284270416","24.1686656996833","24.4636841396038","28.0279980425069","27.4626293461303","26.4018230910334","25.4619146196714","26.2116609694066","27.65927959839","28.9414290456532","29.2940266620733","29.9807331629246","26.3181640716005","28.7610671562408","31.0667881455656","31.3032784243658","31.2279485306189","31.4574540364356","31.8111924693795","31.8445463682721","33.0840141110421","33.8842788890102","33.5394177830602","30.2816679047993","32.5004326976615","39.3469593713211","36.1698881831383","34.2184333099912","33.7995547693485",
"Faroe Islands","FRO","Imports of goods and services (% of GDP)","NE.IMP.GNFS.ZS","","","52.212389380531","44.4444444444444","45.6031567080045","45.540844366725","43.8848920863309","40.4384632081615","43.2399263653099","44.5987067325979","35.8555729984301","40.9158853105041","39.2740865790426","42.2698380151733","53.0976402901693","49.8354633810362","48.2874617737003","43.6179893673069","44.9427959341811","45.8875376075257","45.0514647664291","46.9630769230769","45.5783783783784","49.4202247191011","61.6387126019946","54.0373946989932","51.5249372084679","53.3146437994723","49.4018404907975","39.6925007844368","35.0487722838883","33.2874828060523","36.4675984752224","28.9014997973247","32.1798590965603","34.970297029703","48.9194841408156","48.8892492297714","44.9592716171127","51.7300114401932","59.2097941012799","53.3412035167293","49.559429791884","61.4859060267022","49.7135446908992","58.9168956694779","55.5951894788602","57.3765599352858","57.5214476472581","53.2021545385859","50.4598069268427","53.4119798403283","64.5990255698994","58.6193202501903","52.7282510333358","52.3941791303344","50.0163690319038","50.8736087818265","54.0566581242426","52.853529673679","48.7958252159572","51.5075560523657","61.4889375342037","56.1416424338352","51.1965472445594","",
"Micronesia, Fed. Sts.","FSM","Imports of goods and services (% of GDP)","NE.IMP.GNFS.ZS","","","","","","","","","","","","","","","","","","","","","","","","106.764502581507","","","","","","","","","","","","72.750420588369","84.5086032528885","89.0423156481596","83.5948173060669","79.1900879792669","73.6008863462952","77.8382293156539","73.2155908813769","77.6094947538887","79.8172355130656","76.9230769230769","78.4","77.4703557312253","86.5900383141762","88.086642599278","83.5616438356164","83.1168831168831","82.4074074074074","83.7579617834395","74.0506329113924","77.8846153846154","72.4770642201835","70.9141274238227","67.7664974619289","71.1392405063291","71.0641140436902","70.7351011320425","75.8610408760963","73.1417260905567","73.9938140340076","70.9449387561838",
"Gabon","GAB","Imports of goods and services (% of GDP)","NE.IMP.GNFS.ZS","32.6272095196205","31.6628120291076","30.7683996684865","45.3936620976737","35.9514815816693","37.2972972972973","39.5695264187958","48.0539071856287","49.2455146102841","54.0508644027053","37.988818326521","52.3311132254995","72.2578801843318","57.6660273122284","43.2606941081517","47.9022491349481","46.0992907801418","51.2605042016807","46.9213649851632","37.4030406453615","31.6301703163017","40.6955693187232","39.666919000757","43.542521086435","40.2004883691042","57.2809063645451","54.7043352846356","45.2195072263918","41.7914367793285","41.1980531636091","30.8589411329137","33.2714792537205","33.7932892329726","34.5484230291866","38.2510468214595","35.7476971557854","33.0076558637737","37.2322537068605","48.5684310018904","38.1189481017067","32.6697522310293","29.3633807625275","32.1501818428416","28.3731737105414","26.728381864986","23.9409270825355","28.077592735444","26.6038745775238","26.7991605832374","31.3328452395852","31.4941703485316","28.7540052056817","31.3924675039244","33.2776302665374","28.9994366216762","27.9177729544577","26.0980337724197","24.8419864730712","22.7375212062962","21.9970162214648","22.5145718306477","24.4091917128693","24.4843556565515","27.750375538247","27.4685070347277","29.3993027616937",
"United Kingdom","GBR","Imports of goods and services (% of GDP)","NE.IMP.GNFS.ZS","","","","","","","","","","","20.9688288553011","20.5311403220506","20.7334983983307","24.7645621803191","31.6395733871608","27.0908550981935","29.1157265353418","28.949547130278","26.6785222906664","26.9943736643302","24.4141733546691","23.1375268037981","23.710912304029","24.7799180188297","27.577805191586","26.7641215367304","25.4230768855819","25.2765846062746","25.1898464052096","26.0360055921146","24.9201907506095","22.7201063018739","23.3824193284437","24.9162654330582","25.8082338069448","25.1333164116918","25.7904639731001","25.0855729396509","24.8195061048819","25.2578752626043","26.7816781759642","27.1849267562592","26.8046768666199","26.0994438028613","26.3040230027962","27.3372722873845","29.2919192465902","27.3413721081452","29.0571127381622","27.9463641581244","30.3048137840466","32.0591396722646","31.469331617208","31.5119235000045","30.2890138267133","29.2459709877926","30.7779753635731","32.216093479851","33.0552381952321","33.1007061373899","29.2112372453782","29.2489791841395","35.1369980576912","33.0801144117865","31.7829084706465","31.8603712472379",
"Georgia","GEO","Imports of goods and services (% of GDP)","NE.IMP.GNFS.ZS","","","","","","","","","","","","","","","","","","","","","","","","","","","","40.7962298656538","46.3467829880044","45.2835446565417","45.4363223306161","31.413612565445","66.2868632707775","71.7501478938092","109.130510916547","42.3267831001806","32.3703450949981","42.142841774792","37.1079349276199","38.0962813343447","39.6669292250666","38.8685585855559","42.3998497854077","46.1776485561822","47.9118105106725","51.2705556368268","56.6545080094852","57.5751156304064","58.0349045080184","48.6478372067163","49.2059203575782","51.6024928158167","54.0953002114923","52.8724195209005","55.7688121808209","56.8790621743661","54.9269603042158","56.707725205612","60.1521994975096","63.5057718296264","55.9907600072305","58.9265463408208","62.2165584682954","57.8841193302132","55.6414053871245","53.2223570641145",
"Ghana","GHA","Imports of goods and services (% of GDP)","NE.IMP.GNFS.ZS","35.4430379746835","36.4516129032258","28.4701114488348","27.4545454545455","23.8673139158576","26.7394270122783","19.631093544137","19.9468085106383","20.8235294117647","20.3398300849575","22.7091633466135","20.24","15.2042628774423","16.3953156241074","21.8025751072961","18.4364944160515","16.0435182347533","11.5470751590074","9.6874106547222","11.1615052087024","9.15476523849529","5.32316250378652","2.98203606667361","5.98898053662831","10.7705840827022","13.5893519274271","20.1355904363181","26.1855227882038","24.0621159136831","24.3432537358508","25.850287720007","25.5248032052346","28.7676403692637","36.4152010536918","36.7625168107589","32.9266483481043","40.0927619568381","52.9915470404013","46.7281914893617","49.6267650803215","67.2461725439646","64.8128376940797","54.8729912815685","56.6081030628332","60.3670092258015","61.7222971639139","39.8628637530195","40.8292316808483","44.4847683116359","42.3028725496475","45.901097808525","49.3588453047101","52.808816954646","35.318538506149","35.6046602824807","42.6895661009546","36.6837602962245","36.6714905104435","34.5036220155637","39.3752028696209","35.0500782295317","32.6527114432115","35.4514122414706","32.617045035709","33.9110885619442","",
"Gibraltar","GIB","Imports of goods and services (% of GDP)","NE.IMP.GNFS.ZS","","","","","","","","","","","","","","","","","","","","","","","","","","","","","","","","","","","","","","","","","","","","","","","","","","","","","","","","","","","","","","","","","","",
"Guinea","GIN","Imports of goods and services (% of GDP)","NE.IMP.GNFS.ZS","","","","","","","","","","","","","","","","","","","","","","","","","","","19.2530787854551","21.0577412165766","21.3120529948073","20.4282932758344","22.9355833711082","20.9766987806443","17.8819971710782","19.2609158383707","17.7374442334341","16.8203876660116","16.6967305419004","15.6740868489473","18.4654325670549","17.8547358250775","19.8603371729124","20.5875985166216","19.8689639787901","17.2730544386322","17.7057122683229","24.0804425048731","45.5619859536022","47.5700762474902","42.543781280909","47.2995570961211","43.2053669152547","53.3524319845148","53.5369373306752","53.9558259926726","50.0834549289601","50.9458587644995","82.4679548110406","56.5913353153077","48.7770160108349","43.3732638929645","68.7954413842173","58.9768995109853","48.7466212613867","51.6974637089281","56.3848109609781","62.2660777034909",
"Gambia, The","GMB","Imports of goods and services (% of GDP)","NE.IMP.GNFS.ZS","","","","","","","43.5773274224193","47.1898483080513","50.9933527696793","51.0917109458023","40.9088572739789","37.1813100436681","40.7557432432432","42.38109375","43.7154972544234","43.6145978391357","46.3548873228325","47.5171174744616","59.8879743303571","63.2552130474224","63.5984727882557","66.7570311333647","59.6381602422238","62.482250979714","64.7891913152926","53.9166164173161","56.0983198506534","59.2869041517171","58.4532826518349","65.2774202177885","71.582679085085","34.6640272408911","36.8503769782072","36.4379064785144","28.6764609354065","35.5011489922873","29.1557227815931","25.3852955516743","28.565387616061","28.0159364396815","30.5611455661123","25.1084650526988","32.4855663356834","37.765006589094","29.3395166933091","30.1154326166684","29.3397562431418","26.2608870053629","24.6138992810955","26.0312868996824","26.3447001496494","25.780297578409","27.8589908793607","26.482754996429","36.4210353312654","28.9515244974666","25.3584531644371","37.252844786499","42.5242842292877","35.8320203806507","37.7878762852843","35.4806480369685","36.1520709046807","32.9087936176572","33.4217749272191","49.4409619200013",
"Guinea-Bissau","GNB","Imports of goods and services (% of GDP)","NE.IMP.GNFS.ZS","","","","","","","","","","","30.1886622208179","34.3119546167136","35.6301592805983","40.7264827920762","39.2484271759058","25.9467133966826","27.9353393323349","32.6021772408992","36.0531086610329","41.5264505622538","41.841894381061","35.7185592017785","41.2851952512703","32.2537232435095","51.2814144642169","57.7095329935217","31.8351051261118","38.9561509350744","51.1681942893035","46.1895163067898","37.0345133531428","37.7911226446654","50.111885777812","32.7168642672532","34.3093712456743","35.1432633013846","31.8357674176132","64.5873636018508","39.3951196891519","40.7705359801738","39.6445616542869","37.5040278925575","28.2204969889519","26.1017170850596","30.2588869731209","32.2214287557155","38.3829406200213","35.1242261051223","33.3723135538085","32.4674393680016","30.8751719385669","29.3193643906809","30.0112889962536","26.7430406090989","30.1755373568722","29.3236636269032","30.5259420089505","30.3793671863376","29.542721705949","31.6628713407858","27.417360585386","27.277887743448","31.2419637659019","28.6938417209569","27.6736356160346","27.0129904065306",
"Equatorial Guinea","GNQ","Imports of goods and services (% of GDP)","NE.IMP.GNFS.ZS","","","","","","","","","","","","","","","","","","","","","","","","","","","","","","","","","","","","","","","","","","","","","","43.6070886820041","36.2071319224003","45.462495885091","39.4636564211627","47.8698671729483","58.9097918026514","39.2820339785109","44.7704306482886","39.239968263518","38.4159100730149","42.2195853462674","41.1879007790367","43.5651530381","44.0311468985135","43.7480428771542","37.0824347940291","31.839097550571","28.8459309342984","22.8840801675135","29.3128827424467","28.4121930553738",
"Greece","GRC","Imports of goods and services (% of GDP)","NE.IMP.GNFS.ZS","13.9746948449116","13.5441527446301","14.1555396958321","14.6484619232212","16.0350443321509","16.3236690804828","14.9824504012678","14.6060481126968","15.0098511708396","14.9615442588097","14.6048239559526","14.542869891764","15.5263441660104","19.2718915811191","20.3925019785107","20.3159030900081","19.9789197895259","19.8363440224466","18.6877769497485","19.5266217474124","24.229588970048","24.6987279286076","23.6355742709807","23.6902249241888","23.1129353827768","23.2631925267507","23.9377976128056","23.2057419894464","22.3467094852765","23.82325592721","24.3139691998969","23.3964817257264","22.9654502840077","22.0392804676088","20.8301695683564","21.7558214495402","22.5075465825416","23.0682195187208","26.0039798757566","28.7601191111593","35.1013997962753","33.6978743793252","29.6702347678407","29.0208197707737","29.2160067589458","29.3630031508258","30.329773779727","32.7774943504585","34.3204916281311","27.6480773891011","29.1936887978789","30.9853964410338","33.4283897048617","32.6275287772745","33.9184908742053","33.0852861573132","32.4781888673706","36.103137372539","40.6071808082905","41.0298063980194","38.843313969663","47.7522568992909","58.8902226709721","48.6322498290894","47.6648496225666","43.9898535848415",
"Grenada","GRD","Imports of goods and services (% of GDP)","NE.IMP.GNFS.ZS","","","","","","","","","","","","","","","","","","","","","","","","","","","","","","","","","","","","","","","","","","","","","","","","","","","","","","","","","","","","","","","","","","",
"Greenland","GRL","Imports of goods and services (% of GDP)","NE.IMP.GNFS.ZS","","","","","","","","","","","","","","","","","","","","","","","","","","","","","","","","","","","","","","","","","","","","49.501392594901","48.8657074560158","58.6472672201639","51.8907405087082","58.7647889738963","70.394091376455","55.0262482673194","76.4163943742009","92.5500100609904","63.4664108755334","58.2108160084883","48.61576076735","45.5215358812404","45.0726252078338","43.5150221202513","45.3221117220578","51.148051064511","46.6936792527507","49.6283883305726","52.5750457267869","51.0914572688916","","",
"Guatemala","GTM","Imports of goods and services (% of GDP)","NE.IMP.GNFS.ZS","14.5362221671351","13.4949394905674","13.422525358517","15.9328476401647","18.0894479323723","19.6109373299487","19.134248939383","19.5115239078087","18.4166407947842","17.4303379637599","17.7783613445378","18.6970979443773","18.536144291629","20.2047322043931","25.6650332331182","23.5332839628075","27.5834408822559","26.256729267157","27.2625448139378","25.8511278112268","24.9190856359552","23.6015094881844","18.6876213842247","14.5524844396692","15.1510030079092","12.9840160733461","14.5921194936727","22.2940550458823","21.9362386547453","22.4740972824037","24.8419645279651","21.5676502615202","27.2962596372204","26.0758970457648","24.850947749203","25.4303863115023","22.5828356581591","23.5958431339438","26.2521333421554","27.3555827290684","28.950553509261","42.0054848917618","40.3785347273026","40.8212394697631","42.7954626492149","41.6487980943867","42.572090305199","43.0208467063922","40.0543846004484","33.6728604918074","36.8997282404628","37.9793452571685","36.6923266987792","34.6870824337369","33.3389129283464","30.0635447457053","27.6196464426206","27.5743640248619","28.8423594935889","27.9047614104306","24.7971475931852","31.6314924570096","35.4973111273629","31.7123069758568","31.4218348560856","30.9684374704532",
"Guam","GUM","Imports of goods and services (% of GDP)","NE.IMP.GNFS.ZS","","","","","","","","","","","","","","","","","","","","","","","","","","","","","","","","","","","","","","","","","","","47.6134354743665","46.3435135892407","46.1359524424916","43.7455494896748","49.056158565361","56.6067773481919","57.3851438385573","54.6603148301574","54.9403919983835","59.169341894061","57.6828110161444","60.0296351176144","59.5187165775401","53.26780479393","51.4489069649212","50.291036088475","53.7101305569327","55.8143194335169","57.2684246112238","58.7423804940648","63.9797395079595","","","",
"Guyana","GUY","Imports of goods and services (% of GDP)","NE.IMP.GNFS.ZS","56.9568197395476","52.9817953546767","44.8833034111311","46.133421838699","53.5190176699611","57.6551724137931","60.1594650205761","59.7930872325417","55.1468988030468","55.4352186121139","57.0014936519791","54.688884949477","58.7685633238779","68.8895781637717","66.4187702943333","74.9052631578947","91.0043130006162","78.7676713790344","63.0985248875917","69.2255486011613","93.6405835543767","92.3105943838819","70.0829875518672","64.5776566757493","51.358986689177","61.8820512820513","53.2119840189854","90.7625844384868","67.9313718688103","73.5334050455027","79.8595600329228","120.294560642612","149.224662558309","131.046846289155","116.170087917042","112.116602014028","108.71622317812","109.47660608457","107.909676606741","104.550843062155","110.687397263141","106.70271738886","104.421892936582","99.4857936750333","105.16261371892","109.727888738605","","","","","","","","","","","","","","","","","","","","",
"High income","HIC","Imports of goods and services (% of GDP)","NE.IMP.GNFS.ZS","","","","","","","","","","","13.0437474515284","13.0545715264369","13.3656615311609","14.9723962334474","18.4864305393412","17.0711306370539","17.9081951184651","18.1441333777112","17.6507905005444","19.4794803170994","20.8891635476255","20.2067537013534","19.4855983615166","18.6685742686069","19.0975080120625","18.4579488864809","17.26910932054","17.7365013385966","18.0597665262827","18.8788203466708","19.249209047438","18.5296279933342","19.1763371603739","17.9837970335939","18.553139991435","19.8328940441272","20.4687622033257","21.3124304978059","21.4334792531088","21.4659080000948","23.2428237919617","22.6657664692143","22.4957124468076","23.1291152640247","24.7618816523166","26.1580974266662","27.960378843861","29.0663973708436","30.557406700616","25.8617588585992","28.4255072218696","30.5192347101533","30.2759742777225","30.4754557117839","30.6550262766125","29.4318486037236","28.4724699040992","29.5428994144556","30.3396707872423","29.772407084126","27.6172607767686","29.875615938147","32.7455730607901","30.7380890832287","30.2124572959212","30.8167928694479",
"Hong Kong SAR, China","HKG","Imports of goods and services (% of GDP)","NE.IMP.GNFS.ZS","","90.6371562709591","86.6582249338091","80.1956459192481","80.585464333782","72.2640292410234","79.4426550903235","75.9741518578352","84.8303393213573","86.1449812213819","85.4842897948585","85.1542296015892","76.4442926768696","79.1080891426912","81.8416596104996","77.8075782935732","78.7621128633859","76.8285028109819","84.5701895502553","88.3389090521869","89.2618664661361","92.0514120453053","84.3044820285197","92.2620937863872","95.9544566246298","93.8805154461255","95.6019031276811","102.356815360843","111.207185094276","106.866359275232","108.731159971698","112.532781348227","117.466331322092","113.61145422713","118.135402673374","130.689647776688","123.169251866549","118.398814929615","110.298576380235","107.553738648435","121.62256327285","118.07928292341","123.919694205301","141.678675928188","159.065157420675","165.236292821103","174.023498171751","175.737056233629","183.24162936526","170.262498907636","199.447963556362","209.002290080282","214.71896493916","221.009958822525","212.885458218013","193.508347649149","184.722102884528","187.893267098083","188.553266542735","176.092205965367","174.375222597563","198.445417721854","190.397810975171","176.340412114544","177.765724741209","196.887724077323",
"Honduras","HND","Imports of goods and services (% of GDP)","NE.IMP.GNFS.ZS","17.9228424261537","17.574011523942","17.7011926002442","26.4769647696477","27.3219421417696","30.1282543583442","34.3928339232825","34.9823556828018","36.341897112024","35.8657034580767","39.7832817337461","33.3663727893995","31.0338136127686","38.6510679783745","53.3386967015286","50.2650276305402","47.108790033348","49.1266375545852","47.5215674806258","48.9258339630789","51.6408114558473","44.6256211091439","32.3787815996685","33.9469607217716","37.7006873619693","35.2933022202712","33.071970421368","30.8221222735233","34.652058351389","40.2053569317815","46.8595541836794","44.8615807001042","43.1905413155689","52.7876956879978","61.2900048951596","57.6609429608238","62.0301241503603","61.7409506695596","63.5194819822519","67.676382373969","66.4199815853478","64.5613715073255","65.2668723958051","68.154249680362","77.0387752890733","77.4839263031749","77.0771930504925","81.5616233786251","84.4236785054621","57.3747551991386","63.6829320449336","70.9592159217832","70.2854169866486","68.3645589279634","65.4124425546899","62.097647897982","57.1016121691742","58.7192562426045","62.0963456541272","59.2410142548624","52.1257162805914","64.0072450999929","70.2593431190701","61.4232993622646","57.7477993509193","56.5155957723696",
"Heavily indebted poor countries (HIPC)","HPC","Imports of goods and services (% of GDP)","NE.IMP.GNFS.ZS","","","","","","","","","","","","","","","","","","","","","","","","","","","23.3296557614868","24.2274349381308","23.3443888371242","22.619045156602","21.4043781704747","21.8352609188564","25.5146231994993","24.2644400287504","28.6128906633697","29.0305683480557","28.9952662634783","28.4369887351628","29.6137589770412","29.8185129351489","28.2984726383572","28.9730063503281","29.9323778463528","30.5165726986269","31.5968064896524","33.1318908469516","32.1574708168225","34.1581142115528","35.0426481900956","31.8975475926396","33.7688472600508","35.9447758269396","37.3039793426788","36.0023674113134","35.0498617421244","34.251354140109","32.560215296703","30.894927861351","31.8755793280526","31.0353332667847","27.8280199764459","29.8557093593488","32.4537549702447","30.9226290220101","29.7878978146093","30.0880843330824",
"Croatia","HRV","Imports of goods and services (% of GDP)","NE.IMP.GNFS.ZS","","","","","","","","","","","","","","","","","","","","","","","","","","","","","","","","","","","","35.4988546703996","36.7463617463617","43.8422391857506","35.8483621641516","36.1289165807522","39.511788024202","42.3047056996428","45.2698165883309","45.8965882466219","45.0836975589451","45.0899643459274","45.9711319321347","45.7953862512135","46.1046074535496","37.6010027530944","37.1442701074495","39.7330618207574","40.3049719809783","41.4495583862234","42.7988767050013","45.2203802810773","45.5199091788252","48.3290436740931","49.9741463508053","50.9033621097876","48.2677755005518","52.5410074901873","65.8985698016654","54.7104286111181","54.7709679296898","53.0142511427803",
"Haiti","HTI","Imports of goods and services (% of GDP)","NE.IMP.GNFS.ZS","","","","","","","","","","","","","","","","","","","","","","","","","","","","","32.476226954787","27.547713401854","34.5046707191297","29.4960446976821","24.9661770390414","37.9069165011657","24.7129134203198","28.7142552024301","28.8957489227603","26.4415064992779","26.6203152531073","29.6993675455569","19.7955416317434","20.5441579207626","18.6552490054589","27.924907927616","25.4059576091787","26.3577952437023","28.0359023459967","25.8388596388774","27.3536480740629","24.1803840064115","36.1512359678808","34.0804562349333","30.6031478417748","29.8162239978596","31.3766902836191","30.1779911327564","29.8089312729643","31.0710774426844","34.3577537109868","34.0110453423444","29.7628756445846","29.0598696670291","25.8602985263172","22.0482963060687","16.4643255688329","14.3255059948423",
"Hungary","HUN","Imports of goods and services (% of GDP)","NE.IMP.GNFS.ZS","","","","","","","","","","","","","","","","","","","","","","","","","","","","","","","","29.4946638273608","27.7339527616677","30.2680630747212","30.9559622936573","39.0656166831524","41.2508567607868","46.8449682273983","54.4344397861419","58.2965578716872","70.4804715279449","66.109043850966","60.2019968736818","60.4434251812765","64.0515683344399","65.4832893704085","75.4250450899309","77.7792667294669","79.2492792526061","70.9529277083853","76.5854565403946","80.5611968917104","80.088088903449","79.0822395844044","81.3311909761454","79.8558543571336","77.8604810403383","79.2867024953192","79.3040792777992","78.8598557678669","76.4390711920722","79.7760929506963","95.1598173197492","77.2313362577572","71.7287545266774","68.1488717964849",
"IBRD only","IBD","Imports of goods and services (% of GDP)","NE.IMP.GNFS.ZS","11.5082963532767","11.0974910992461","10.7885001057046","11.3698314699355","10.5487826028414","9.94490607976992","10.4397786942919","10.5126144211806","10.6349846729587","10.3707988822852","10.8504146927836","11.2197032038167","11.2984476264788","12.2306975329261","15.9527178045826","17.3023785085921","16.5706942963744","17.0740504936495","16.8749115681574","17.422515045036","19.9232523748883","20.6815087346229","19.4308900576089","18.0986520272128","17.3333262526596","16.9312386379042","15.8170370351744","16.4077018051757","18.4669978215661","19.2103204957826","18.3300598679767","18.5357587375722","24.390166655395","22.0142188389766","21.219848742247","21.8012008013413","21.470499101557","21.8771689354725","21.5020179200354","22.088386715374","23.9903739704107","23.8136984342069","25.0842477997801","26.6476551303673","28.7421112158377","28.5458553014633","28.5292681459204","28.2830912142741","28.9596741122234","24.6748009699793","25.9314136406087","26.9403896632161","26.6897495916177","26.3398963990009","25.6507293523006","23.6582995688929","22.7807043578034","23.5055330866633","24.7090848299769","23.7541230665345","22.032674465601","24.2084318635232","25.4818544103534","24.421570631734","24.5769880605064","24.5272894667426",
"IDA & IBRD total","IBT","Imports of goods and services (% of GDP)","NE.IMP.GNFS.ZS","11.9956027331381","11.7348197251574","11.3877812918259","11.8703829611616","11.3220053283009","10.8567773923506","11.1833447539126","11.3200477215911","11.3624137468527","11.048400476628","11.4951640394199","11.9111329478772","11.8395950986319","12.7343933854216","16.299599521705","17.5367272325997","16.8609539202366","17.3828062399152","17.2874738188058","17.9042709729341","20.2844859970725","19.9760576364155","18.8470278210348","17.9763304966439","17.4587708114883","17.0650955240841","16.2689206396324","16.8889161749367","18.7659476043203","19.4868481153001","18.5898614360937","18.8162027412319","24.4846026906747","22.3262738907683","21.539713412642","21.9367766690275","21.495078791763","21.8278788265343","21.3407973401639","22.4428320261078","24.0876663221199","23.9814970383235","25.0911828074594","26.5618798175668","28.5775551523493","28.5040288697002","28.4529282150602","28.3091800441823","29.0178530439613","24.8532436359751","26.0053708836702","27.0454250879801","26.8096861489625","26.4156827043932","25.666268550804","23.7490824588027","22.8839779298956","23.6536940250944","24.8765043279214","23.767754152148","22.019320656534","24.2458071549037","25.6284559222275","24.6451642453503","24.8873974685193","24.8201626376378",
"IDA total","IDA","Imports of goods and services (% of GDP)","NE.IMP.GNFS.ZS","","","","","","","","","","","","","","","","","","","","","25.669397608912","18.3642353999603","17.6436052566612","19.3420545332934","20.5230436502311","20.1434427601359","22.1938623880388","23.1611765480391","23.2860681992448","23.9439834756593","22.7983442258956","23.4805256990461","26.5507696846121","27.3591693783528","26.5535357992207","24.4949713514145","22.7789717784921","22.0516592872197","20.6159919972353","27.8595945083746","25.7358717521586","26.5718746347387","25.6257176185162","25.8319384509113","26.5910621433748","28.1041935590887","27.593781825517","28.5530192879984","29.7122804297926","27.4464964248796","26.5729772835258","27.7594675314911","27.7426754850673","26.8419312209605","25.4462159582379","24.9139074573683","24.1925453442798","25.4597817967515","26.9489799733087","23.9296717041818","21.8376026159859","24.4096229394638","27.4955193746245","27.5008959956984","29.1049442575799","28.9098364245075",
"IDA blend","IDB","Imports of goods and services (% of GDP)","NE.IMP.GNFS.ZS","18.7496671334633","19.644869555129","18.8853216841685","19.7454983188385","20.1749077713496","22.2641260217944","19.4656723410815","22.037376607273","21.4581930993756","19.3976840068871","16.7711217753326","20.2835258216913","17.2107416641923","19.2078523713743","20.0659563440595","21.7657914674374","18.4950960729431","20.4737696836042","23.3125679607592","22.7856227897092","23.1946648598313","13.3148851315773","13.8431357362045","16.456732293224","19.4149334579176","19.9914718336972","21.8659329628097","21.6046852543796","21.8987987972919","23.8861109196561","21.8328258309362","20.8408408633943","23.5067423551045","22.571229845973","20.3195820806549","17.5716306924047","16.4754231802747","15.9599755580094","13.4562419855657","22.7488373696016","19.5203672717354","20.5032821759131","18.27050773607","18.8850730745337","18.7975257234868","20.031986642132","19.7501581780144","20.0906954976541","21.5628832667873","21.0305258379801","19.196837317985","19.4489136680184","18.8126198686169","17.2560094777799","16.5089515718437","16.5332110677574","16.9615934109164","19.5940552513475","20.4704270740935","16.3926387632198","15.0782756597287","17.1795116765268","20.3666324563027","21.2766594674961","25.3669054770786","25.2379106978346",
"Indonesia","IDN","Imports of goods and services (% of GDP)","NE.IMP.GNFS.ZS","12.5576627370579","13.6141246543289","5.39285446783012","9.34928945400149","13.0651153010444","5.73597638127372","22.0955998733777","16.8671856569946","15.5768588734678","14.8270787343635","15.8383233532934","16.6421568627451","18.8957055214724","19.4805579411852","21.4204333208816","21.9735020763298","20.8324982058228","20.0792185453455","20.8476215598347","23.5897131651751","22.1798762039093","25.5468562015289","26.2971931460309","28.8138284014676","22.795641366128","20.9407015143453","20.5139357107403","22.3974477815104","22.2129020272362","22.9943290265198","25.5861024595444","26.4883038133183","27.1199706023253","23.768572466506","25.3656731979016","27.6464250504","26.4401916750537","28.134615525546","43.2180577941907","27.4297837763323","30.4595674435027","30.7610684301127","26.3918408785348","23.1388389663355","27.5446002184312","29.9206682408643","25.6224105005701","25.3935314930811","28.7531154639229","21.3530017000775","22.4022429392329","23.8526600952268","24.9885195110858","24.7137962959288","24.414190988586","20.7774609817235","18.3323479486654","19.17819263535","22.0715624579547","19.0362497386225","15.6410071153504","18.7882026359018","20.9617585096621","19.6519133249671","20.5002891005614","20.5446587523346",
"IDA only","IDX","Imports of goods and services (% of GDP)","NE.IMP.GNFS.ZS","","","","","","","","","","","","","","","","","","","","","","","","","","","","","","","23.2725844665543","24.9616965548609","28.9151712559109","31.0473814478611","31.9720861655512","33.2888659321083","32.5484644732031","31.5080006777496","31.5610220884086","31.8878781976167","31.0938833871121","31.9617955110461","32.2998312485453","32.222014717688","34.245356963842","36.2175478898913","36.0811204063097","37.3765643726052","37.9414400884804","33.4673501646059","33.5857873146007","35.7492687245093","37.2485071265353","36.9447900507366","35.1098988041349","33.5416279282272","30.7889221093185","30.7012713002442","32.6049084803656","31.3824249713945","27.8698887936398","30.850844477742","33.8689231812892","32.1147688565958","31.2840825416929","31.2162895082481",
"Isle of Man","IMN","Imports of goods and services (% of GDP)","NE.IMP.GNFS.ZS","","","","","","","","","","","","","","","","","","","","","","","","","","","","","","","","","","","","","","","","","","","","","","","","","","","","","","","","","","","","","","","","","","",
"India","IND","Imports of goods and services (% of GDP)","NE.IMP.GNFS.ZS","6.83367665684214","5.95757640481098","6.03181489602947","5.906834458192","5.68499774745833","5.21156158863706","6.67168685167188","5.9466176727645","4.94297346978222","4.03093382296742","3.87894427591553","4.0024013413633","3.7089103356951","4.72333282644382","6.02056925035338","6.64691605612949","6.11469021101389","6.26492932381485","6.58818660797672","8.16916637407572","9.24502571634426","8.57123813504237","8.14262790090769","7.85296446260169","7.72597455124279","7.64548119786163","7.02305023901268","6.98023315167182","7.45523036139042","8.15200181272641","8.45291127605198","8.49348578059959","9.59017211680717","9.81732233160511","10.1900594604801","12.0234806711877","11.5443185997804","11.9286695486689","12.6810008997545","13.363533431492","13.9036865990995","13.4348751195257","15.2442790107467","15.6445222747346","19.6446890963991","22.3964229200356","24.4565390770687","24.8865689304448","29.2708631790835","25.8723502685274","26.8542732486216","31.0834686939585","31.2592910673332","28.4132706461587","25.9542227389497","22.1097247094602","20.9242508026814","21.9507321152243","23.6891407335327","21.2411386333872","19.0756283996012","24.0239304534931","26.6577666392086","23.9681500915008","23.8527091324349","24.0051596190103",
"Not classified","INX","Imports of goods and services (% of GDP)","NE.IMP.GNFS.ZS","","","","","","","","","","","","","","","","","","","","","","","","","","","","","","","","","","","","","","","","","","","","","","","","","","","","","","","","","","","","","","","","","","",
"Ireland","IRL","Imports of goods and services (% of GDP)","NE.IMP.GNFS.ZS","","","","","","","","","","","41.3342499594784","39.8797188402517","36.6932307878143","41.2162552495273","52.569107567761","44.8247205120923","49.8283838501179","53.7830373414063","55.0116428999342","60.7881259780305","57.9409063848787","57.59940706628","50.9330959870834","50.7822174364678","54.9952388085252","53.7235053734684","48.0263457521977","48.3043863796629","49.6260049919785","53.5370867046735","50.3232067349584","50.8583774469567","51.139984767087","53.23571311034","58.5288692878587","62.5831438049889","63.9611164328373","65.1446615207745","73.4483179543601","73.4108989379918","80.5650833373973","79.6163384642114","73.269862546548","65.6908892948051","66.1119303691577","68.6478778456041","70.9871225320103","72.5600589956647","75.7061467778949","80.0353171905146","86.7531944309513","83.8939936690886","86.5339871284032","89.996105487119","96.0843365535719","97.0154163297974","110.530093954898","104.807812553807","96.4850005635176","126.428263568252","118.968547119407","94.6346806407347","98.24943902068","103.123260911001","102.18527319637","99.892247065173",
"Iran, Islamic Rep.","IRN","Imports of goods and services (% of GDP)","NE.IMP.GNFS.ZS","17.3884632104116","15.863096081158","13.678644272631","12.4599077340326","16.3303673632578","16.4757606490627","17.6125865151416","19.6589001786537","20.5127542017568","21.0500585279047","21.2014695773141","21.3228065104088","21.5059921108712","20.6578108951687","24.0337572020297","35.3798874971019","28.230076186608","29.0927748535892","22.2200283686397","16.0594908591796","28.7466481048755","27.9433827331169","20.9732467786337","24.1962893508196","16.6206987047877","14.2887957590931","10.4132381841101","8.72744992665016","14.29881843249","18.1077560747053","23.801825898321","30.3698513617678","27.233336583065","20.6307526777243","13.3229439837767","13.4680042116275","15.0261689147315","15.3716272465768","16.5448387339515","15.5933909385954","19.7901898959548","21.2322461232876","23.75878439842","26.0516329444029","26.0469290707658","24.1096760770139","23.2983234638014","21.0436945171769","21.6522753219841","20.988091086537","19.3709904542309","16.2861016653904","21.6140464814866","21.9038111775683","22.5207477521518","20.7017541543144","19.5674601594385","21.3227621437797","26.975655484871","26.2770630040625","25.4940926265882","20.6531717002195","23.3517323048057","25.4719025417845","28.5106585810839","34.4882471351587",
"Iraq","IRQ","Imports of goods and services (% of GDP)","NE.IMP.GNFS.ZS","","","","","","","","","","","20.1894359586995","22.9947306791569","21.482292807594","24.6077674897119","31.5739951189391","42.5735349621317","35.9126454320046","40.833361783483","31.6488527860909","31.1635862167777","31.5623276075253","62.2927848134733","66.438059883442","32.9316219000079","29.6641444859081","29.8165443184695","26.4373464373464","26.1272727272727","22.8121365568489","22.8700650238388","7.42796348779201","2.50073024338305","1.33873809383155","0.469148000493709","0.0640163712100481","0.0156224728764523","0.0177267092130249","42.3411609933623","54.3441718723701","60.6797178341329","49.6328214205144","61.5068645821631","49.1919962298936","76.8418064070126","63.9630685911016","61.3946697285668","38.6185768669673","28.1930139321023","30.7272360450006","39.2872685626584","34.0806504059643","27.7538051840835","29.1002492300431","27.7464818743646","30.0407604054258","35.0776221572159","26.4797965093784","25.8648489788178","24.9991497435766","30.9380702213968","29.992038843889","24.1816154776761","24.2328478795559","29.8300885590124","37.375421957139","",
"Iceland","ISL","Imports of goods and services (% of GDP)","NE.IMP.GNFS.ZS","","","","","","","","","","","41.3112724149576","41.8874644108001","35.1438495297152","35.9062577771835","39.2590135067023","39.7643292776926","32.6191314315342","32.1754484074334","32.0425423416421","35.1238780505185","33.8842762562254","34.4621615238499","35.2339093120214","35.8350180961071","36.3363866047184","38.2703009880146","33.1685655836366","33.7285147132948","31.1835067265043","29.8696755357681","30.8848665076175","31.0745303477275","29.0150050154723","28.2823583451039","29.2422378834371","30.4836395524075","34.1097589876587","34.4029084865935","37.5235064776939","36.4632116779229","38.52039315884","37.3917452899082","33.5645223886536","35.1606697874083","37.6444232683836","41.3718527858994","46.5803021619191","41.2448705398412","41.985073993354","40.4959855661112","41.3409926785325","46.1759090330524","48.2486426781962","44.873922837409","44.3742189059887","43.5540283022997","40.2709935033725","40.6874458323076","42.4630795898442","39.0785036743144","34.5162910716334","38.8667730609771","46.2910284667054","43.2642884972263","43.7243265430341","42.3739315034894",
"Israel","ISR","Imports of goods and services (% of GDP)","NE.IMP.GNFS.ZS","","","","","","","","","","","37.8268874931174","36.6051328547869","33.010134911969","42.5170454715489","39.7535022430814","43.9607725202574","41.3178365578464","40.2721771286242","49.9341318762844","45.9395340789901","45.0547392801906","45.5192844315333","40.1072685579372","36.7912885640613","39.2227409935138","40.7969343618337","35.4774100052229","38.6045463922695","32.8055460383204","33.3874396303369","32.9712479849176","31.7583388827304","30.4428764993033","33.9304862831471","33.6986895315318","33.5619303956027","32.7115089337398","31.30325393289","30.0192127029514","33.9636621905549","34.6017360769697","32.6609959062148","34.6306555103017","34.2265192789362","37.8028663212841","39.5509080785897","39.4467915692611","40.1566813273084","38.2556283565228","29.8947806045084","32.1457670493261","34.7735478331397","35.3024648732099","31.374418442059","30.2858558244869","28.0942665991862","28.1780335374756","27.3858098637803","29.1153679363257","27.442766261022","23.9857646464416","25.9998176202801","29.2705404990247","27.6493079272484","25.9832493695112","25.4308527107197",
"Italy","ITA","Imports of goods and services (% of GDP)","NE.IMP.GNFS.ZS","","","","","","","","","","","14.9009660362971","14.7819651836852","15.47361782151","17.9179227847204","22.2276464542269","18.6252648445181","21.098819806521","20.3829035797489","19.5443853803224","21.2761528116398","22.7341592531668","23.5623810172237","22.3368353948196","19.8111182347272","21.3817707156651","21.4750664261041","17.4192779224801","17.5381360316009","17.492796159545","18.4934871068137","18.020777681444","16.8036988468653","17.3944310239602","17.3202135397634","18.5412066407533","20.9637474585342","19.1397452090937","20.3876735060337","20.9855485636537","21.3763886144254","24.7135355199888","24.3021921285051","23.5586238603378","22.7700362873432","23.3395514425368","24.6103208709435","26.8704801353861","27.5829870177519","27.4714932992188","22.8643169766079","26.743460391446","27.9092282905933","26.8993081933752","25.8567422253559","25.83212719685","26.2915747622901","25.6333978099156","27.4431081122137","28.4614762392164","27.7443163412796","25.2136287172564","29.1303687572707","36.9173622620119","31.7734723749599","30.2575458513031","30.2962066318587",
"Jamaica","JAM","Imports of goods and services (% of GDP)","NE.IMP.GNFS.ZS","","","","","","","","","","","","","","","","","","","","","","","","","","","","","","","","","","","","","","","","","","","","","","","","","","","","","","","","","","","","","","","","","","",
"Jordan","JOR","Imports of goods and services (% of GDP)","NE.IMP.GNFS.ZS","","","","","","","","","","","","","","","","","79.777856135402","82.9084588644264","79.8315101219666","86.7379134860051","85.3034595244227","98.5434212342952","94.2791345979032","81.33885592746","79.5465256322983","76.2559626509692","53.537156884624","57.7119867057332","64.6790943139258","74.3970315398887","89.6128354641266","79.8715348208249","81.4120346775981","80.1501055504068","70.4739311041241","72.8614758097016","78.1802243668051","71.489513947015","64.2572979428857","61.1595884602738","68.5015086602097","67.1511856310008","66.6176037680306","68.3345553142335","82.4321150922641","94.2043111947656","87.873053937089","91.7593332948654","","","","","","","","","","","","","","","","","","",
"Japan","JPN","Imports of goods and services (% of GDP)","NE.IMP.GNFS.ZS","","","","","","","","","","","8.82453200798612","8.32911078801778","7.66670889062612","9.27497527151989","13.2913554050189","11.8185363073482","11.8186420082147","10.6159730815533","8.69156511654894","11.5550258760298","13.5165085091259","12.9505176223427","12.8230384894685","11.2705885426397","11.462363713828","10.2755056820141","6.95192438311312","6.89068307851677","7.32504727057463","8.42925632067245","9.09411172156038","7.97533003082628","7.34510865017067","6.66898790711991","6.82672030924995","7.44728380781174","8.76359482919126","9.22057606425274","8.5212698599679","8.22604679847918","8.96530478392506","9.34590509890227","9.44913022539082","9.74421919693225","10.7716099665173","12.3015669207116","14.2156739417573","15.3766330971291","16.7187207629284","11.8645663053454","13.4572771845197","15.3068591337385","15.9003840894255","17.9876603648252","19.6564622476125","17.6355206100133","14.933883194543","16.4730083398364","17.8924314793812","17.320499861849","15.3905323905959","17.963407354096","24.212763673007","22.5357732459138","22.8730294879112","",
"Kazakhstan","KAZ","Imports of goods and services (% of GDP)","NE.IMP.GNFS.ZS","","","","","","","","","","","","","","","","","","","","","","","","","","","","","","","","","75.3316708126036","46.7391267405542","47.1170012997416","43.5485461304095","36.0047683570055","37.4426940287685","34.8599794549415","40.1170558469331","49.0972658349839","46.9540498960605","47.0410448936046","43.0463103304131","43.9087892759115","44.5681447702344","40.478228955154","42.8488122066393","37.1484197092327","33.9276450175618","29.8940863973107","26.6531942561577","29.614069450738","26.7905716146741","25.6302765606214","24.5330208000299","28.4677079441317","24.427634998983","25.9027380865315","28.419629452657","26.4975355671251","25.0237464537583","26.7653058374068","27.6837063179642","25.5741795098408","",
"Kenya","KEN","Imports of goods and services (% of GDP)","NE.IMP.GNFS.ZS","33.6701045439883","31.1299517469858","30.1251538874463","28.9627646635234","29.2122309368151","30.6958559752682","30.8728022514063","29.3730122671513","29.2973599271704","28.0887011615628","30.6639192540076","35.189107913216","28.7270794578794","28.6690140043265","40.8975205053267","34.5115818500877","31.7556377270226","31.5930964030324","38.6880223248916","31.6110205132607","35.8998317232487","33.8203044375645","31.558271148705","28.2127729852925","32.0540049258986","30.1465015930706","29.8930303200573","26.3975466582492","27.6037685308535","30.1233477950354","31.3283077167904","28.5560669003459","26.6704959131936","33.9548511937601","34.2258443908956","39.1540404213006","32.1115087543859","31.3707295086543","28.7279811125469","27.359539790402","31.7214732444648","33.0152596643276","30.2746996493051","30.045450590308","32.8667447731316","35.9698359497784","32.2515454815442","31.975797511236","34.9045410940864","27.1702463211792","30.2699277024041","36.8527289037346","31.7587443003647","29.6724619595649","29.6976848964037","25.1986507884515","21.6152747725065","23.2583979340349","21.8727778433835","20.3314661545478","18.9580936008817","21.8923095777051","24.3182954744092","24.2204234378835","23.151298075842","21.756976808552",
"Kyrgyz Republic","KGZ","Imports of goods and services (% of GDP)","NE.IMP.GNFS.ZS","","","","","","","","","","","","","","","","","","","","","","","","","","","","","","","49.5327102803738","36.6486486486486","47.6055578038581","41.1750424860403","40.0683905750799","42.3571238332373","56.5576748022377","46.1902449675256","58.0260024457746","56.9965534219596","47.5830697836674","37.0223392232366","43.3393748971696","45.2516590876032","51.2598210718098","56.778448193841","79.0293681639999","84.145408981259","92.5571261314982","78.6808062104263","81.6785278167149","81.6413632547534","95.2717368722971","91.7766316872636","87.6775294863412","75.7719702273738","69.9981651422372","66.3646044484224","67.2738298966465","60.9538126942615","49.4104006230531","64.455786983606","87.4494462179864","95.485180658754","83.3296962999177","65.5959903448177",
"Cambodia","KHM","Imports of goods and services (% of GDP)","NE.IMP.GNFS.ZS","","","","","","","","","","","","","","","","","","","","","","","","","","","","","","","","","","32.6671841528258","38.6760725615619","46.58254651483","43.7975600580657","45.3177088823098","44.3813272077012","53.6327018989646","61.0922250330406","60.5919660427045","64.0806115959488","65.846345075958","70.5331236862783","72.5120489103296","75.6764049872155","72.5634368325363","68.614724994177","56.0769540065406","59.7718577537062","59.8693279024614","63.4552308316603","68.2669869941146","67.8253604970058","66.1283765029746","66.2727178808437","64.8553976265984","62.9662580564288","60.289811099536","62.1835984056075","73.8188118661646","73.6665720833071","67.3141763407136","72.0834255374222","67.4432273077899",
"Kiribati","KIR","Imports of goods and services (% of GDP)","NE.IMP.GNFS.ZS","","","","","","","","","","","","","48.7195313750384","48.5963286598236","29.4305122115595","34.3917518329632","44.1457481707279","47.2343421354672","57.1273181873472","73.6860502544354","57.6584497057693","87.1143084641363","82.0991030107548","73.1673714429051","63.3203845431264","56.8167369898262","52.330419105364","125.458325926363","96.4688261573299","104.582951829524","128.671416840867","109.274797411245","95.5630983547037","82.0223358263702","67.1775609224227","85.159846464402","75.4013567014152","77.1796753331476","70.0113219889799","84.0098691429082","83.3143845142356","95.2052454127728","106.554079790188","87.5954371042996","89.2178392013057","109.451868341122","83.8450674108121","80.7089830870088","81.3296514265012","83.4994956432815","74.130981948818","80.2636302292066","83.3628364619655","85.8163345879504","92.1552284000319","95.9316471542394","94.6525101946617","87.2446048109966","74.2062619808307","83.367694198499","67.9817594173221","70.6828214210224","99.6479117902987","100.621455543394","97.5944998148223","",
"St. Kitts and Nevis","KNA","Imports of goods and services (% of GDP)","NE.IMP.GNFS.ZS","","","","","","","","","","","","","","","","","","","","","","","","","","","","","","","","","","","","","","","","","","","","","","","","","","","","","","","","","","","","","","","","","","",
"Korea, Rep.","KOR","Imports of goods and services (% of GDP)","NE.IMP.GNFS.ZS","11.9218500797448","13.8989765599208","15.5374149659864","14.5873320537428","12.320107599193","14.2327915869981","18.0869889168297","19.5212203594623","22.4605826153215","22.2630517589066","20.9435032253491","22.7910056718395","21.2014543433455","27.2923582110861","32.7839466215207","30.8590904846391","27.9238890854173","27.4466869763899","28.761068869489","30.3857662217852","36.5023723882702","36.5642258231571","32.2609243323544","29.4432817680353","27.8648884643228","25.2114048982576","27.4410489434439","27.4260548759063","25.4966224285647","24.8528484831444","25.021793543306","25.3023124446672","23.9455462170792","22.5628424328369","24.234837398564","26.305880906377","27.4624809263436","28.4220573700005","28.0920941207489","26.3825965514828","31.1945139245909","29.5648656361455","27.7997957269903","28.9795447722905","32.317133377729","32.0423181639821","33.9292326630601","35.2824705455852","46.2362036584532","39.6139903792344","42.7560070236169","50.3992956943359","49.4937408705314","44.9336644815181","41.1466374298986","34.4200460024725","31.7867345733008","34.3432508343484","35.2551664208987","34.4057366033023","30.9297576618322","35.9674854941434","45.2902865437219","40.9365283348931","40.2842567598803","40.5985621226499",
"Kuwait","KWT","Imports of goods and services (% of GDP)","NE.IMP.GNFS.ZS","","","","","","23.0974632843792","24.3559718969555","28.4403669724771","26.0778128286015","28.9180990899899","24.1157556270096","18.6640627199351","20.6625683060109","22.1681940028677","13.8421194293763","26.0108968737913","32.5546266635414","43.442844434062","39.865863095936","28.8166343699124","34.2978947345848","38.4780543823741","52.3638588723616","49.3521732876107","44.6411206452902","42.7445821201438","48.0125153140806","37.1230117088936","42.939793233212","41.3697520231348","58.0720511757612","125.710915256915","54.2177987776916","44.2858499844861","42.3306250269902","41.9650229852475","39.1871970813757","39.5907328358695","51.0971985075571","39.4342235841958","30.1461500566105","35.5420560747664","36.6091458153581","34.463664909723","32.3805282958548","28.2666191953614","24.1673594733538","28.3174649945059","25.9239067335019","29.3774306307015","30.3545103903329","25.8988177648389","26.2795979898817","26.7444733437666","31.5316647155213","44.9346159950322","48.5253871133306","46.6437308648816","45.4741679015879","39.6274563132075","38.2993629002141","30.2746825189716","30.4702156706902","38.3322886518802","38.2349394412597","",
"Latin America & Caribbean (excluding high income)","LAC","Imports of goods and services (% of GDP)","NE.IMP.GNFS.ZS","12.4316785075761","11.4473605391929","12.1953252589121","12.6908708938728","11.1013877143512","10.3532152854664","10.731219464546","10.797981393113","11.4329650067145","11.3555162078365","11.3996095812729","11.9767967613853","12.1085994947619","11.8564960640102","14.0625467584893","13.9094977653821","13.6282408253086","13.9667315720627","13.5780647775988","14.2609594486693","14.7505894877944","14.2385547138003","13.261969033049","11.9260029807239","11.9183264162266","11.7352630074964","12.1083211911579","12.2212808644466","13.740060103262","12.732175762409","13.4930099166849","13.8707317373003","14.9072721905846","13.9934486745524","14.7195604601986","14.9503352864581","15.4076031767942","16.4112967841812","17.0766932613132","18.4170218672766","19.4238526113935","19.4556135723689","20.5471482804031","21.1702276945505","21.74337670953","21.0001587716021","20.9931363055538","20.8291795711294","21.5840240039659","18.1399782396168","19.0645983676285","20.328436741426","20.7645242408686","21.5935594929388","21.1283935120061","22.2441947751418","21.4718554909161","21.1370320736183","23.8305475421258","23.6425395160298","23.3376539084295","26.9911602795735","28.4604196009392","24.1885211701097","24.7270792418785","25.2903293027894",
"Lao PDR","LAO","Imports of goods and services (% of GDP)","NE.IMP.GNFS.ZS","","","","","","","","","","","","","","","","","","","","","","","","","6.34146360023796","9.76525842685535","7.70142178304901","14.0231085215612","31.8994868284183","31.9961567937267","24.5184451833458","25.2285951637255","27.105003187253","31.1671927481217","39.8223292795684","37.3340772257383","41.0584239850731","41.2647459749228","47.8136677544263","44.1826146413405","38.175297766224","38.0262780063432","38.5023881880757","37.0716627200091","41.1676290571222","42.8289105517785","43.8062978932242","45.5983158206633","48.695101619045","46.8477565440088","49.3363118537116","51.35553977034","60.3083980811903","60.00604321766","58.3051916421903","51.8460643954901","41.8824634642904","","","","","","","","","",
"Lebanon","LBN","Imports of goods and services (% of GDP)","NE.IMP.GNFS.ZS","","","","","","","","","","","","","","","","","","","","","","","","","","","","","","91.5758430391798","99.9130219793819","79.9258362974654","71.9935512831162","67.176675859638","62.4015067389992","62.3289321157903","55.2502927572561","47.5546391752577","40.9537649623313","36.750181138695","35.9377401998463","39.9518923591536","34.9438902743142","37.3542526837325","55.9178924759114","56.1391175643253","55.4797395240145","60.826190961787","68.080018735906","57.2021371632555","60.0735300752172","65.7767851809418","59.736289044944","59.5275738453946","56.0609920940944","48.6993749079787","45.9974619033978","46.5284960733038","47.5027861456152","42.2831570534023","33.7572174203146","52.8029927098104","80.0594990196196","73.6549981017088","58.9158109340607","",
"Liberia","LBR","Imports of goods and services (% of GDP)","NE.IMP.GNFS.ZS","","","","","","","","","","","","","","","","","","","","","","","","","","","","","","","","","","","","","","","","","","","","","","","","","","","","","","","","","","","","","","","","","","",
"Libya","LBY","Imports of goods and services (% of GDP)","NE.IMP.GNFS.ZS","","","","","","","","","","","","","","","","","","","","","","","","","","","","","","","31.1215638362859","30.7649482240285","25.4690284037313","31.5473639091299","26.1171867161633","22.4157303370787","23.8916256157635","21.8460668598488","20.8836917281432","14.5810859403092","13.7230894806652","16.6327519379845","34.0919575580501","33.2956573468174","32.3733711883694","27.1440465349093","25.8987738493833","29.2998376046984","29.1264515156085","44.3840389580403","31.8052059029276","24.8595388907261","31.3564620676424","46.4457533337369","44.2865616357103","34.6775332111739","26.5322885114747","20.3517104782416","24.1676291797669","36.6386467842538","30.6120033812341","72.2294624156388","64.3407611745263","75.4692294006607","65.7818127187367","65.9450985743532",
"St. Lucia","LCA","Imports of goods and services (% of GDP)","NE.IMP.GNFS.ZS","","","","","","","","","","","","","","","","","","","","","","","","","","","","","","","","","","","","","","","","","","","","","","","","","","","","","","","","","","","","","","","","","","",
"Latin America & Caribbean","LCN","Imports of goods and services (% of GDP)","NE.IMP.GNFS.ZS","14.3523334225105","13.2993447275737","13.8294110769759","14.392280397292","12.9535119659351","12.3701832554538","12.7562651241108","12.904664097316","13.4287587727605","13.4848654116877","13.6565471775728","14.0725280994104","14.2225288619554","13.8296984301407","16.2050257300648","16.2150040238354","15.799227971123","16.2308536535188","15.7125441440769","16.5491871722003","17.062342613294","16.4379571730494","15.0795620772442","13.9476845419125","14.0535554760009","13.9874719639435","14.3916622880193","14.5590165137701","15.9252256004911","15.264525913939","16.037118222462","16.3299205093163","17.2781562823478","16.2603787500814","16.7014615771387","17.0539536313421","17.4617710364254","18.4698202380518","19.0621307098601","20.3974725529613","21.3324767932773","21.4045075620858","22.5245861637223","23.4165469518463","24.1139945966739","23.401940813602","23.3158941458233","23.1300591414663","24.1376879535622","20.1616879454239","20.9713508196525","22.367377366544","22.6742880867864","23.2886063281325","22.7339202961129","23.6333880896016","22.8455560608539","22.5465382444257","25.2036154389645","25.0217595708612","24.4245888164455","28.1917937252176","29.9879733405978","25.5562519514196","25.8849383792054","26.4309130863693",
"Least developed countries: UN classification","LDC","Imports of goods and services (% of GDP)","NE.IMP.GNFS.ZS","","","","","","","","","","","","","","","","","","","","","","","","","","","","","","","","","","28.6967849580864","29.8890915008301","31.719835106009","29.3989300998599","27.4705468910586","28.3142534993899","28.2730394400219","26.8499349715366","28.5477257165553","28.5136592009195","28.7054085739448","29.2527212540637","31.5240837475854","30.8470947610407","33.3092608655529","35.5218567843888","34.1305783252773","31.9355879309825","33.5462671282855","34.5552515553589","35.0625194558728","33.4424269505251","31.4100733557408","28.1049449052151","27.736646101651","30.2113290530673","29.035888123635","26.3171219549022","28.6428228010825","31.2128442564682","29.4890619001993","28.5881887159871","28.5054330675747",
"Low income","LIC","Imports of goods and services (% of GDP)","NE.IMP.GNFS.ZS","","","","","","","","","","","","","","","","","","","","","","","","","","","","","","","","","","","31.7036624566744","31.9911977541088","31.9946997174184","28.1936455730636","29.8280038897408","29.7327880898247","27.0117598065555","27.654514679365","31.4971567455834","30.829158485219","32.7580526445761","34.091069217383","32.5355067114499","33.146060743465","34.080294876595","31.9573174749522","31.8835107144792","32.3189308323999","33.3997230327025","35.0282655329614","33.338307269885","30.2957818852732","31.1431504608398","30.9349420157803","33.5862461116944","32.1975006274575","29.5849626597912","31.9793344774129","33.4853739646934","32.1260428259872","32.2312334313033","33.9161504364218",
"Liechtenstein","LIE","Imports of goods and services (% of GDP)","NE.IMP.GNFS.ZS","","","","","","","","","","","","","","","","","","","","","","","","","","","","","","","","","","","","","","","","","","","","","","","","","","","","","","","","","","","","","","","","","","",
"Sri Lanka","LKA","Imports of goods and services (% of GDP)","NE.IMP.GNFS.ZS","32.9126434212487","28.4854295418182","29.2012956097561","27.492571674343","26.7217396894649","25.4948045522019","25.8486266042941","23.304193869647","23.5886908658332","24.617357845233","28.6007025761124","26.6120996441281","23.8997835639798","25.5596609432732","33.8984476883598","34.9587989615081","31.3809886435122","30.1562886258137","39.5452947380757","45.7537175253403","54.7988034933185","46.5360861125816","46.2574820129386","41.4314027022804","34.7436681279513","37.9652040030793","35.3293513266546","35.6963852726931","36.8367705489634","36.7567717782692","38.0631106580812","38.8548254978582","41.03338247708","43.3465114649745","45.617906901244","46.0374199577101","43.9006259373438","43.599435228784","42.2511704483166","43.2677736325718","49.620740818488","43.5674130558662","41.4218015848181","40.6827444981201","44.1520421686776","41.267099970564","41.1326513945037","39.491511973103","38.5275565094015","27.8207752870405","","","","","","27.0245869884029","26.6475009824081","26.9162097641559","28.3631481374973","27.6019929606444","21.6314789397836","24.3074247397182","25.1230455566456","22.7481397523022","22.3636324192921","22.8416230396327",
"Lower middle income","LMC","Imports of goods and services (% of GDP)","NE.IMP.GNFS.ZS","12.9680648274196","12.4527058622509","12.0585646420591","12.0066454078585","11.9865988804179","11.735871024483","12.756798453997","12.4815783750785","11.8996778097492","11.0393683862907","11.3170522966683","11.6838190383272","11.3476046487632","12.3578344671482","14.658398592312","16.8846125053222","17.136799739965","18.5986641833104","19.2718960297532","19.6221989910502","19.8808962195532","16.6452445726113","16.8892326845673","15.0450145253898","16.3441601472164","15.4633431952021","15.9810236477698","15.7785336304637","17.659666176528","17.5836117393523","17.7318037175493","17.8488421291359","18.8394233505671","19.2947601352339","18.7636372322878","19.1368604750345","18.1314085779701","17.9402386717311","17.577334003297","20.0242352225036","19.3598860710641","19.4487107448677","19.9440086499204","20.7008843567986","23.2483696481716","25.1919796330891","25.7346613724283","27.0902180174379","29.9649952611333","27.0811506036406","26.6455710560594","30.0292749742391","29.4657863553065","28.3040929854911","25.9649392761965","23.6636907564956","22.2013644411938","23.6702351128845","25.2259929550766","22.4803415457278","20.1579424554509","23.9264208457071","26.8820547366508","25.4655727243895","26.0317488421639","26.2834076868719",
"Low & middle income","LMY","Imports of goods and services (% of GDP)","NE.IMP.GNFS.ZS","12.0790186308395","11.8000881463688","11.468472692267","11.9656001357899","11.4298094189241","10.9340233543894","11.2386869747966","11.3817529363019","11.4377261758244","11.0665568613351","11.5099853509741","12.0376238574039","11.9584980652","12.82372272832","16.2151891381925","17.4724412663829","16.8492140195288","17.3121680078255","17.2554943787837","17.7822494657238","20.0878588963973","19.7401510091895","18.7873656095197","17.9333686677963","17.3938624950368","16.9388540418727","16.060002462754","16.562236023869","18.5466774094944","18.720733389362","18.277092610158","19.4840640498109","20.467503885294","20.6926752513155","20.8526640005388","21.2202106331366","20.9291441901565","21.1177112181067","20.3965556274146","21.6780391415872","23.4781504501868","23.3439582332347","24.4658500698166","25.9866348616172","28.3653636507985","28.3825671561302","28.2694741991585","27.9147149282292","28.5904225684854","24.4019977551094","25.5610012149809","26.8037205189756","26.5757264366339","26.1405596227077","25.1930747697557","23.0964203378095","22.123935002365","22.9016142329491","24.1409522039587","22.9688032228592","21.1651163101847","23.3380215440078","24.9894541617433","23.8699607906202","24.2689160804214","24.3440264590284",
"Lesotho","LSO","Imports of goods and services (% of GDP)","NE.IMP.GNFS.ZS","38.4615384615385","45.4901960784314","47.8260869565217","50.8928571428571","49.5956873315364","53.3163265306122","56.5432098765432","56.6973777462792","55.1378446115288","51.5704584040747","48.8798370672098","54.8446069469835","69.1318327974276","67.7764565992866","77.0731707317073","103.978300180832","138.629283489097","112.433075550268","90.595340811044","123.618501841998","110.086283844094","117.007874015748","","","","","","","","","","","","","","","","","","","","","","","","","","111.800188814119","108.208107689634","114.131408607847","107.976176556211","102.073761578789","108.412641683934","95.1158250474138","88.1427800349944","86.8309693705568","90.53558249635","98.8898372962274","94.6018440436975","94.3073053135637","96.6475926526103","93.0403896439522","95.8675988588567","98.0395091693796","103.068744438614","104.450671184674",
"Late-demographic dividend","LTE","Imports of goods and services (% of GDP)","NE.IMP.GNFS.ZS","","","","","","","","","","","11.2642227674516","11.2181607438246","11.3844810674937","12.3822443909995","16.0745350826965","15.2629038726666","14.9570233910205","14.9880884263768","17.0693957374487","18.4999133490085","20.9997770442957","20.5508920712162","18.6785552252818","19.4441267199174","19.4160719581883","19.2256275469661","17.8777775802081","18.6126434032996","20.6820593065573","21.4404337131608","21.6217604768863","21.206708899247","32.0256678889602","28.3092827722363","25.612566978527","25.5897810565422","24.4843332415917","24.4678011282044","23.8553498689262","25.7697122934678","27.8078193685384","28.219367671053","29.0653616080479","31.243794659745","33.3204288420413","32.5367665909124","32.2674193898122","31.9728455375396","31.4629199289889","26.7553771042389","27.801230834469","28.1152819665944","27.5695102097677","27.2613585216907","26.9450586621329","25.3888972991409","24.9824038484712","25.3744330656349","25.9442521216877","25.8880067926754","24.6498071810689","25.7393203895947","26.5511257745219","26.4090871760499","26.7836599491742","26.638737214391",
"Lithuania","LTU","Imports of goods and services (% of GDP)","NE.IMP.GNFS.ZS","","","","","","","","","","","","","","","","","","","","","","","","","","","","","","","","","","","","47.6058684402415","51.0685058304523","54.8677272886634","50.384065627128","42.2881631889739","44.684164630208","49.4741796941332","53.0031617697783","51.9379401444878","55.5487321542816","62.3359142314849","67.4485618381711","64.69523178016","69.17898169745","53.3977198399152","66.8279939504257","76.1760899713089","78.0128572941789","77.5846993523289","70.6799033862253","69.5911942277597","66.9810247606071","71.3120524922902","72.6726133935094","71.5562730231805","63.361880060059","75.1377340115099","89.3677021665931","72.0572386053119","68.4791843455245","69.1223511663482",
"Luxembourg","LUX","Imports of goods and services (% of GDP)","NE.IMP.GNFS.ZS","","","","","","","","","","","71.0491536905115","79.1791168884246","72.003265633449","71.8585599497474","76.3857949592078","82.6693749664184","77.1785682456082","77.6280350670011","77.2482710618813","81.4698847282731","83.6966861353645","83.976997003479","85.0261789546221","84.4713682891076","93.22986686045","97.0091126904686","88.2698050199173","89.9589338780249","89.8833267712408","89.1978520724543","88.098283460949","89.0583089759106","83.948659188581","82.5378337112757","83.6466085523699","85.065620189087","87.6558085056738","95.8678060845422","108.872876429456","109.986047626897","124.767265322622","124.564554436307","114.327466616513","112.129893572294","121.492521281147","130.252959519747","138.139211555237","137.908314571662","130.718718994128","115.607618528539","130.962019766895","139.225330437832","140.575047137918","144.15017538934","150.646251097964","159.296525319647","157.338775636266","161.046488439573","164.647245245294","176.080634744548","171.144432536811","181.888017879203","189.868713761072","185.187145613366","159.734950965581","159.364743494859",
"Latvia","LVA","Imports of goods and services (% of GDP)","NE.IMP.GNFS.ZS","","","","","","","","","","","","","","","","","","","","","","","","","","","","","","","","","","","","40.5725044475796","50.9215064228739","50.1095840872816","52.7311005124738","46.1197814475044","45.8907419735648","49.3804097986537","48.2208414608318","50.8435899794493","56.6101153377655","59.7119294358084","63.7422646368257","60.4944682834567","54.5336307025414","45.4359902971932","56.4968983568515","67.933014459185","69.3799887283773","67.1012046578385","66.4701506175488","63.7844518484318","61.4020987849952","64.5740490649083","64.3642768665985","62.7547886916228","61.2239557848013","69.985338457434","82.3912943483203","69.653334005995","66.4461716549595","67.1514535681639",
"Macao SAR, China","MAC","Imports of goods and services (% of GDP)","NE.IMP.GNFS.ZS","","","","","","","","","","","","","","","","","","","","","","","99.5360607338676","101.714555989121","97.1185955538594","92.2716842588343","96.62784067769","91.7798609782539","89.5451828506222","86.6540921010259","77.4116743471582","76.8896409848032","65.0322877051482","58.4147449103919","56.8522462628635","51.3804281999216","48.3314093818869","49.334897603561","50.7126920027291","56.060316489565","58.5042397042323","58.7984467992452","59.1185410334346","57.9270412868308","54.133189665269","51.985833803829","50.2403078629405","51.7880160074503","46.9126358671482","35.0423780434745","32.5145122469206","32.5469941989156","32.9379992987723","30.7504630764786","32.9741963864456","40.5454661988747","36.0815250196803","34.8076713468951","33.7169706075519","32.5845176196127","61.7694242538274","79.4210592845405","85.5764448423356","53.4574236757415","49.889827950498","46.8543680030619",
"St. Martin (French part)","MAF","Imports of goods and services (% of GDP)","NE.IMP.GNFS.ZS","","","","","","","","","","","","","","","","","","","","","","","","","","","","","","","","","","","","","","","","","","","","","","","","","","","","","","","","","","","","","","","","","","",
"Morocco","MAR","Imports of goods and services (% of GDP)","NE.IMP.GNFS.ZS","22.6986102203577","24.7780658395937","21.0928446983754","20.0788278420553","19.1370694597353","16.8900804289544","19.3734542456719","20.1738453554748","20.0543642404108","18.832187888955","21.5793416912242","19.7259215490205","19.2229599485971","22.106022780465","28.1926058437686","33.3459668781412","36.729388988573","37.321195313599","30.0683540631686","29.8646100285286","28.0061337605843","34.7648449308075","33.7355312412128","29.8593968083438","34.7285002181635","33.8018483336996","28.3982358988707","27.1762524860913","25.1410563062102","27.7959074491801","30.0673669130572","27.4605277269858","28.0911615651847","27.607705117191","26.3750522699829","29.041805345743","25.2595684892918","27.2260367814229","24.629923887646","25.9442072035182","29.2434779490897","28.0960256587196","28.3657481026576","27.6553716837263","30.2024329686458","33.4979280523338","35.0432309816369","39.9218729706872","45.3622482341162","36.6537784764176","39.7530309299157","44.8713872259271","46.1250057504935","43.6044908923701","41.7605801165106","37.2928220354154","40.3880652392646","41.5668968878792","43.4264501517272","41.9050584109511","38.0496964364582","42.3873322350718","56.1946819703061","50.7002810585209","50.188721310572","51.1324428826402",
"Monaco","MCO","Imports of goods and services (% of GDP)","NE.IMP.GNFS.ZS","","","","","","","","","","","","","","","","","","","","","","","","","","","","","","","","","","","","","","","","","","","","","","","","","","","","","","","","","","","","","","","","","","",
"Moldova","MDA","Imports of goods and services (% of GDP)","NE.IMP.GNFS.ZS","","","","","","","","","","","","","","","","","","","","","","","","","","","","","","","","","","","","67.8903624619293","73.9092808752274","74.3602847378175","71.7835878595233","65.2095587942884","76.5629863195976","74.4456967789098","77.3756289829454","86.7433397298961","81.5051573426573","91.8599835334112","91.8984269562497","97.1400655062699","93.6028527383109","73.4912043317434","60.1082388310712","66.0771389628613","65.1735592963827","63.5946836672099","62.7003284095294","57.1594936682016","56.1381847838926","56.0905436776933","56.7504174845453","56.4411521569138","51.3513858554044","57.8220988272368","70.8912121253156","58.882035362679","57.3246384476637","60.9142407389342",
"Madagascar","MDG","Imports of goods and services (% of GDP)","NE.IMP.GNFS.ZS","16.6245248943164","19.5033405238044","18.383528802137","19.9263143480261","19.9278435584192","19.9999988822344","23.198066834476","21.5040620234553","22.7901754086438","23.111547746232","21.5856292780617","21.0256486750275","18.3232330092965","18.8787319222116","20.2071538674006","20.8901352312454","17.5247008031125","20.0489710380158","24.0574008563545","30.3871295255332","19.6010124483189","14.6435379252822","12.9151999579849","11.1404931514844","12.5148962920317","12.5445159766299","11.6977217997257","15.9894230464892","16.9121766943668","16.4068282335147","19.5107215896147","19.7843497930581","18.6614637690242","19.0561963850978","23.5391157653362","24.3875939624375","18.8575986027605","20.730805237992","20.9198114296237","22.5777919517896","23.6574542144097","20.9648766725829","28.3661175325733","20.3364400998793","29.3180754298099","34.8106988288915","34.6159251558086","38.9065282147453","46.6501545609236","42.0358677602225","36.0005139915198","33.7634539191156","30.8710219781769","33.0954157122318","33.6875202364915","32.8297327068242","31.7421290495881","34.4407706308106","36.305481014417","34.1769218025153","28.8686324818304","32.1242264926044","39.9605580552521","36.0393286356886","33.5291033827388","32.9081155307207",
"Maldives","MDV","Imports of goods and services (% of GDP)","NE.IMP.GNFS.ZS","","","","","","","","","","","","","","","","","","","","","","","","","","","","","","","","","","","","","","","","","","","","","","","","","","","","","","","74.6851237568163","67.2927178888456","72.7665791488222","72.8526621264145","76.0428278985911","71.6118129351757","66.1207032743183","66.5083115338037","79.5725773733522","75.3062069113229","78.2597392001761","",
"Middle East, North Africa, Afghanistan & Pakistan","MEA","Imports of goods and services (% of GDP)","NE.IMP.GNFS.ZS","","","","","","","","","","","26.0071984050417","25.0264522520604","24.7911907807965","27.8926616128885","27.1490030249376","36.2936980149466","32.8563784752768","36.7619274348142","37.2471614706126","33.0538866856903","33.5845024110243","37.4111150861747","38.8746009805563","37.4013814884191","33.9979504985882","30.1029984576131","26.3675296314209","27.3111823953926","29.8323016803628","32.293405284461","27.7549654175637","36.828608053514","34.7860676801512","34.5502598345976","30.6201599863406","30.8173759291678","29.6624894256498","29.5459171810789","30.2973495554297","29.3521433730406","28.4657488733852","28.9877909916027","29.9522962031918","30.7653684654083","32.9021247660296","33.1670478494123","33.3252844074628","36.0196169845219","37.0451937296992","36.6573272046205","33.0298891032929","31.3842215962008","32.8530461588829","33.7938531179185","34.8636084862491","35.7762443056309","33.4379665871511","33.9958697637893","33.7367141912115","34.3822097128801","33.4585523271073","32.3249129431675","33.8939831366269","36.7400268967759","38.356162460325","",
"Mexico","MEX","Imports of goods and services (% of GDP)","NE.IMP.GNFS.ZS","11.6636809815951","10.6152542372881","10.1087368421053","9.95358490566038","9.85342629482072","9.52267399267399","9.01384868421053","9.0094578313253","9.35365122615804","9.27098522167488","9.65768018018018","8.71928571428571","8.82991150442478","9.46480463096961","10.5724444444444","9.62009090909091","9.86724288840263","10.2221957815035","11.0397689345315","12.4509550195567","12.2919995532194","12.2557065163291","9.70714773923614","8.98106728574283","9.10527444882818","9.76497749918627","12.9240426630228","12.7257538385261","18.6942808014862","19.1974507744512","19.8152253641579","19.3531451238152","20.296751461137","14.5671388839902","16.403876421631","20.7999048051439","23.0446915817651","23.2363034246464","24.8101347448538","24.5953903270731","25.6792357191195","23.1988988072816","23.3580673360145","25.0448233657183","26.9372640255577","27.0755708259848","27.927367918041","28.477463068888","29.3452206449273","28.0784724102639","30.2559244160519","31.7194210489631","32.7184815005778","31.9358741854644","32.6354168333342","36.2502019908254","38.8746261573743","39.4380374225879","41.1687312115588","38.9323214620124","37.6191836198755","42.500104429993","45.8661953749018","37.5911414580596","38.1422853106055","40.2786127888756",
"Marshall Islands","MHL","Imports of goods and services (% of GDP)","NE.IMP.GNFS.ZS","","","","","","","","","","","","","","","","","","","","","","","","","","","","","","","","","","","","84.5457040672045","89.9935954103448","81.6616872048611","87.1956034660449","85.6913105271098","101.259594996452","93.2847300910657","74.990072749318","86.8096561769562","83.734085778781","91.9644927536232","87.2516061452514","88.4289700996678","92.668758526603","101.006084656085","108.712290502793","101.988392338944","102.742501383509","110.774302575107","100.232580645161","94.2476320087099","79.8330525272547","86.0323350491343","88.7565","115.945856590812","72.3375103391232","74.0777544493589","88.3601219062049","79.9242424242424","81.0526315789474","79.8701298701299",
"Middle income","MIC","Imports of goods and services (% of GDP)","NE.IMP.GNFS.ZS","12.1183333619869","11.7884345484976","11.43976988251","12.0018523137628","11.2900179771936","10.8088840413702","11.0808627475177","11.2130796835385","11.2938066346967","10.9289441335431","11.396896697417","11.8991741820153","11.8399213909311","12.7539434009409","16.1373073275337","17.391535405885","16.7617883347204","17.2334372139365","17.2044529055359","17.6230277023013","19.9465359971849","19.6092821319126","18.7237413040876","17.8497315684712","17.3141515964347","16.8607900800605","16.0376534461903","16.4784264600396","18.5789726474249","18.7471402101129","18.3329370271808","19.4719426173444","20.3210901385266","20.5095038949396","20.6636876948364","21.054415941705","20.7704448738264","21.0088509931024","20.2572664226979","21.5538362437418","23.417454975745","23.2692906661211","24.3514987023724","25.9058182060676","28.2907279520052","28.2887185932567","28.1978527235769","27.8275873542884","28.4997012375277","24.2769360160519","25.4552393082614","26.707471952572","26.4640840013228","26.0026134663277","25.0643647130586","22.9815061994061","21.9925922532578","22.7843792082107","24.0061805668841","22.8365003161745","21.0425957126487","23.21794435152","24.8621760557622","23.7478189519781","24.14719205435","24.2011996765431",
"North Macedonia","MKD","Imports of goods and services (% of GDP)","NE.IMP.GNFS.ZS","","","","","","","","","","","","","","","","","","","","","","","","","","","","","","","34.1191729323308","24.6006198347107","50.720087054651","51.9974177687079","46.0233766233766","40.6598583373993","36.6182991815424","48.3433250026832","53.3207534289991","49.5831191692404","47.2133072721862","42.2793025163138","45.2326350350567","43.4129530246302","50.1663188335601","51.0334028212302","54.7601839684625","61.9763522120524","68.3455855768999","54.371210403693","58.0913157220738","66.0676970007712","66.8405816975678","61.4607554229903","64.8750736783851","64.9604439721337","65.5215662539194","68.9915645536526","72.8400703306813","76.1681750526576","70.4697585464977","81.2775466279157","93.3619578376736","80.3972554372264","74.6456724275939","73.393734112706",
"Mali","MLI","Imports of goods and services (% of GDP)","NE.IMP.GNFS.ZS","","","","","","","","23.9037116030445","18.0951226624519","19.0122235469919","18.2015295689894","20.2157579227201","19.5693123124477","22.8432256521914","40.8701483381894","29.2644027519524","21.0311511762762","19.5794112392855","29.8285680551733","27.2260387686884","19.2342504794399","19.5979378966635","23.525846911283","27.2483589394664","31.0349720081887","37.1418444943159","30.2714811114444","27.1842642331078","25.7877221701847","22.4015794329964","25.53735806214","23.8063842900905","25.955817924616","23.4855849411394","28.85122954668","29.3872972343319","24.9755371799475","26.2302500477407","23.4067232102608","23.89451725207","26.3574738188855","28.0563789003511","23.7704249907014","26.2928019278074","25.2013172951841","25.8818668634663","26.300637177379","27.1245980278365","32.9754110735443","23.1323171332149","29.6030561488439","25.0299480291958","26.8055466021278","33.6249394269683","32.1065252034292","33.3512284164078","33.9537401380382","30.5854909013125","30.1007871944471","32.2714877803678","30.8992880694173","33.2802798102242","35.5356748615317","32.8427797239438","27.4410652161804","26.6954300437397",
"Malta","MLT","Imports of goods and services (% of GDP)","NE.IMP.GNFS.ZS","","","","","","","","","","","71.3588131691477","68.9391955635109","67.4587716178087","75.9117931660013","101.080531568585","86.3323258948059","86.4914042416452","90.4291437843337","80.5320890823658","84.6193251365709","86.406440989605","80.5703546021791","76.5605912023365","73.6583349052165","76.4760845455205","79.1521634774385","73.8246129264432","78.4677241631606","79.913169342142","82.4682953660736","88.6501113771416","87.8658450250562","88.7058179791678","94.0932508299505","95.7401068092093","91.7416260564704","86.9852585482281","80.8783573644609","81.7359734534724","84.8956716578701","99.3319949283847","82.8670475673976","80.0062569392225","79.1178996353771","80.7924877893561","83.3249350443162","93.254835874088","93.9778389988305","94.2771199815282","82.5239702206494","88.6088266359999","94.5861703020889","98.4147219640338","89.7626259113007","84.3713102569927","98.4634365431974","100.193210915029","96.4210938291986","104.749247332562","108.550401626777","112.407072946978","101.288238009316","116.282082647569","101.384959473926","99.2488124927064","99.9047898051853",
"Myanmar","MMR","Imports of goods and services (% of GDP)","NE.IMP.GNFS.ZS","","","","","","","","","","","","","","","","","","","","","","","","","","","","","","","","","","","","","","","","","","","","","","","","","","","","","","","","","","","","","","","","","","",
"Middle East, North Africa, Afghanistan & Pakistan (excluding high income)","MNA","Imports of goods and services (% of GDP)","NE.IMP.GNFS.ZS","29.2795052556203","27.2186510829705","19.074269445291","22.5444805279881","22.0930053419719","20.5852564745464","19.8868809238574","19.9277557189622","19.055509847326","19.3088945150459","20.318811842417","20.7042117873898","20.5380494378502","22.9317973987326","28.0416034927598","36.9805951367804","31.3826479563549","33.5366270032212","29.4328113108753","27.2986949482708","31.6778596945476","36.6717042714455","33.426793536614","29.0673802935652","25.6413779802854","23.7476899204032","19.6378628560597","19.9204662113236","23.8937504193747","26.5246736444159","22.0154438247557","31.346934412175","30.0969944565469","30.5217592774234","27.0392913398989","26.5918427101122","25.5742238672982","26.2720403095717","26.4755727325454","26.5100825625217","25.4908193157933","26.5821164651799","27.2091276550316","28.2515658661943","30.4472144172927","31.2654795205489","29.7129021046775","29.6407392256412","32.1167654056878","31.5544837711286","28.9328708190878","26.3374137015921","28.5037120412177","29.2442984468404","29.2048595697964","27.494670489911","25.4507949204795","27.4016056017248","29.7871926479608","29.9368928011277","26.5560806917789","26.3675541466345","29.1504598129685","29.6353289610841","31.4323100873663","34.9544775842835",
"Montenegro","MNE","Imports of goods and services (% of GDP)","NE.IMP.GNFS.ZS","","","","","","","","","","","","","","","","","","","","","","","","","","","","","","","","","","","","","","","","","51.110210293901","61.9859316969215","59.8732828905439","46.9871428117352","58.0876077909525","61.0760145763567","77.5528659486004","85.8084441570943","92.9189025338105","65.3563859621765","62.1537276926387","64.3110490601387","66.5594796967721","62.035275506665","60.1701103732639","61.3967209641063","63.3539586772877","65.2102647480444","67.6403682720994","65.6922859488993","61.6090017411871","62.5998809644568","74.1109960911823","67.5776464751354","66.1970215175412","65.7111131958305",
"Mongolia","MNG","Imports of goods and services (% of GDP)","NE.IMP.GNFS.ZS","","","","","","","","","","","","","","","","","","","","","","71.033746272328","64.4575701491528","62.4217668669603","65.0716281610834","68.2065888721363","81.3931082479413","72.2622586322143","66.0225092209199","53.8773708122386","40.3471932906716","82.5353275635261","36.3626536495942","70.4098697731024","54.5266015773853","41.5622866341052","42.4497500507305","47.3251039194272","59.5076962667858","62.0828979323378","67.8898582883465","65.4999858868754","67.7906371355023","67.9473439819355","70.5415433146042","63.6120760963127","53.4867180194267","58.265977993229","67.1809774841522","57.5357578383174","56.6710490728501","74.4456735878527","66.0164131441635","61.4217521810234","57.0733131829592","45.4696132431312","50.1830431691832","56.7662226009379","68.1910909645864","65.1792814405109","55.1782978952179","60.5492144836795","71.2665787886548","66.607129472089","69.7318164271926","62.6383532330381",
"Northern Mariana Islands","MNP","Imports of goods and services (% of GDP)","NE.IMP.GNFS.ZS","","","","","","","","","","","","","","","","","","","","","","","","","","","","","","","","","","","","","","","","","","","60.9034267912773","62.4697336561743","77.4380165289256","78.6993402450518","75.959595959596","61.727078891258","48.8817891373802","45.2830188679245","50.6883604505632","61.5912208504801","64.0750670241287","68.0051813471503","67.3076923076923","69.7802197802198","81.1382113821138","62.1153846153846","58.032282859339","62.25614927905","64.203233256351","72.8665207877462","70.8941605839416","","","",
"Mozambique","MOZ","Imports of goods and services (% of GDP)","NE.IMP.GNFS.ZS","","","","","","","","","","","","","","","","","","","","","","","","","","","","","","","","41.481389425861","50.1856768189001","46.9996412281858","48.2291834875911","52.4105509298446","39.176282748977","32.5695904212857","29.0698415023407","36.6435959585244","36.6351956102043","31.675527297898","51.8392160854003","47.3565060054572","45.6773867471662","44.1414972511937","39.3102158380928","37.7995423150753","37.6351509380515","39.9151512988254","44.4691205308325","53.0273116660187","75.9171489083132","81.3915693283089","83.567817945125","66.1889101182498","75.0124208061143","64.7021773815331","79.0764216850568","68.4491150410889","67.1162725831946","71.7284659340598","85.4494498784874","60.4257929956707","52.8080979760881","55.7223347212611",
"Mauritania","MRT","Imports of goods and services (% of GDP)","NE.IMP.GNFS.ZS","","18.6802559923799","21.4707542405656","20.4042121418681","15.6259930026998","14.933041494085","14.5407551593788","16.0910831458785","15.1558675035252","16.2346129000115","17.2396024297322","16.9948717216076","33.9843440241597","32.004900354891","40.9477815254141","41.7139673766617","53.7984663258267","50.8140457651964","44.7858855381859","41.2925015517179","46.036529245742","51.7612940445194","58.5005555138792","52.6988889606963","50.5128548978627","55.796574480975","54.7778385757407","45.9869532640382","43.530958227097","39.1880557621857","41.9445806524624","28.2762192517343","19.9559565799452","20.7153694378569","27.9862553653312","31.9304770494547","31.2924762860696","29.3575094993294","26.9318439912189","26.4477520014578","33.4232590529824","35.1642173799555","32.0119211973383","36.193252157771","51.9495471101002","61.4818525059617","40.4243978856356","45.5408938796247","52.517360521974","44.7628692989027","47.6813970207492","48.3025199043706","62.5267675338065","56.8502249709266","54.2211706416612","47.1516417391617","39.2281211248166","44.3093026532937","52.5604790922211","51.089170094471","45.3700638487291","48.450850492821","62.2880913027036","53.7583536996945","52.1880043827425","54.1713249621087",
"Mauritius","MUS","Imports of goods and services (% of GDP)","NE.IMP.GNFS.ZS","","","","","","","","","","","","","","","","","56.8871258153413","58.6553144384197","54.822741781153","53.7010461366739","60.6074529966786","54.4534322042246","49.3062832574489","46.3786082971253","51.32840649046","54.6855387802109","53.1273265913597","61.678837457288","68.7600822620429","70.5800256406922","71.1965728091787","65.171363803806","61.7159785088941","63.4275834339481","64.5909919913825","60.2704136303931","63.418392988738","65.4619390021046","65.6317195229319","65.9999611121908","60.4050859251757","60.9707841332703","57.4406027723833","53.392392991836","54.4129780117163","63.368422651356","67.4226658359955","63.8369123218543","63.3571971418954","55.7720430543313","61.2269011428151","64.077322355468","64.6640098323494","72.3163042652563","70.2827918319392","68.5698001956061","65.2624869881261","66.6198511642661","64.9714820469881","67.5949630234179","65.7642097954036","74.4256502967714","80.6345001819556","78.2802467779156","78.3089226863971","74.9062848992882",
"Malawi","MWI","Imports of goods and services (% of GDP)","NE.IMP.GNFS.ZS","","","","","","","","","","","","","","","","","","","","","","","","","","","","","","","","","","","","","","","","","","","","","","","","","","","","","","","","","","32.6251859110726","31.9059921379141","31.2059958688892","30.0275892172844","31.8838054014105","32.2742440103241","31.1926320096439","30.6182590333958","28.7506099038274",
"Malaysia","MYS","Imports of goods and services (% of GDP)","NE.IMP.GNFS.ZS","39.2601431980907","41.5836482308485","43.1369348784071","43.9875065070276","42.3476242823989","40.4198895027624","38.5638574249195","38.5269412005737","39.7057381069152","37.0208593332145","41.3221743173557","39.027402547279","37.3628691983122","35.8489558297281","48.0750721847931","45.0967221923697","41.3743991454513","42.6345083487941","43.4909993137307","47.139410649664","55.0423951376904","58.5232499609463","59.5856163836483","56.4888422008972","52.3607793840352","49.775396927843","50.2011341732547","49.0250971203059","56.2087257767673","65.3122119487233","72.4221328339534","81.4858944377017","74.6273609322945","79.0201749189867","90.7541657926645","98.0240298822779","90.1908312707896","92.3756631593889","93.7484774557535","96.2595257411126","100.597080255106","92.9621446541059","91.0509299006036","87.2516829087158","95.0009281760497","90.9556678158424","90.3916659964074","86.2972314906664","77.1687475404215","71.1421785856069","71.0144698174169","69.6822424986263","68.5418408404822","67.0919504346102","64.5187325510668","61.9213815481844","60.1235645714491","63.1434308633591","61.8476540824403","57.7507951850853","55.2102465322035","63.4029391413929","69.6168072713231","63.9145080762826","66.0214861785682","65.4286310242549",
"North America","NAC","Imports of goods and services (% of GDP)","NE.IMP.GNFS.ZS","","","","","","","","","","","6.29500270088787","6.48396003703322","7.01336447397258","7.68484130350943","9.74681164900378","8.84560210524904","9.51728715280024","10.0899477046024","10.3339424200632","11.0050837983108","11.6496532662964","11.2941417104193","10.133141338864","10.1420873953373","11.2145539520885","10.8396117170335","11.1295326656604","11.6593752698889","11.8892818788273","11.8085935742229","11.8688969968638","11.4629477823621","11.60680016275","11.9499733411758","12.6735598907552","13.3724025493479","13.4811527372489","14.0069622749675","13.9967850001137","14.669034277286","16.0493699833075","14.7709864686121","14.6216928888645","15.0000106813595","16.2215788619111","17.0834732255919","17.7585584018233","17.9789339420458","18.8890655088756","15.2280063865112","17.3524694008655","18.7800987866701","18.5768532621051","17.9196423755971","17.9116958739022","16.7719729345468","16.0170724107387","16.4008422458411","16.6348912590973","15.9215269390217","14.3614891101522","15.7177011046286","16.6568116163068","15.2981053363927","15.3824696690314","",
"Namibia","NAM","Imports of goods and services (% of GDP)","NE.IMP.GNFS.ZS","","","","","","","","","","","","","","","","","","","","","56.2748761062378","67.7886772513805","60.9281839211653","52.6526223597038","51.5446397129503","40.1151937110683","46.1908937147726","51.3773437809803","44.7541753909793","46.5102249857106","50.1987731697755","49.8676174897875","48.9585677046189","49.4919661635887","45.3881021429781","48.8720811881066","51.1395727622065","50.1951051402505","50.7605525034867","49.669830636447","44.3960937348397","47.528158812429","48.2463228263129","52.5230302978881","42.0643203848333","40.2718039587905","41.4671357775877","55.1241027322248","65.9910625505728","72.199669481011","59.7905226950419","56.6493658333056","60.1550707623781","60.2229193151294","64.0630518000757","61.8681833775841","58.9567205420598","47.5988620240004","45.8313007368101","46.5002688810536","43.2473734519041","51.5878922090636","58.8040829514438","66.5329828976325","66.9360001520054","63.9037413199657",
"New Caledonia","NCL","Imports of goods and services (% of GDP)","NE.IMP.GNFS.ZS","","","","","","","","","","","","","","","","","","","","","","","","","","","","","","","34.7123109023748","32.6181431218956","31.6813966862488","30.26531370536","28.4618002113502","26.3878108782308","27.7472412243042","28.2199514700208","36.0145262031003","37.9601481425729","37.5858419019235","39.4755568739662","38.0769603361761","41.2757615756158","36.5876503275061","40.4431311456263","44.1273860343091","44.7896639289252","49.3632452288195","40.6765004061957","47.96900747764","46.753697495563","45.9948547950947","43.1492461385982","40.3716168473283","41.9776298064953","38.7641297598898","37.9203845284666","38.107676","39.8810034950495","36.5366389393939","34.8896132874016","35.0907717216117","34.6933801205937","28.6742442311771","",
"Niger","NER","Imports of goods and services (% of GDP)","NE.IMP.GNFS.ZS","7.40534300409651","9.70534285406108","12.9477921641646","10.3222702517602","14.0986407305733","14.0155684809295","16.0857536751188","14.3748190876207","14.3127267329561","16.4730389393358","18.1006912113456","15.6010632311365","20.494607754898","23.7350185654073","28.972980470939","30.9936541898878","34.3378208255654","29.3295203774573","27.8287009411134","36.8711942832025","38.1260749190128","36.2014916270681","36.0975364255597","26.9143381430607","26.9703888431564","32.84068480264","20.6918703846718","25.1815895716725","23.5885612129434","23.2983285683678","20.5481385896134","18.3182191842891","16.9249856076259","15.1896742607326","20.5014967207828","20.2394832368695","21.2440731817314","19.6364572120207","21.0496345843457","18.7195811368156","20.3730770027969","19.5578535691046","18.9155777018555","20.1085650442709","22.7055348369284","23.9363257959276","22.6609305610612","22.4362642994778","26.5307344572361","34.5344060822655","35.7615717045608","34.9568397197938","28.9853874011265","29.3161155472406","29.7957379087183","30.4590604092492","24.4407047621453","25.8621845033569","26.3147731455248","27.3332416443993","25.9574054242037","26.9839054628996","27.0005172422318","22.4664886397182","15.391116806791","18.1438491044232",
"Nigeria","NGA","Imports of goods and services (% of GDP)","NE.IMP.GNFS.ZS","16.9249824014777","","","","","","","","","","","","","","","","","","","","","","","","","","","","","","","","","","","","","","","","","","","","","","","","","","","","","","","","","","","","","","","","","",
"Nicaragua","NIC","Imports of goods and services (% of GDP)","NE.IMP.GNFS.ZS","26.16901552623","24.5533267813408","28.9035229588226","30.2425080507298","30.499985803979","32.4070789118579","34.1206090529056","35.0441281906188","30.3922976338441","27.180180584536","29.1918861568245","28.5395795584506","29.6420623213975","37.8027446804509","42.6072898129957","36.9397294408441","31.8420421352083","37.426494952335","31.2492914572312","28.1323627531523","43.268361668355","41.7809968054086","26.0552263979111","29.9926178819349","29.4508112745012","21.8262615052929","20.8316025001169","13.7603664802564","58.2702051552781","65.1916729304879","46.3424548271313","52.505989723988","53.2663989290495","47.858039908833","25.9413394233817","27.9447081523625","31.6354801891617","38.5859854650092","37.6792745533298","44.0073650017969","41.1903315733091","38.9382206647775","39.2441485235103","41.4700669729064","44.1354610401784","47.2635928126897","56.0430419669934","59.9621571869656","62.3235227291007","53.0121162357305","59.8969432679261","66.8104757834228","67.7081129154196","65.7699383901753","61.6901279411621","58.1103863053949","54.9317014223508","55.0416171725122","51.7075930552738","49.2377861394288","46.8920225817213","59.8031518362997","65.558899558761","59.1537260474944","58.1597135297009","54.8562223486615",
"Netherlands","NLD","Imports of goods and services (% of GDP)","NE.IMP.GNFS.ZS","","","","","","","","","","39.5940045721398","42.9851586467163","41.6572090518587","39.0386421356687","40.4454053771677","45.3182708705603","42.6416092991797","43.8943664476848","43.4075646828432","42.2557735338926","46.3435533867062","49.0444890002139","49.6126632942353","49.2392622211321","49.8571756916538","51.7606405498361","54.1763349161944","46.00514632112","45.8830745017286","47.8948928620974","50.6316467709412","49.2530257831818","49.6319788057938","48.2653411955376","45.987680585651","47.8598271711194","50.2248266834731","50.8664929047205","53.5291889844722","52.7308599201193","54.0318415396663","59.22408893587","56.1029194042336","52.6451528233191","52.0651542723747","54.3622418745873","56.6699570799932","59.0498839038274","61.0881939705351","60.5463849936819","53.507846258091","60.7943429618271","66.5819122486902","69.8176326887784","70.2806779783252","70.3336295196036","76.3339650302142","70.0560280487382","74.4665124437146","76.5026871237804","75.3557323923463","70.9917044618066","76.7048398855925","87.6638626713087","77.5443681895531","71.4586065803986","69.4506290177353",
"Norway","NOR","Imports of goods and services (% of GDP)","NE.IMP.GNFS.ZS","","","","","","","","","","","36.0659516778818","36.391314954867","33.3634846755072","37.0342023069549","41.7349439425202","41.3463673440769","43.8460396976876","42.9207880323715","35.5258176550952","36.6259810797099","36.4209955139409","35.2893968002682","35.7849923339139","33.375062482148","33.2276400221817","34.5405931834559","36.8874207579992","33.9238329743133","32.8499077797599","33.5158148266213","32.9720504377158","31.3592199633562","30.4630154553039","30.8728029368279","31.2591484240315","31.044303632156","31.1387185300084","32.4820646027707","35.272704901271","31.4382531018316","28.9475191208218","28.4004899806391","27.2644681880985","26.802856913966","27.6536885303116","27.0056013389782","26.9953517317441","28.6756394735455","28.1992322774018","27.137883095122","27.5341022888229","27.3060335155494","26.6685108375045","27.5050365915109","28.7661978486341","31.0555999681838","32.2548923992091","31.4157245856249","30.8743383724503","33.1851913359431","32.0209678414192","27.3213767194877","26.3420519002837","30.9962278135928","33.2001409769285","33.6798759181448",
"Nepal","NPL","Imports of goods and services (% of GDP)","NE.IMP.GNFS.ZS","","","","","","13.9235989632917","8.75669391354193","6.95245507478636","7.50034832007951","10.2191610547171","8.3029197080292","9.12955877692733","7.91783169378603","10.3721532602206","10.5480961332018","13.3667257662993","14.1773020247057","14.3171290509259","15.4723280773433","15.9666895522544","18.731533070598","19.6176813243321","18.8072797549317","21.3151667654028","19.4490997081541","19.9995711157859","20.3027420859953","20.9066140548666","22.381868774868","22.2833234381476","21.6614450375184","23.1843038424568","25.735687007905","28.7566170694778","31.438134810711","34.5173594159918","35.6401935616059","37.7076998213986","33.8875500673104","29.7185091627782","32.4265852938696","33.239147361424","28.4935889762169","28.5480191211037","29.464591457087","29.4792606869219","31.3153967991879","31.7236101436193","33.260386093191","34.6600935774766","36.4023696022884","28.4906232102531","29.1716147715423","32.5707170600577","35.8585994934377","36.4511417965013","33.9359080825022","36.8302219662053","40.6317459241789","41.4695901124501","34.1135757694721","37.9346333063959","42.27101061478","34.5641830123854","32.6157766909588","33.7244112435844",
"Naoero","NRU","Imports of goods and services (% of GDP)","NE.IMP.GNFS.ZS","","","","","","","","","","","","","","","","","","","","","","","","","","","","","","","","","","","","","","","","","","","","","","","","","73.8095238095238","61.6666666666667","48.1481481481481","68.1818181818182","52.0408163265306","78.2608695652174","98.1481481481482","128.43137254902","97.7611940298508","82.0689655172414","85.9284615384615","95.5116571428571","91.3965053763441","93.97445","95.7467469879518","94.1666666666667","107.03125","103.676470588235",
"New Zealand","NZL","Imports of goods and services (% of GDP)","NE.IMP.GNFS.ZS","","","","","","","","","","","25.0760957984636","21.6921954777535","21.4049796747967","23.8561025975437","32.9277942631058","30.031612223393","29.2609567459181","27.7504315029087","25.8996051889453","30.1797448782373","29.8887320435108","30.9499454446263","30.7070950629935","29.5844710589635","34.3879382553548","31.4389935542706","26.1332459061653","23.883914883179","22.21081597445","25.6279307928637","25.8462831846782","25.4742190688062","28.0423820769771","26.9512267218445","28.0364238410596","27.5208861548693","26.7672921138268","26.9264895291704","28.2786961975549","30.4506795962165","32.7714683867522","31.8027845111567","29.8089228515842","28.0750439440285","29.2561416675833","29.7335780086782","29.9946512871794","29.1520466269894","32.2559404975743","26.3488917754697","27.9074444706067","28.8167625693477","28.1156333625569","27.1983095542824","27.1554298092802","26.9291745446432","25.8484206648863","26.6854019544781","28.0023790927421","27.1409623393447","22.1581460955954","26.0978404190373","29.1619589751662","26.2351940788292","25.9555076213797","",
"OECD members","OED","Imports of goods and services (% of GDP)","NE.IMP.GNFS.ZS","","","","","","","","","","","12.3725829426343","12.3876185926117","12.6901664699304","14.2108517706869","17.6219514627673","16.1347387446752","16.8577364686734","16.9919253884766","16.3899587263053","18.1569480833767","19.5613916009659","18.6886679796862","17.8670982329437","17.0481437833504","17.5089835864227","17.089680433269","16.1498172308312","16.5641715260671","16.8330362481743","17.5058797486155","18.0303252558115","17.2513038488155","17.0826806772369","16.0980768631387","16.8446247061909","17.9906847209224","18.7242612370236","19.4863932472479","19.8226623846351","19.9142962831266","21.5133064062478","21.0306383366329","20.846535410592","21.4714611975138","22.9477207433389","24.2589272821793","25.9521659856241","26.8995707290144","28.2735263953462","23.6673054005575","26.0488830867834","28.3028393845131","27.920276975933","28.0089933297326","28.1223711710383","26.8440824684488","26.0862637601103","27.2311702456255","28.1666350792601","27.5986323621989","25.4274834458178","27.7476562750222","31.1227392867396","28.6093896357511","27.8922612281105","28.3294100454494",
"Oman","OMN","Imports of goods and services (% of GDP)","NE.IMP.GNFS.ZS","","","","","","","","22.4226804123711","14.7395171537484","11.9","19.6629213483146","32.1342925659472","43.75","55.1948051948052","47.7572559366755","50.6904516280657","45.9685740133439","44.0430773085047","48.7268728233626","40.7134470725087","37.6554910217318","38.0887832294188","43.1516807253897","38.0670841296063","37.5791755554826","37.1827870361639","40.9264702817861","29.0670549732655","31.3536982477904","","19.7936613388565","24.9239999194701","25.4877512102098","27.2863513414723","24.9558147755391","25.5078409316482","25.6758978344368","27.6804636477661","43.6537526341384","33.7188443420304","28.5320372014768","32.4662395614949","32.5752365059141","35.0048895384907","38.8482088033945","31.4669948140986","32.3619060417443","40.2498451929031","38.0888155320996","38.8376379437297","37.2909163665466","37.7242615226627","39.3529056464546","46.511896912702","40.8385424265209","46.7250192470997","41.5446394571953","43.236601542648","38.6567758071851","36.9852980265451","44.8210174322991","42.6197283774124","42.4945073677033","44.8623883036834","48.7801054403878","",
"Other small states","OSS","Imports of goods and services (% of GDP)","NE.IMP.GNFS.ZS","","","","","","","","","","","","","","","","","","","","","","","","","","","","","","","","","","52.1950751388418","53.8379668854041","58.9480409573671","62.0243421901466","62.0729073254829","63.8856011099696","61.1597101464042","60.391278649824","59.7160599897808","58.5154103540511","55.3534293423256","56.4820811886225","57.4215999732624","60.7536051424869","61.0328172545683","63.441684411594","56.5371176813385","60.4164198379083","64.2375109740063","66.2339072833091","66.677402100615","64.7327098016521","65.3425830361565","64.7808646964441","65.908219237254","67.6050273545557","68.158971962741","68.531772306328","73.6492484410013","81.6792710303499","76.1662703984992","75.2880787034266","74.0599664929989",
"Pakistan","PAK","Imports of goods and services (% of GDP)","NE.IMP.GNFS.ZS","13.2183264254509","14.0162137357875","14.3922046285018","15.8126247052422","15.4038570160575","16.9860102709403","12.2871591345538","13.5739605018849","11.5991226237727","10.5589010616944","10.34952147599","10.4802031856037","8.64594955462477","14.2209447045576","17.2549998864952","20.7010064488276","18.2979963793685","17.8573336538718","18.4876427688364","21.8192545468538","23.3061034507791","22.332815712663","21.1319136596547","22.5084868560075","21.9679753788691","22.6045573823961","20.1105081899668","19.0876870592633","19.4253978077819","20.3497262080299","20.2458574928471","18.4872623946698","20.4238124130644","22.2972222574199","18.8993431428577","19.4227840177671","21.4270250588042","20.7703128757754","17.5269340049655","16.9664634820763","11.8303381728595","12.9510350567841","11.8660490591242","12.4855146143016","13.3853645017194","17.6266523028659","20.5007727406812","19.1628048720082","22.4731455329041","20.9358990809684","19.3517774869368","18.8800834134221","19.4450091286838","18.7127751361147","18.2748539477852","16.7136150659843","15.9648616568916","17.2504236583884","19.044257474073","19.5147134481005","17.4177212905341","17.9788205237729","22.4907632059279","17.9737337958273","17.1798277774783","17.2083306683448",
"Panama","PAN","Imports of goods and services (% of GDP)","NE.IMP.GNFS.ZS","54.3799082225335","53.6681611475156","57.1695524556873","60.0912028412341","56.9448583530624","58.2336141162786","60.3229321094319","58.372474468675","56.6886722943776","59.8808144430997","61.5855631771989","60.7245131165919","61.5735685366608","60.2003486896757","82.5506980828472","80.8348370127575","74.2205303801313","71.7115371615841","66.792613947549","72.9137178167528","72.470634706797","71.4337151836557","59.9752877407772","45.9975452398368","47.3699002283069","48.617367368802","50.2184136824049","51.2270731841527","47.8561842536862","57.3390338158015","64.3002583009829","75.8943021485579","78.5224935282188","75.6205627103837","77.5669771585712","80.0582791787561","82.1778351522853","85.7936068743574","81.0753692954482","67.7727052999404","70.2378181350816","66.8842656537739","63.1954251355142","59.1339083244728","64.1849321049543","70.9755691783328","72.2783370587819","76.6864283016716","86.2876940102004","67.0812127666744","75.4234766788056","80.4627232429577","78.6643046352987","68.5104916939844","60.0815228858041","49.1925374485908","42.6552163983547","42.576526548549","43.78385701834","40.2144760441879","32.431335405012","38.5267595739638","45.4486710192298","42.7196665144342","39.3159365958787","",
"Peru","PER","Imports of goods and services (% of GDP)","NE.IMP.GNFS.ZS","20.270595748945","22.2001752250705","21.959928247997","21.5793248002627","18.7994959740593","18.9930257876653","19.1644905751012","20.1741523247228","18.8750270925214","16.8216557285392","15.5757260213147","14.775245729497","14.3969737440954","15.3472800589925","21.3491278396969","21.359858303281","19.6897934079273","22.1190471008435","19.5280260814932","18.5821121745281","22.1228759388267","22.7182468377576","22.251977207739","21.5015821512132","17.3735558043023","18.7336540325664","18.0737201247906","14.6854869687991","18.122300537411","11.2071241874214","13.772485437739","14.4568674464779","15.4637863865267","16.3159114665164","16.1515129997261","18.3273325960603","18.3376841732667","18.9922855943966","19.2501199365259","17.8088885487375","18.7696584415009","18.4630219090874","17.9743734787821","18.6099433778513","19.0238445170772","20.5085563651301","21.2484195803232","24.165996753135","28.7061371800215","21.669876876324","23.8466447848286","25.4855205274718","25.1702808921321","24.9788430262935","24.2461507154749","23.875443403219","22.7885274554247","22.7936783872998","23.4392854994888","22.9044179405342","21.2345240547509","26.1824464676564","28.4530550594954","23.736868907826","22.7972140350108","21.8456559013034",
"Philippines","PHL","Imports of goods and services (% of GDP)","NE.IMP.GNFS.ZS","","","","","","","","","","","","","","","","","","","","","","19.1140962019634","18.3090270610486","19.6024392551413","17.8815149992249","15.818398571294","16.1738835797829","18.8158684945908","19.3242818913489","21.5430347139672","23.5291431442704","23.2547826003992","24.2114781886729","28.1619125520064","28.4508379453015","31.3845163136131","34.9685821777115","42.1425001813547","42.2703331195996","38.7503349766746","41.809149235982","43.7448871162984","43.83912414975","45.2696259923924","45.2984438324049","42.6156353549097","39.6050793023691","35.6307936542553","34.3242375293009","30.6670651873867","33.2294487942119","31.690407821767","30.3749316555848","29.6473614230291","30.113667896666","31.9335348662643","35.1030624218713","38.6160788880035","41.9497929256998","40.4589222469285","32.966720992025","37.7325748976525","44.042282064966","40.7831199701022","40.1268077299236","40.2432695143595",
"Palau","PLW","Imports of goods and services (% of GDP)","NE.IMP.GNFS.ZS","","","","","","","","","","","","","","","","","","","","","","","","","","","","","","","","","","","","","","","","","","","","","","78.039602855483","82.0354413335894","73.9500482031858","80.8617161648553","72.2077529132958","76.7493153073976","85.7578046108597","88.2648319268686","86.3880386459005","90.4869314809537","74.5671061586249","70.5554458917774","77.0239615874903","74.9969615019862","77.1750711108904","81.1086367830772","72.9965753427494","88.2139595715895","80.6165931415982","73.113288241571","",
"Papua New Guinea","PNG","Imports of goods and services (% of GDP)","NE.IMP.GNFS.ZS","","28.1335773101555","27.9159519725557","30.9659090909091","34.2993396918562","37.9759192971038","40.1317674018906","39.6298073960935","40.073859632073","45.8959958943502","53.9382279774067","58.2386389642168","48.2499295425727","34.8201705477206","39.841543578206","46.1642381549744","40.7809144652857","46.2687716596072","45.4196538489391","45.5898538778725","53.3224108658744","58.7437604092315","60.4962268465584","53.4515752625438","53.145574698279","52.4400786914699","51.3548147572212","49.672422298722","51.9226522822624","52.7464950586072","48.9467524868344","52.1549811404482","45.702107506512","36.9460274085184","39.7680577907166","43.7009943984374","48.3988446877714","50.050452002938","48.819442308678","52.8884381867198","49.2434787074508","52.250399661418","58.0032997297413","54.0311026829553","58.9188614133539","","","","","","","","","","","","","","","","","","","","","",
"Poland","POL","Imports of goods and services (% of GDP)","NE.IMP.GNFS.ZS","","","","","","","","","","","","","","","","","","","","","","","","","","","","","","","","","","","","20.7014818942148","23.392639678205","27.1211944944015","30.685713160072","29.9012260725366","33.5375012139652","30.8212732632544","32.1734007560509","35.9747812061398","36.9194069594885","35.7860168147767","40.0427623151275","42.2742826395837","42.9059088559607","37.9645460598818","42.3336454756702","44.6054983103518","44.8070016680619","44.6502190786485","45.8133476787599","45.0937905484415","46.9594739437073","48.8733676676502","50.2098867240303","48.9681403361987","46.8252057104188","53.836306949643","60.6688166147992","52.1436640222717","48.1796294552629","47.07961715558",
"Pre-demographic dividend","PRE","Imports of goods and services (% of GDP)","NE.IMP.GNFS.ZS","","","","","","","","","","","","","","","","","","","","","","","","","","","","","","","16.7952063909182","20.1988361023652","21.9969697705816","19.6830300821154","19.30869797704","16.2903139080865","14.4258686124331","16.4335880561899","17.33760462183","34.3342634419292","31.4477884350756","32.0718831225935","27.2108968690886","28.353786604492","28.2229594808247","28.6721875937157","23.6776496965078","25.1266990928888","27.3017676999599","29.0294094232941","26.3891414620329","25.9754186297223","25.9499000751851","25.509204874759","24.6503967889993","23.8524231326396","22.4177654671663","22.8967088391233","23.5748404299705","20.6513643284454","19.6085127211359","20.5944390803555","22.4623127450972","25.6656297674773","31.4429664133103","31.0415983058925",
"Puerto Rico (US)","PRI","Imports of goods and services (% of GDP)","NE.IMP.GNFS.ZS","53.5197115668775","","","49.1472403153925","52.1688387473254","52.1811556481","51.9350260211323","50.8421320802785","49.4152269325418","50.0212971058354","49.9215444812998","50.9863993766381","49.1048997456114","49.9285959099737","55.4536227357901","60.3869094812339","60.5646366211003","61.6301244084795","58.7210031347962","57.9356862745098","59.8374907350323","57.9053253696171","50.6466160031496","49.2388548672771","49.7239414275725","49.8403091299805","45.8846941974529","44.6345178932647","44.9450082999189","49.8657727653651","51.3711985710066","49.2590972517727","44.4328874923008","44.3792254773084","41.9600293570548","44.1214011727956","42.0391463897831","44.3841340821958","40.3012587267779","43.7395619024567","43.8282189498524","42.1181532877512","40.4680028203034","45.1033979531562","48.4268922883234","46.3628933315502","48.8451804602907","50.5626797948186","47.9801749906289","42.1753871947677","41.4815620448195","44.5056735461382","45.8586045559091","44.0222547584187","41.5638318017918","41.6856992227365","41.5158807974567","44.407924945986","46.0472215701365","46.9925727505175","43.1618457707632","42.3330257661149","45.8101765842115","48.0127431667123","42.7455385003489","43.574909635642",
"Korea, Dem. People's Rep.","PRK","Imports of goods and services (% of GDP)","NE.IMP.GNFS.ZS","","","","","","","","","","","","","","","","","","","","","","","","","","","","","","","","","","","","","","","","","","","","","","","","","","","","","","","","","","","","","","","","","","",
"Portugal","PRT","Imports of goods and services (% of GDP)","NE.IMP.GNFS.ZS","","","","","","","","","","","24.1032027459726","25.0239050342274","24.8947173676605","26.2967225408219","32.8905904940464","25.5501820157125","24.0551876905255","26.0933760587177","25.3688997831401","29.5365987024567","32.7799907989288","35.2454878382695","35.0785566590823","34.3762429305548","35.2325419550747","32.2740855408107","28.0251804350976","32.2372887443144","35.5627111885744","35.4037057738293","35.8864150999083","33.8190413392617","31.8486069476756","30.5750843731262","32.043794086164","33.1447402882201","33.6613401675442","35.1508067548668","36.4992716296598","36.8323550925286","39.2483773924343","37.6546290635856","35.2348971843795","33.7717555904736","35.5375421117759","35.8603370144983","38.1896486771007","38.7519330104618","40.8146638437736","34.1989508086976","37.6616550692709","38.5960625767303","38.2176009968034","38.466555354947","40.0355784904498","39.9470092176377","39.1672575583436","41.8651136589341","43.0581149209879","43.1178629650595","39.2526255864686","44.3251180305463","51.8824642789839","45.9803767757157","43.8418780958391","42.7407881300597",
"Paraguay","PRY","Imports of goods and services (% of GDP)","NE.IMP.GNFS.ZS","","","14.6761133603239","12.9744480277847","14.3356915183083","15.751807056466","16.1425505093523","15.6273660131772","16.7714338280388","18.2015322500107","16.1209807664073","15.9429635998854","13.8391521068329","14.2701116895334","17.1589779606816","17.8540109956469","18.0385763468788","22.4413152663763","22.1146393337922","21.5560934139192","20.0499947364571","17.9768558563771","19.7584934331922","15.8866279404186","22.7525337833251","27.1268719669682","32.8492521646053","36.1112120796748","36.6922921644284","31.0751177537179","39.084810285023","38.2972506511046","39.6635463621252","53.6834560283207","62.2589721135421","56.2890468216187","50.2947656257756","47.4645233787105","46.9664849376138","34.7623356817668","35.3138037316551","31.963110050997","31.9664891095553","33.982706173801","34.4166219437055","37.428371542061","38.4404461267571","35.6262082643558","38.3392059478565","32.7447278132603","39.1176817490668","38.2532641803157","36.7694382578514","34.6562058018563","33.6193130643613","32.1804068260013","30.6160823269988","32.9108498634563","35.2160000894818","35.1348707907966","29.4895904898392","34.2667963783853","39.4736276112918","40.3200625134206","39.3808953481131","39.3000576076725",
"West Bank and Gaza","PSE","Imports of goods and services (% of GDP)","NE.IMP.GNFS.ZS","","","","","","","","","","","","","","","","","","","","","","","","","","","","","","","","","","","71.912918088137","74.3633483611551","73.2549272641952","73.0411192084685","70.9376075519937","78.7483611163139","67.1225890207715","67.3427079951045","62.8156814219022","63.4173387096774","68.1584149812083","69.725110716585","68.8704822093001","73.6643912168785","63.5437185379733","61.1350903446826","54.3748386097196","51.1634975550013","51.6029946594148","50.6514742332877","51.9167673359686","54.7185880736309","51.0957196827087","52.7244543650794","55.439710996154","53.4724370385502","51.9305678064861","55.7424485062676","63.9586757454802","59.1775735037644","52.7355480773433","53.5326292734358",
"Pacific island small states","PSS","Imports of goods and services (% of GDP)","NE.IMP.GNFS.ZS","","","","","","","","","","","","","","","","","","","","","62.7792668769607","67.8305474918696","60.7381707074868","61.597244187266","56.8689941141211","57.4057936450593","51.5359035979377","54.7763215089168","64.2052833283256","70.3355576964823","74.0873368642087","69.5104973345107","63.3290133779126","67.733249449656","65.1829272508057","63.3481717219523","61.6404945248269","60.3128233658397","58.3618635408873","58.9867346317291","62.9963489236061","62.1198010569831","59.6491074965492","63.148440024948","65.1005826313095","61.9512271558706","63.5779228645502","61.05538392018","68.1093870694114","59.5079106619342","63.6272731867093","64.1134949911816","63.7189691504008","65.4037591860562","59.5823916210102","56.6436848034359","54.1620724358874","53.6671087518781","56.1766033761369","59.9054860275609","49.7015886842848","53.8533532642869","64.9615020085046","66.9305982584643","64.6665525738924","",
"Post-demographic dividend","PST","Imports of goods and services (% of GDP)","NE.IMP.GNFS.ZS","","","","","","","","","","","12.6484466238608","12.6907186975055","12.9991124895195","14.5482681742636","18.0982419768201","16.5615733453873","17.3749659458497","17.4689721556729","16.8573212716547","18.7446909021976","20.2336384572244","19.4315648715069","18.6082428107516","17.7348008111755","18.2322650718548","17.7616028369088","16.6563824079411","17.1093543339467","17.4017173755462","18.1003788576734","18.5851038166646","17.8469802469851","17.7061490974913","16.9030053693976","17.7320291644833","18.9406128453528","19.6200774326884","20.4042004825886","20.453419722081","20.5376536641794","22.2793739665312","21.7343776810221","21.5106357759207","22.1266899652063","23.693610474515","25.1168704566963","26.8961998893923","27.8520160121129","29.3989425693161","24.5477744834589","27.2214110412462","29.6133118525195","29.3522114827004","29.5188244344355","29.4870872372651","27.925100859468","26.8927509470808","28.1096229683148","29.0749699940363","28.2069058191672","25.9058371074599","28.3882660893012","31.559758317392","29.1605351890702","28.6396179200267","29.2006990448979",
"French Polynesia","PYF","Imports of goods and services (% of GDP)","NE.IMP.GNFS.ZS","","","","","","","","","","","","","","","","","","","","","","","","","","","","","","","","26.8221569221007","24.0647812900642","23.5889490728346","23.6780433322519","23.9939763136617","24.3832022288022","24.8672443499672","27.7915325012631","23.5111987070844","23.2466396203025","","","","","38.4154876814163","36.3589985017265","37.0756587777864","39.1070531164029","34.9626429181304","37.66575344466","37.9997781375209","38.6031337765127","37.5458750721915","36.5275724349845","36.0167035606796","34.0038608344667","35.0207320734508","44.0354941009849","42.7137533727575","36.3334549622008","39.5356912545265","47.7092805835453","47.6042820228867","46.1474942154353","",
"Qatar","QAT","Imports of goods and services (% of GDP)","NE.IMP.GNFS.ZS","","","","","","","","","","","","","","","","","","","","","26.0893835257998","28.7094526102382","35.4123804367443","35.145096377886","30.1383557261676","29.5115635324583","33.5290599684663","32.0756620428752","28.1404977478502","28.5569105691057","32.1103314422216","33.5408684546616","35.5346363897672","34.6909788867562","33.7741683120367","43.3292833029505","39.7834788937409","36.1662289660539","39.9624966514867","25.6921815078362","22.3293011168518","29.0758145363409","28.1269507973441","28.4673663075073","26.2042038922363","29.660499349131","35.7531891467481","35.8368573604778","28.0705559342393","29.0092868820684","23.7506175279123","26.1019286002011","29.2739243592311","29.6653730820309","31.0362566094301","36.6461264070517","41.8337586290298","38.6051652911024","35.8965858065867","37.8575156222525","40.9002166233522","34.0531415378261","31.6152340257357","","","",
"Romania","ROU","Imports of goods and services (% of GDP)","NE.IMP.GNFS.ZS","","","","","","","","","","","","","","","","","","","","","","","","","","","","","","","26.1802074833897","21.5345523844095","36.1988323492337","27.9874025494365","26.9657170317705","30.6611830867474","34.3238757606892","35.0080980074588","30.8233151479287","31.3118578394381","26.9324410712586","29.8226275519331","29.6972184551935","31.9667919982326","34.8825424019048","34.8253288429032","36.9123994274755","38.7943276239508","39.0197013363802","32.4476813438419","38.3133421840234","41.0347475882739","40.8859610051082","41.1522495622465","41.8984310178575","42.1713831168849","43.4761931163147","44.8217903606371","45.3069789051814","44.5711596314136","41.3905053604534","46.3768092724597","50.4365455441284","44.1307348599346","41.6119570939538","40.7304740245655",
"Russian Federation","RUS","Imports of goods and services (% of GDP)","NE.IMP.GNFS.ZS","","","","","","","","","","","","","","","","","","","","","","","","","","","","","","21.0122164048866","17.9447376591121","12.9853414372542","48.2546028406102","30.4938487551746","23.1953336062219","25.8938941161638","21.8495126891282","22.527079880846","24.5510478117966","26.1733129859875","24.0334657318409","24.2173650683869","24.432851668898","23.8782872318208","22.1639613429458","21.5101825254241","21.0029264232898","21.5420622609236","22.072905707322","20.496959823666","21.1399447022831","19.9800379279369","20.2440700464294","20.441812574244","20.6902442110591","20.6559598687647","20.6636368626929","20.7856433573743","20.7876435683221","20.7953229819275","20.4447226915578","20.5837759257711","15.0566816178163","18.5695723352636","17.5620399669048","15.5069734394404",
"Rwanda","RWA","Imports of goods and services (% of GDP)","NE.IMP.GNFS.ZS","11.9123804318216","11.6194538637101","15.1207836432981","14.9509729577775","14.9026970592629","20.0060811183992","23.6240608676555","18.2075624524854","17.8843109721997","16.959043772934","17.9963295023679","19.9276543605665","19.2028137627284","15.8799230138328","25.207904904644","20.9085563887102","22.9121319026498","20.8621935269859","28.1153504324222","26.8764600994345","31.165440753497","25.6991081794347","28.52924765858","24.5228292734103","23.2296117167223","23.4931969008945","23.8087584103086","22.6117496644203","20.7949627084546","20.4230815629366","16.62051803706","21.329011802415","21.5743341274259","24.2213245524128","76.5407529263502","30.5030893811398","30.9488153356308","30.3244041314215","27.4175264464375","25.8951483455436","26.0605265315311","25.8836469244482","25.2592109797978","25.46211448521","27.1811723413839","27.8453189715103","22.5308231761169","22.5695332921532","26.6050169728097","26.7248111757171","26.8894195155699","27.3771962288135","28.9097801998414","29.5890669794532","30.4242341265165","32.3482504575115","34.4717862593264","33.4748294357797","26.3474458507083","26.8622697163352","25.6828611034626","40.5150058536374","39.1599288943001","43.1919779061295","43.2655768779151","35.1186182959686",
"South Asia","SAS","Imports of goods and services (% of GDP)","NE.IMP.GNFS.ZS","8.18011133457054","7.50068038818998","7.43007281377421","7.17883700082727","7.07377419755566","6.64105273285193","8.17042975398541","7.43291950988914","6.41015143556646","5.711732108361","5.8360183777534","5.57544456860247","5.26431119745081","6.09471899506097","7.51790200687318","7.97631996741933","8.11854310439954","7.63390140525597","8.17223478737204","9.841129756921","11.1501944498051","10.1483651075949","9.85077661481288","9.37678176093797","9.15723531270899","9.07093596419072","8.34740261828209","8.24990741287399","8.78493256657881","9.47113851282713","9.81392096770594","10.1014057649401","11.1447953951091","11.7355182603511","12.0607952060015","14.0566866652252","13.4893454679396","13.8056159121604","14.4404737388994","14.9821130541369","15.753709627247","15.2591891675932","16.5126363167877","16.780509717869","20.3919434702567","23.1724136131981","25.192435853388","25.5970257867317","29.7682774949673","26.2442274943255","27.0330341406271","31.2407989331273","31.3907898284868","28.6129566440965","26.3006109313898","22.7508562597119","20.9940038296642","21.8895811586709","23.7264093335115","21.434452889977","18.9934790004019","23.467298542821","26.2150835948541","23.4953036147455","23.2348822989562","23.4649237331428",
"Saudi Arabia","SAU","Imports of goods and services (% of GDP)","NE.IMP.GNFS.ZS","","","","","","","","","24.715255368245","24.9425757933987","21.5637656004628","17.917299996898","18.2719193129619","20.9154573676991","13.2021635569671","21.7328146842521","24.2515712135965","32.5610562822871","41.5976780236815","34.2439444802068","27.3003630012733","30.0931874802484","39.1183513726505","47.6766124117162","45.222484213323","36.6424141284764","35.7862865660518","37.1325923640907","35.2028173872001","38.0773808690294","31.3732478292946","36.390899397386","35.9852277198409","33.4541584247889","26.0703632736108","27.7038858462799","26.6309991231776","26.0294690234163","26.4560108137963","23.1795778305815","24.7611797698264","23.9268894565803","23.6439941380154","23.977021521626","24.0975055731163","24.9033329514589","30.1126964323542","34.9258769574815","33.9911288411164","37.7697209090451","32.9799704964413","29.0860881073216","28.6208309025235","29.8789849870989","32.9042652949498","35.6651376146789","28.7785737995774","27.169441258704","23.5819273071372","24.6346155115383","23.7233476988295","21.728264937195","20.839154879381","25.0415071647045","27.0169346216948","28.1733498505598",
"Sudan","SDN","Imports of goods and services (% of GDP)","NE.IMP.GNFS.ZS","13.0035696073432","14.3494598403006","15.0486486486486","18.0446333687566","17.9354571783202","15.0456530369194","13.9485393693171","15.5440414507772","16.8435467305717","15.4049432613089","16.4091344181594","17.1812248995984","16.6666666666667","17.0228651423238","20.7254261878854","22.7045373347624","19.142229439297","16.6283700980392","15.2141320644026","19.3556422818235","23.2355503920999","23.6276809930282","24.4107744107744","21.2165395543592","16.4925378628911","11.8781442146451","8.20435583916292","11.135611907387","7.69986007282398","9.34225345533624","7.0680481287838","11.7367912276762","14.4249364721886","7.23600815199434","9.91957757940122","9.80295651611933","13.869569574461","12.5149599752666","15.1730414800744","16.9349609950776","13.4196774022208","10.7328277603943","14.2159787676178","14.1876939487906","16.1319456818282","21.4127695588256","21.1076683171102","17.5028020373943","16.4756662014213","18.226680340458","15.2527036042897","15.0336329952659","14.9997218879992","17.3516333336233","13.2361978812986","11.9553619254684","10.2771788829636","11.7192455714973","14.2177167427683","17.666637037634","4.82983238157553","1.87767821048496","1.12767260530269","1.36562018959182","1.27448191209378","1.27888825694147",
"Senegal","SEN","Imports of goods and services (% of GDP)","NE.IMP.GNFS.ZS","12.580734944822","16.4950719531518","15.9393310859728","15.8439440159478","16.0345412301609","14.9329196194838","15.9570191062237","16.1666217473587","22.0698159507839","24.2320381386269","23.253211090776","24.3535066945667","25.7346145531377","28.4406841732121","36.0996753711791","30.8312081306223","32.6400616116536","38.3382305335616","32.3191726706538","30.9602045132199","33.1912274280417","44.503320680229","37.4855213672661","44.8343479190228","42.5406770598128","33.8993069624079","28.2637440715601","25.0646103723579","25.6067520167705","26.5734864809826","27.7331623148111","26.6671702962509","26.4677904717558","25.2202533532733","33.5166955140876","32.0685440082688","28.1882673232962","28.908389789963","29.5137089119744","30.4810047531599","30.9159401250653","32.0198979604711","33.5274194123132","32.6031932096043","34.5575402517628","35.0966059982472","34.8841531648922","38.7169161277572","41.9154685560613","32.9134243244516","32.4766163687996","36.2733297133058","39.5009295824637","38.2770240497678","36.6642322347768","35.4331431725293","32.5473111109457","35.8535416664158","38.8407480009875","39.253116408714","39.346318758136","44.7363918727061","52.6982577949171","48.4878187033086","42.7542018877528","38.580837965299",
"Singapore","SGP","Imports of goods and services (% of GDP)","NE.IMP.GNFS.ZS","176.480949290813","156.978681590977","148.523306843791","155.728017087932","132.946076282332","134.304196272959","130.499940412347","121.64173197182","131.140592063056","141.572038651526","145.032571904819","139.83318662607","122.314298447418","127.392358305437","164.493352245273","146.448680501431","156.41921164536","164.224738889025","169.163567354151","190.33309367491","208.930559421097","201.595611491829","187.184678586983","166.281465132167","156.659413760712","151.922531006196","146.095513380139","161.035137597559","175.153044132482","168.276992586672","167.139673411139","155.341800903456","149.586317507495","151.765620165211","150.023188580912","164.338323023735","159.268050895143","154.567536007275","145.291685165837","159.73983350712","176.013630183467","166.397924985207","165.659895919145","174.632357911778","187.572017095863","195.270845183643","197.325782481957","181.509078187707","208.332943955938","167.347876817714","171.686594994619","175.770922728001","172.493352911906","171.963983710876","168.513783378732","151.08679044058","137.542548284574","144.427917894082","148.012770521334","147.45104630445","149.900578206446","145.373954861844","145.236260954071","143.271207083937","138.643522676429","142.454541263325",
"Solomon Islands","SLB","Imports of goods and services (% of GDP)","NE.IMP.GNFS.ZS","","","","","","","","","","","","","","","","","","","","","94.9019121186545","94.9019091790746","95.0205383690745","95.1273014447113","95.1273044611125","95.0617369678947","99.1907925676129","100.718295856216","130.321491747619","131.412605679792","96.06554700235","115.425305015011","96.2221752254049","102.534778639095","87.1873248334239","69.1735684917773","53.6537842667554","55.590450030751","42.6131741691191","32.6961827079631","31.4525695251561","27.5749752472957","23.6117398425995","33.9588987804206","37.9312042946836","39.2724996291249","42.7261542364525","51.5995659247957","52.6217496334819","42.728551350452","60.9971731717478","57.0957426167952","54.9124295873126","53.6749279587151","51.1170772450744","47.8279322756093","45.8211540708853","43.5183490568565","46.3685887457309","46.5015635980743","32.2818976559558","40.8645385113232","46.7035639485768","64.8752251779045","70.7844658806318","",
"Sierra Leone","SLE","Imports of goods and services (% of GDP)","NE.IMP.GNFS.ZS","","","","","29.516275678501","31.2816517335411","31.6181953765846","31.3143309580364","26.8477861490161","25.1926888350584","29.2810399741443","32.3865967108528","29.033807480633","23.403643642791","26.1334717506182","34.4712481783321","28.926443754305","26.7297758355261","24.0078495229745","27.0856643833747","38.2172219818261","39.738430583501","25.9333125584294","22.0350727573157","12.4052024180253","16.6093928980527","15.0101419878296","23.188857244571","14.3914885407809","17.670776605096","34.0007724676275","28.9946736238024","32.9019320300008","28.5772895317682","25.6485211517826","26.4408140548086","32.15029605726","15.0783293728258","21.2711173592992","19.921272099786","39.3951193404254","27.9845131823208","30.2491957804677","32.361200569403","29.4903343681381","29.7218019749559","12.5778402060443","12.7590916050931","13.4931258862752","15.0667211601616","18.0618161080087","34.1871551538262","32.7895113788429","34.4241556482598","30.9043865638971","25.9974388234853","28.954963320957","27.6707333162304","26.1386343633649","27.8678121639067","20.7226317347753","26.5958766638268","28.2737347461691","34.3231384251881","23.2797967049279","28.2050101250856",
"El Salvador","SLV","Imports of goods and services (% of GDP)","NE.IMP.GNFS.ZS","","","","","","28.8110103449847","29.7788105688958","28.6580618725671","27.103467447367","25.7937869258624","24.5489531476185","26.6145078069673","28.1264837147469","32.98297187864","40.8312723605542","38.2162474674518","36.8168761138318","37.4729729853764","39.5299172623691","37.1412744148143","33.244916933735","33.5878020721633","28.4703372342539","29.9092833859779","28.53653595502","29.8867720357441","29.0459604134325","26.102317967114","22.2850224827441","23.6905076472332","31.1186403671826","30.5276575266685","32.5423302679381","34.1549873469171","35.225925673205","37.8062530767527","34.140868831963","37.535256223719","36.4857048487858","36.5940881748165","41.8828186786415","40.8814464794137","40.4060013216952","42.3135617186615","43.8760536948454","44.4492447952102","47.5158891717381","52.05402148515","53.925386767807","42.1199866830439","46.5906183461333","50.2948661442788","49.077510444844","50.7262984426328","48.5515505143743","47.0740977138215","44.3605028722982","45.2748868157855","46.69924310697","46.0861034911466","41.9327086708139","53.0635805908039","56.2676438832499","51.0204099872994","53.0227154854696","56.1114968872001",
"San Marino","SMR","Imports of goods and services (% of GDP)","NE.IMP.GNFS.ZS","","","","","","","","","","","","","","","","","","","","","","","","","","","","","","","","","","","","","","","","","","","","","","","","","","","","","","","","146.911331622242","147.07792198002","145.071643895376","142.890456277367","143.267533922626","140.424471394258","158.155891066268","173.023722527444","154.990602838686","","",
"Somalia, Fed. Rep.","SOM","Imports of goods and services (% of GDP)","NE.IMP.GNFS.ZS","17.1450567127357","23.0825243807754","27.5140777542296","25.9731572279907","30.4360884574841","20.6387559655582","22.5739825935596","22.2531297131305","21.51855","23.6511898055583","15.5178966131978","18.9984170995045","19.1281331293599","28.1731016874561","32.658945060533","25.2422922002425","22.0907059494708","59.2151144186047","56.1467655045872","75.6371816138008","88.6454083155527","68.3532813928183","68.0361344646354","72.535514702952","61.1472537419883","19.3223732203002","29.8350673053771","30.9336243384746","21.9041149348436","41.5157025741336","33.5606892440908","","","","","","","","","","","","","","","","","","","","","","69.0212460407427","64.7231302031399","62.5381477394163","59.6077634074256","58.225604612142","55.6291480514478","59.6087895338499","57.231977818854","62.0421882243857","62.9442159654118","73.0765461138881","81.1826975725497","99.1142308013704","98.8149470599555",
"Serbia","SRB","Imports of goods and services (% of GDP)","NE.IMP.GNFS.ZS","","","","","","","","","","","","","","","","","","","","","","","","","","","","","","","","","","","","7.72277695902654","16.805386888619","19.8887373854718","21.8200682811574","14.222375921494","12.8661104592493","34.1762307521383","35.1128705305131","36.2353747187669","47.8074066398619","44.3884440972659","46.5624697678669","46.4672309035718","48.3588355576764","38.1571490444562","42.7206354224281","44.0257844705004","47.6521072254263","46.1049842143018","48.0583349476172","50.1430257911082","51.2370236043431","54.6079901254341","56.8935027873898","58.6163138900993","54.2193732166053","60.0018978032927","71.1751247845415","59.4174548307005","58.1412616798937","58.6104052058788",
"Sub-Saharan Africa (excluding high income)","SSA","Imports of goods and services (% of GDP)","NE.IMP.GNFS.ZS","","","","","","","","","","","","","","","","","21.9382088954969","21.468112847025","22.5833825715125","23.1930876199048","24.8227948402361","19.5327973978236","18.0914402469479","17.7531697024978","19.6924646463251","18.1662763558607","21.4831661383019","22.1701198328763","22.6971024487349","22.8318150146486","21.0230717391411","20.4644383416198","22.0619597310516","21.3561427196895","22.7489608268256","21.6878352798717","20.2303207158579","19.9702684349788","19.7638872502696","26.3208018312995","25.9256068090657","26.1255166566519","25.8656817197129","25.3924195609404","25.7065531628529","25.9705990350624","25.5495071704492","27.6845952705833","29.6684873906744","27.3502322739936","26.4923246519071","27.7206797473338","27.9139449548038","27.4812387797756","26.1931133003802","25.5107026394024","24.9613091137078","25.0297854896873","25.2955052182591","21.707565902443","20.0884084165319","22.241848222666","24.7020873949211","26.2525245191723","28.5532626337698","27.80414145306",
"South Sudan","SSD","Imports of goods and services (% of GDP)","NE.IMP.GNFS.ZS","","","","","","","","","","","","","","","","","","","","","","","","","","","","","","","","","","","","","","","","","","","","","","","","","31.2392372104884","34.5214499586058","29.5089655488059","27.1507393796766","28.7877590362221","41.0704887322407","26.2429005140531","28.8999999040295","","","","","","","","","","",
"Sub-Saharan Africa","SSF","Imports of goods and services (% of GDP)","NE.IMP.GNFS.ZS","","","","","","","","","","","","","","","","","21.9331458866302","21.4649450183713","22.5814608948496","23.1976922328578","24.8204350867109","19.5287917662915","18.0946773579931","17.7562842329742","19.6948118253594","18.1780392679584","21.4906016071595","22.1721691257828","22.7148257295831","22.8492623720279","21.0417946915396","20.4759352272886","22.0775440224027","21.3883903158853","22.7633314919161","21.7020818920263","20.2804454093648","20.0058540588706","19.8082529427078","26.3899573058294","26.0127464619926","26.2632126693487","25.9700778353001","25.4754876312127","25.7773271635049","26.0590584974751","25.6327001300476","27.7433558104756","29.7304693891147","27.4128305531333","26.5462066224086","27.7745218056386","27.9720582204517","27.5357618005673","26.2594272965561","25.5740453319428","25.0384477060725","25.1142038463901","25.3731102811918","21.7749668643546","20.1387281538603","22.3005406575456","24.7721178029456","26.3316036253474","28.6331255603768","27.8779985168193",
"Small states","SST","Imports of goods and services (% of GDP)","NE.IMP.GNFS.ZS","","","","","","","","","","","","","","","","","","","","","","","","","","","","","","","","","","54.8768278233975","56.1871687841558","61.3365368243208","63.5500192982219","62.0639179354153","62.3384756563575","59.5063314246209","58.4266116161188","56.8594895466118","55.6412201750868","54.1064686498367","55.7695232514102","56.4768462528917","58.8238246733745","59.1629204002951","60.3444215208348","54.8332395448971","57.2616041014079","61.6463902924264","61.8560652361986","62.2053979422262","60.3049445094789","59.0207606439955","60.6402012951719","62.8646042334757","65.6092275785345","66.0082933262159","66.058800739482","71.4049415840418","76.0164986317901","72.7035874760743","70.5593975326483","70.2110435964071",
"Sao Tome and Principe","STP","Imports of goods and services (% of GDP)","NE.IMP.GNFS.ZS","","","","","","","","","","","","","","","","","","","","","","","","","","","","","","","","","","","","","","","","","","","","","","","","","63.4791634772091","62.3814707045343","73.8626043038483","75.0630923057109","72.3421687989932","67.3410573467489","85.7432558995312","78.9514417903622","68.4709277184423","65.7917491700112","58.166502996302","50.8552363527341","38.0539590933967","42.8380761574694","45.3197428301793","32.7307765511991","28.7167044552041","33.3049760687217",
"Suriname","SUR","Imports of goods and services (% of GDP)","NE.IMP.GNFS.ZS","","","","","","","","","","","","","","","","","","","","","","","","","","","","","","","","","","","","","","","","","","","","","","","45.4204829308909","47.2522019600546","52.2581975665086","43.7958262831359","38.4140748770116","","","","","","","","","","","","","","","",
"Slovak Republic","SVK","Imports of goods and services (% of GDP)","NE.IMP.GNFS.ZS","","","","","","","","","","","","","","","","","","","","","","","","","","","","","","","32.9210370028542","45.6614309434176","68.9150660004401","58.9660246302502","52.3590879522413","53.9163550193964","61.9204724259741","63.7674607198646","56.417186139942","51.1277537787617","55.6339961270251","64.6706220116446","63.5007821368864","63.2227097144907","70.8779633799851","76.0753204676849","83.711856062905","83.2027826349668","82.2600055764106","68.6182956025341","78.0274155953488","84.5450241871604","86.0600955080503","88.0241142496093","86.3163071119859","88.7321732758884","90.4456925866891","92.692270525658","93.8061320518596","91.8785221191079","83.2358298718319","91.2176227259784","104.988825139001","89.8973162239414","85.729301195507","85.2478669923037",
"Slovenia","SVN","Imports of goods and services (% of GDP)","NE.IMP.GNFS.ZS","","","","","","","","","","","","","","","","","","","","","","","","","","","","","","","65.2131618177878","61.658207861116","46.6581526635057","47.8859742774566","47.9870805366143","47.6451665433895","47.4590470196594","48.7846131213189","49.383325378787","48.6536290352206","54.1607801015593","53.3172388153655","51.9388053692256","51.8002139393991","56.9289185128662","60.8859812460752","65.2830726480487","69.4986468322083","68.7511760753667","56.5194773849398","63.765747302319","69.5494096562379","70.1111005422282","70.2098430668378","69.8192572845302","69.5541975738436","69.8018614128279","74.820155682477","77.0448569241837","75.687217335396","69.2772085932473","78.0887857232485","92.3308168499054","76.7213955695369","74.740539192438","73.2758980628106",
"Sweden","SWE","Imports of goods and services (% of GDP)","NE.IMP.GNFS.ZS","21.2481798850008","19.6685102445719","19.3971975998352","19.5128399559143","19.8499758105214","20.4416147259659","19.8921729965639","19.0346225370403","19.5713778840586","20.8907542100973","22.2683909938367","20.9313450435658","20.4760954329171","22.2494506291926","29.7701913026753","25.5936222765601","26.4783870142443","26.23304826206","24.5553057780925","28.3565970410103","28.6237593006383","27.815411470526","30.4432190392706","31.1314506585451","30.3825666248162","31.2260144852833","27.6649372675505","28.4943138022209","28.4405861081275","29.3557886848846","27.8063857257316","24.9101313834144","24.730307457291","27.6306297270615","30.1376709836896","31.3412260997789","30.3799543776886","32.7632651207802","34.2044933729644","34.6710916432535","38.2267335056201","37.6696753093281","35.9236498661188","34.9921337375667","36.0169512517047","38.8363060434344","40.731913626917","41.8229027500389","43.7942694198751","38.4991885106953","40.2144550183387","40.9766258360399","40.464492501668","38.9039773181224","40.3642486526362","40.4616141676452","40.5144007206336","42.1515616878618","44.4678627588174","44.4624806477579","40.187218660823","43.626000413455","52.7996884678965","52.4238314737936","51.4703526317996","51.1066068253172",
"Eswatini","SWZ","Imports of goods and services (% of GDP)","NE.IMP.GNFS.ZS","","","","","","","","","","","","","","","","","","","","","","","","","","","","","","","","","","","","","","","","","","","","","","","","","","","","","","43.3963782014317","46.2993493364779","43.4033184330972","44.0715568407052","43.723843013338","44.6206572274169","41.879310331856","40.4108252252354","45.3188173110744","48.076193408446","51.2235887477672","53.7247291821506","",
"Sint Maarten (Dutch part)","SXM","Imports of goods and services (% of GDP)","NE.IMP.GNFS.ZS","","","","","","","","","","","","","","","","","","","","","","","","","","","","","","","","","","","","","","","","","","","","","","","","","","","","","","","","","","","","","","","","","","",
"Seychelles","SYC","Imports of goods and services (% of GDP)","NE.IMP.GNFS.ZS","","","","","","","","","","","","","","","","","79.4923344137639","70.9130170316302","67.5948217888366","66.3579848616454","63.0082515857918","56.5933165372169","62.1915690998164","56.2353699756162","54.4451745755137","54.9712646395987","47.7291239148476","42.6811959762743","52.6910943907404","50.7980363815224","47.4825407465018","43.2145085843049","41.5043789749624","47.2639744606282","39.8348213669829","43.0775100413928","70.743626455548","56.8369317755863","59.1739932718766","65.4306446716188","76.9799782501566","97.3711501648011","80.2505894259036","81.3158517342573","76.6592321082362","93.9942008534583","94.4858968909654","88.0847364723994","110.707558115675","116.546916772014","106.795741372303","112.114625869829","119.131027950258","101.814701587263","114.173720268192","97.3903842075545","95.5159309851078","103.532664131629","98.6631327999028","91.0515782587732","86.9366420475376","103.50694354147","100.625462443946","98.3359751650734","95.2950980513264","92.6685633001423",
"Syrian Arab Republic","SYR","Imports of goods and services (% of GDP)","NE.IMP.GNFS.ZS","27.7995883386008","22.3827703320679","21.5634032709856","21.1707716043305","19.2080913713605","17.0400004677167","22.989758750206","19.1531245138261","20.518225279223","21.6902412446382","21.0588235294118","22.3386996131287","23.6996098829649","25.7681776696075","33.7456610918271","33.9661115696461","34.2932254802831","40.661903527931","31.2266510234956","36.0060553189306","35.4359274429491","32.9704912051325","24.9302203872769","26.6731249403064","24.0012210984577","25.4430759987984","22.2469054266358","28.936200200451","25.9982692545432","30.1002431878674","27.950866104171","32.0739880088842","37.6315152167478","40.9039165689841","45.3925204652826","37.9368623845177","38.0882005972292","33.8022369492294","30.8956738238256","31.991644406245","29.1688683229017","30.7220843081884","31.7103327385983","29.3392157428621","37.6659682441159","39.0906609975086","35.1937649657417","37.7849566129827","36.6658906615355","30.8844235970824","31.843378069124","31.3267640239015","27.6540725102336","36.9272368113289","47.2486429493624","36.7951069230783","45.4318404760268","41.7111781840868","35.7420774198957","28.9894026254051","30.0023561798712","44.0511918088493","28.6600525880316","","","",
"Turks and Caicos Islands","TCA","Imports of goods and services (% of GDP)","NE.IMP.GNFS.ZS","","","","","","","","","","","","","","","","","","","","","","","","","","","","","","","","","","","","","","","","","","","","","","","","","","","","","","","","","","","","","","","","","","",
"Chad","TCD","Imports of goods and services (% of GDP)","NE.IMP.GNFS.ZS","17.0375686252555","18.556775859601","19.6289542139071","19.2119944176395","21.3294525175663","17.8130385810753","17.9632192439716","18.1641318140821","18.6850288846879","17.6988744157762","22.0497309462148","21.057628858387","19.3840592629413","23.5002533452091","26.8037366905997","25.8506115276987","26.3842254852711","28.372613117259","27.9675691694528","34.6376286317684","28.8656767448269","22.6613186665228","13.4948261267006","23.5415292428912","24.0530315244916","31.3270302872943","35.3757947107733","36.4324781231966","30.1042396044278","31.4086673592213","27.9068151919115","24.3979082594605","24.8138136398185","29.3238872199697","34.8827493557535","33.7675390253098","29.0665239467346","30.7692650574492","29.5673568329616","32.1897469932452","34.6810755816349","49.6561204958082","113.660867253469","58.7459480529834","50.7597328648482","32.9851446424786","32.3057543891226","31.6372017327033","28.9963877143861","31.9825995508377","29.2928157140982","24.8810892794746","20.9871881978671","21.3793122592074","17.6725910245326","20.6030181442288","21.35002857974","20.1044456150142","20.8936505206894","21.7092677493188","19.3559706286102","17.6631548052497","16.2530343175185","17.7610595151764","16.8703726440801","16.7180920306513",
"East Asia & Pacific (IDA & IBRD countries)","TEA","Imports of goods and services (% of GDP)","NE.IMP.GNFS.ZS","6.07055040847809","5.99304473918391","6.32716090908848","6.69187783221122","6.46170442149484","6.43369203724253","6.55629406711352","6.66669938108903","6.97659512731878","6.40375408957248","6.70736605756645","6.49588821401748","6.97493639758909","8.63568399673765","11.9702304174191","11.4560683653694","11.6845699383166","12.0168907343424","15.9031079385226","17.4479310589937","20.248676871811","21.4101985396488","19.6609326275812","19.7276678085907","18.3340534970752","18.4208670240256","17.0719130583456","19.1361380095733","22.1520770408903","22.4315021356738","23.0520074156077","24.8130702073363","26.0150180759627","29.0257489792228","28.8026718121541","29.3963104495915","28.1024156311161","27.4190982413656","24.7513814945102","25.0182645034935","28.8570155714375","27.5404763437766","28.2807940944241","31.1312113877731","34.8997190572929","35.0987212094693","34.1246267773311","32.1267422580621","30.6409875245258","24.5868699242689","27.3224428902381","28.0225127663299","26.7417241126001","25.9021603186543","24.9169015628678","21.623022416748","20.7651725092679","21.6403848339883","22.328368970691","21.2377771020786","19.4325476847744","21.0617442480978","21.8576172698192","21.4416655184739","21.9967670881081","21.8274922508322",
"Europe & Central Asia (IDA & IBRD countries)","TEC","Imports of goods and services (% of GDP)","NE.IMP.GNFS.ZS","","","","","","","","","","","","","","","","","","","","","","","","","","","","","","","22.9763891002642","17.5630903191868","41.6769799373045","30.7194043913592","27.0796365459662","25.9012571081941","25.3477466319299","26.810058512923","27.759180507176","27.7202821264926","29.2412956011548","29.6335459839541","29.869328788704","30.6995680714874","31.0547613910109","29.7545157506332","30.5759243623692","31.3535268479114","32.0426907438517","28.7146955695308","29.6061521995582","30.3749929844989","29.9387485027547","29.6595617199338","30.0788975880374","30.3518451856065","30.8832680511579","32.2704727244383","33.567583663688","33.0640915260239","32.3307399148278","34.567474599494","34.3467780045458","34.1939875406011","31.5489060116434","29.7382563981368",
"Togo","TGO","Imports of goods and services (% of GDP)","NE.IMP.GNFS.ZS","","","","26.5432098761198","30.9895833340039","27.1264367817972","25.8003766482085","22.8070175440122","24.0400667774797","26.7241379310433","30.529172319723","33.699633699591","30.7077625572534","27.3230088497616","24.6365723030787","45.7521434138979","41.746148202643","45.3791469196597","65.254237288113","61.0902255640564","61.4093959731791","55.7364341084484","65.888023730259","52.0134228186266","51.9757807520523","57.1386861313205","55.6886227544979","50.7725093233165","50.958505217136","49.1890639481256","33.52332208914","34.1859342103835","28.681543928885","25.238078372817","31.7437390818577","32.8444453185064","34.4611045912819","30.7265559645049","32.6664565453381","28.7690951153571","28.6513437076176","30.8846261720298","30.1714237872832","32.1603776857051","34.2967324862107","36.271641423858","36.565164015152","37.1519938654568","36.9811269015349","36.349025723283","39.0720400598684","46.2376683597378","42.724024374095","48.0366695470608","41.7767536570887","42.4175080098299","39.7135422457229","32.9067828987617","33.2436897995647","32.4331342888704","31.9956925911872","33.2432620159071","36.5658819103448","35.3471259066848","","",
"Thailand","THA","Imports of goods and services (% of GDP)","NE.IMP.GNFS.ZS","17.4152151604688","17.1100956964585","17.6494174146446","18.3750834140105","18.7752098418968","18.0611430619429","17.9458689900019","20.211460099104","20.681504373308","20.0606046686028","19.3819539327746","18.8129073702317","19.1840095528466","20.0463758043811","23.9555868691652","22.9749434073003","22.7050501184421","25.3776947018713","24.1132726658406","29.2968337778439","30.3676178240556","30.1212848173021","24.6304221770109","27.2732896750569","26.1678823364675","25.9415990492766","23.5690579812313","28.333973501184","34.4015020381158","37.4854054733393","41.6504361196591","42.5068254603993","40.9821700245894","40.9288275572971","43.0068390849776","48.2238298715814","45.2557278008642","46.8147319390868","42.3031708884277","44.2677458429596","56.457704612787","57.01727651688","54.3239904200966","55.1702680716755","61.4400163812742","69.4511499313604","65.4116041579669","61.0009518194692","69.0205934338244","54.8308063628242","60.7643494790272","68.8204978444147","68.7237028804414","65.2911331011204","62.5113602831802","57.2029718819397","53.5043433198287","54.2185949672612","56.0037678316517","50.1706240932801","46.3236229706734","58.7103597385762","67.479626286528","63.2787714156634","66.0523066719304","67.2655883991896",
"Tajikistan","TJK","Imports of goods and services (% of GDP)","NE.IMP.GNFS.ZS","","","","","","","","","","","","","","","","","","","","","","","","","","","","","","","","","","41.641444856165","48.3044554455446","71.9328080229226","80.0647859922179","94.1721343110768","58.0317955720277","67.5092936802974","88.5990933004981","78.5162649192605","75.8747370604094","73.7388163145293","69.5928526259465","72.7527544195598","82.9976861770503","99.6688638280591","80.4653526853787","61.5071381826114","58.5540188852597","63.336559021785","65.8986646609389","60.6555992268361","45.4370684156367","40.1351176394431","42.5243154353964","38.8575649925583","41.470632937044","41.0650766403151","38.4247894490479","47.6440075467741","49.082387543926","48.4428635765939","47.8772838528243","",
"Turkmenistan","TKM","Imports of goods and services (% of GDP)","NE.IMP.GNFS.ZS","","","","","","","","","","","","","","","","","","","","","","","","","","","","","","","","27.1186440677966","38.1875","61.372255489022","85.302752293578","84.2065950920245","77.9354838709677","64.6714671467147","66.59521257592","54.7993019197208","48.3438636798775","40.4936901955346","28.2935455349248","30.5950677552395","29.6261175833108","23.2853703600022","17.3311160052137","19.5","37.3499090357793","57.8691569318359","44.6108742736397","47.7256652463542","49.3759176994153","50.4104198258036","46.9446444809906","39.2499858737899","36.4307942777247","26.8641216043151","13.0574125834916","12.9668340639095","13.0366842455937","12.6315263036323","12.634844542945","12.5040832955447","11.1619622404447","13.6954291597467",
"Latin America & the Caribbean (IDA & IBRD countries)","TLA","Imports of goods and services (% of GDP)","NE.IMP.GNFS.ZS","11.9356103322645","11.0591651788617","11.519681605751","11.9968141648771","10.6009560563414","10.0166199580545","10.3806290458235","10.4510705444743","10.934009171733","10.9544752399717","11.0719950322509","11.3580456939309","11.517155566126","11.3858395106489","13.9955322831315","13.7871391107148","13.3953250134269","13.874804565849","13.4161006896315","14.2993557352724","15.0093018638278","14.5367999910556","13.0746096727636","11.6056391583379","11.5979712862383","11.438970976796","11.8943220093904","12.1246452432928","13.5568499232008","12.8195716732583","13.7599016398743","14.632949668019","16.0782813094794","15.18457630814","15.7892890934595","16.0775443474269","16.5433432688874","17.5391766294188","18.1716044310354","19.3335683040875","20.3436854130174","20.392381274838","21.58009201492","22.2284884457419","22.8148169598871","22.1538959595575","22.0873265788325","22.025601067652","23.0297217329492","19.2794065838874","20.2362527412516","21.6034435016817","22.1241279639513","22.806942895984","22.3157409993727","23.2911073091256","22.4937697510901","22.1542611337845","24.8600976445478","24.6807346891439","24.2310624161586","28.1833121686087","29.9799658255392","25.3872215446758","25.8020418996011","26.3536114347648",
"Timor-Leste","TLS","Imports of goods and services (% of GDP)","NE.IMP.GNFS.ZS","","","","","","","","","","","","","","","","","","","","","","","","","","","","","","","","","","","","","","","","","165.030389102057","157.771368443016","172.599298549064","115.445893282163","99.8563883368272","67.534785016484","89.6464110020353","118.763939414372","125.904346426252","148.520120978714","125.835888112304","134.360557433777","121.377668443116","74.0495314486196","78.1639783267447","57.02661363793","57.1541988775619","56.2257394636712","61.8876513619701","49.3999263191702","48.0840963587117","36.3472129000625","42.0091735339143","66.3815546278449","84.8909504280014","",
"Middle East, North Africa, Afghanistan & Pakistan (IDA & IBRD)","TMN","Imports of goods and services (% of GDP)","NE.IMP.GNFS.ZS","28.8969399840281","26.8630128796258","18.8250455254517","22.2499149183305","21.8043386956215","20.3162900365815","19.62703944309","19.6673801691607","18.806531039917","19.0566049900077","20.0533267632443","20.4336910823303","20.269699805827","22.6321711166847","27.6752126141424","36.4974076205082","30.972603075682","33.0984382870608","29.0482429462611","26.9420108938163","31.2639575848056","36.1925527153699","32.9900399017371","28.6875866413365","25.3063483872173","23.4374032074014","19.3812750390379","19.6601859060437","23.5815552836051","26.1781029326474","21.7277905952182","30.9373561637626","29.7037478918302","30.1229627463517","26.6859966463992","26.2001428206571","25.208655733792","25.8920061566491","26.0924084521679","26.0720054356352","25.1804790478009","26.3040131376902","26.991653827616","28.0353745407275","30.220697533342","31.0446217228447","29.5125199316222","29.4395240299763","31.9776849572912","31.3999017104618","28.7938223020131","26.2024983819892","28.3796100209553","29.1045075226814","29.0474756541356","27.2827038910758","25.2362879201419","27.1837092311888","29.565335574109","29.7161829802831","26.3157702413192","26.0866394827455","28.8348210502422","29.3686004258343","31.2865880527163","34.8145379080342",
"Tonga","TON","Imports of goods and services (% of GDP)","NE.IMP.GNFS.ZS","","","","","","","","","","","","","","","","70.8181814520838","56.630510846746","57.1772409693733","67.8725132511875","69.8031236939771","67.7185555769354","67.2451673651755","64.6250388116288","69.1706508385263","62.9550204204286","72.2307495523152","69.8758098822791","64.6055711309447","66.7491848326804","62.8056935779131","65.0955448639539","60.5587706811658","48.9888541068663","47.5494339228883","45.7748544622495","54.1602908214198","57.7137830096376","50.9899989581865","58.7036569740237","45.024913018519","46.294089091012","49.0397399473767","55.5811001477704","53.8282272586825","54.4091772238406","58.3662097499947","51.7948139674165","56.0099933911542","56.6665933499945","60.7194959387873","58.2971046797666","62.6049460477049","60.9159629284826","62.4279473462678","57.8033848901132","64.4320847085614","63.2716137357323","65.8673566030488","64.8925524053341","65.8120846875363","62.1443743951103","57.4647379396868","59.3638662856804","64.8799046107707","60.6803482440612","",
"South Asia (IDA & IBRD)","TSA","Imports of goods and services (% of GDP)","NE.IMP.GNFS.ZS","8.18011133457054","7.50068038818998","7.4300728137742","7.17883700082727","7.07377419755566","6.64105273285193","8.17042975398541","7.43291950988914","6.41015143556646","5.711732108361","5.8360183777534","5.57544456860247","5.26431119745081","6.09471899506097","7.51790200687318","7.97631996741933","8.11854310439954","7.63390140525597","8.17223478737204","9.841129756921","11.1501944498051","10.1483651075949","9.85077661481288","9.37678176093797","9.15723531270899","9.07093596419072","8.34740261828208","8.24990741287399","8.78493256657881","9.47113851282713","9.81392096770594","10.1014057649401","11.1447953951091","11.7355182603511","12.0607952060015","14.0566866652252","13.4893454679396","13.8056159121604","14.4404737388994","14.9821130541369","15.753709627247","15.2591891675932","16.5126363167877","16.780509717869","20.3919434702567","23.1724136131981","25.192435853388","25.5970257867317","29.7682774949673","26.2442274943255","27.0330341406271","31.2407989331273","31.3907898284868","28.6129566440965","26.3006109313898","22.7508562597119","20.9940038296642","21.8895811586709","23.7264093335115","21.434452889977","18.9934790004019","23.467298542821","26.2150835948541","23.4953036147455","23.2348822989562","23.4649237331428",
"Sub-Saharan Africa (IDA & IBRD countries)","TSS","Imports of goods and services (% of GDP)","NE.IMP.GNFS.ZS","","","","","","","","","","","","","","","","","21.9331458866302","21.4649450183713","22.5814608948496","23.1976922328578","24.8204350867108","19.5287917662914","18.0946773579931","17.7562842329743","19.6948118253594","18.1780392679585","21.4906016071595","22.1721691257828","22.7148257295831","22.8492623720279","21.0417946915396","20.4759352272886","22.0775440224028","21.3883903158853","22.7633314919161","21.7020818920263","20.2804454093648","20.0058540588706","19.8082529427078","26.3899573058294","26.0127464619926","26.2632126693487","25.9700778353001","25.4754876312127","25.7773271635049","26.0590584974751","25.6327001300476","27.7433558104757","29.7304693891147","27.4128305531332","26.5462066224086","27.7745218056386","27.9720582204517","27.5357618005673","26.2594272965561","25.5740453319428","25.0384477060725","25.11420384639","25.3731102811918","21.7749668643547","20.1387281538603","22.3005406575456","24.7721178029456","26.3316036253474","28.6331255603768","27.8779985168193",
"Trinidad and Tobago","TTO","Imports of goods and services (% of GDP)","NE.IMP.GNFS.ZS","","","","","","","","","","","","","","","","","","","","","","","","","","","","","","","","","","","","","","","","","","","","","","","","","","","","","","","","","","","","","","","","","","",
"Tunisia","TUN","Imports of goods and services (% of GDP)","NE.IMP.GNFS.ZS","","","","","","14.3955410340188","13.4858188472095","14.5263157894737","10.85149756939","12.6698168930892","24.7485442032822","24.4325919201089","24.7400468384075","26.4136193867802","32.2070034888228","32.9160445618468","34.0144852560786","38.0126830603586","38.7374693023069","41.9678302532512","45.6009038271431","49.8390197020663","47.4398468070935","42.7197826432138","44.3281766577257","38.1331661513472","37.302385341601","35.8157131656565","41.6576218737732","47.6616023107645","50.6042142441081","45.3203977121575","46.4650002188854","47.9656284525677","47.8721116999077","48.8100962948193","43.6109785328039","41.3866297061464","41.4596717349713","39.9260723550291","42.9090760836329","46.7353778696167","44.5573413735669","42.9067768819332","44.7272680458823","45.3189558405579","47.912414055363","52.9811789950767","58.6908302757937","47.9770677537442","52.1912811425565","54.0517255325681","55.6378761572116","54.0652513616158","53.159638737738","48.848691902871","48.7973687883644","54.0884116006529","58.3860760894097","56.3822840334945","46.3415287262734","51.8532117623985","64.7698546733647","59.0894641022935","56.2968591755414","54.7944728488274",
"Turkiye","TUR","Imports of goods and services (% of GDP)","NE.IMP.GNFS.ZS","3.67107195301028","6.81502086230876","7.97011207970112","6.97424892703863","5.46719681908549","5.38532961931291","5.67375886524823","4.97159090909091","5.07936507936508","4.73744292237443","6.36132315521628","8.24742268041237","8.54375648564511","9.09340659340659","11.2747075433643","11.231771641328","10.6656948493683","10.7071854586765","7.28870345786712","5.88171772074439","11.927885902191","12.9046956081509","15.0168696746154","16.5578391750205","19.6735024162276","18.9662492342323","16.1020217583248","17.7574446045938","17.5528634276008","17.7807524857703","17.5778926485052","16.6348815592789","17.345129910515","19.3432849256138","20.3837211337284","17.6686297382878","20.0896066432611","21.3220312744105","19.7225065361954","18.8357467519768","22.4412584330653","22.6477228745251","22.8374839940274","23.1734946135067","25.1390188595817","24.1900326387181","26.2699913345528","25.8398878465602","26.8398720466583","23.2812790453404","25.3533908870685","30.1612264563406","28.3619431820769","28.6650931929463","28.4894493558784","26.5941406789482","25.2379813745471","29.5961595228053","31.0972787311468","29.548577767937","31.6498487704686","34.5552643235919","41.7570614839925","33.7696157928943","27.0305829100406","25.0849063722672",
"Tuvalu","TUV","Imports of goods and services (% of GDP)","NE.IMP.GNFS.ZS","","","","","","","","","","","","","","","","","","","","","","","","","","","","","","","","","","","","","","","","","","","","","","","","","","","","","","","","","","","","","","","","","","",
"Tanzania","TZA","Imports of goods and services (% of GDP)","NE.IMP.GNFS.ZS","","","","","","","","","","","","","","","","","","","","","","","","","","","","","","","25.7923244752139","23.1648753076481","27.0999928566684","32.852817872315","30.0413940799783","28.5833811132763","21.9972078062941","17.6905336154189","16.03817814319","14.8552078197162","13.1763099576589","14.1931032575113","13.2175756461348","15.3557130636034","17.5642034278309","19.97590623295","24.3531750212378","28.2277691926899","29.5619331960008","25.3383348142052","28.0329106928814","34.5318418555069","31.9968373970068","29.6188399281829","27.2868130672252","23.6527693247348","19.0704953363596","17.4491004195082","17.9034665112026","16.9818431017325","14.4591413507523","15.7951616808233","19.5897411900311","21.0166049300635","21.5755574597037","19.9868892820017",
"Uganda","UGA","Imports of goods and services (% of GDP)","NE.IMP.GNFS.ZS","21.8163796307769","21.6438674877853","21.4477142950523","23.8805454859313","23.0961278382803","24.3589743589744","25.3252647503782","24.3884787957736","22.6180836707153","20.3426380735594","20.1178170501278","23.9553492047812","16.7793427230047","13.1539980256663","15.0455101209075","10.9154266340177","9.60650512810036","7.79847756410256","18.8625013473215","17.5313519009829","26.0322510665992","22.0593733642414","17.5200918484501","13.6438030055051","14.3251568190529","15.0083315259099","15.2382800266603","18.0432918872099","17.7773669872594","18.0932278199538","19.3688229013038","21.9377715506948","24.291055246288","21.1773115607449","19.098828026462","20.8311535297169","23.4243736084203","20.7990532865504","20.4048743436478","23.7731362600512","22.0976240451282","23.8118941446563","25.0645149900385","25.1990016301556","22.7632054968845","24.8145855040487","28.3578724062492","30.0523481249298","31.9781258608383","28.4503117666136","24.4447661623689","26.899501619938","28.010408369725","26.5961192021574","21.0661901743321","24.8119730176989","18.7821976075312","20.1759235122395","21.5513525388056","22.2519959480052","21.585893851908","25.9326225729506","22.4833064937607","21.739987404672","25.8951957936008","28.759419520652",
"Ukraine","UKR","Imports of goods and services (% of GDP)","NE.IMP.GNFS.ZS","","","","","","","","","","","","","","","","","","","","","","","","","","","","","","32.1402959775735","28.7425149700599","23.9799331103679","21.9888734353268","26.1908776378707","38.5551546849935","50.1564469934012","48.2047130116905","43.6501900069619","44.1618812199663","48.2479162386348","55.4386582485465","49.2771398129513","45.8759364135681","50.0470516125543","51.2848768263486","46.9178374241513","45.9624295155199","46.7566495274968","50.9120232857868","44.547337921655","49.2731921273264","55.3989169701848","55.2399567951663","51.1042867829065","52.0988206677736","55.2089367899327","56.2225854554037","55.9100665598426","53.9645794092748","49.2795430350714","40.3348060859881","42.0096208865812","51.9513986525203","49.2091459198387","50.0164700870853","51.8467407605299",
"Upper middle income","UMC","Imports of goods and services (% of GDP)","NE.IMP.GNFS.ZS","11.8108049672053","11.5331970583183","11.1638610186417","12.0922161230407","10.9828500279912","10.4006977118339","10.476578958761","10.7566111824738","11.1467091086872","11.014532532412","11.5727532096464","12.1261969782144","12.1502707561913","13.0013282552592","16.7593586796988","17.7023359100401","16.7749852364443","16.9329424259631","16.6677258454666","17.1137793832069","20.1408325444992","20.9841759741759","19.6652522238207","19.1202763453426","17.8123490274727","17.5324329372769","16.2106989702469","16.8847439123514","19.0751207381177","19.2519629428686","18.6359860525727","20.005882524666","20.7939444943679","20.8136603520843","21.0816081812157","21.5189645724893","21.4067232087926","21.7380192693546","20.9981609371422","21.9566007158792","24.3596209064303","24.1877856626969","25.429482837772","27.1937948324917","29.5292890123333","29.0383875663193","28.8019403385097","28.0411560619013","28.1788502554643","23.676696615131","25.2069693580901","26.0012863003018","25.8214330985862","25.514397379108","24.8618212161823","22.8263731337362","21.9424368876174","22.5890371835955","23.7386483213472","22.9126631235233","21.2268833264943","23.0549011443547","24.4274648641992","23.3782643903471","23.7442954112289","23.7592759251214",
"Uruguay","URY","Imports of goods and services (% of GDP)","NE.IMP.GNFS.ZS","18.6206896551724","14.7727272727273","14.4329896907216","12.0171673819742","11.3432835820896","11.4754098360656","11.4871794871795","13.1782945736434","12.2056833558863","12.130356065178","15.2075471698113","11.4334961218041","14.8941662364481","9.50559152442613","16.8907488202297","20.2780937934522","20.0787726657199","22.6585423258976","21.1545808947089","21.1670234594988","20.6314259685046","19.0313464376761","17.2907915980833","23.6038655605918","21.3754537138136","21.1000434535548","20.2686509839418","19.2059496898043","17.7359250508811","17.6996927371158","18.0963487443961","17.8612364424549","19.6254688128265","19.5589509120047","20.3820233306016","19.1008620303303","19.8584566577024","20.248549358309","19.2201048194672","18.2887958647279","20.0156392053707","19.5048533701585","19.40739482538","24.3267794460664","29.364392483135","28.4736765053376","31.6740701145125","30.1199605894696","35.0050710353775","26.2952035137558","25.3560426602576","26.8248845897207","29.1415247389489","26.3647100498695","25.5449624492357","22.8503895571793","21.5388546346978","20.4467992519014","21.3697515949613","21.8394879014241","21.5435812775797","25.370452971577","27.3113447733942","24.3460621821134","23.2233223003309","22.6457126321473",
"United States","USA","Imports of goods and services (% of GDP)","NE.IMP.GNFS.ZS","","","","","","","","","","","5.19517787614495","5.35193372537237","5.80215931389794","6.39543530970074","8.24886441808829","7.28409452407971","8.067953018343","8.76360464323147","9.02577352686406","9.61712885271871","10.2833892192894","9.90813650339986","9.06707929238358","9.04332866084504","10.0333290981577","9.61583358665714","9.88872247567544","10.4776616483513","10.5795771858657","10.4763204634163","10.5603352862181","10.1255430017786","10.2416795967442","10.4974383102923","11.162311746182","11.8141577687958","11.9404364259576","12.3085700908604","12.3106314515674","13.004232506698","14.4102128270623","13.2637348067635","13.1549985598093","13.5916448812678","14.8193087841105","15.6565009333013","16.3338962966673","16.5482262680953","17.441943601098","13.8273085764833","15.878527508625","17.2790147933311","17.0377883064876","16.3878144030073","16.3983551242045","15.2770653039497","14.5644385592212","14.9478571955214","15.1582483706352","14.4692832148142","13.0168627958622","14.4060572431224","15.2538011117724","13.878624456192","14.0413208226783","",
"Uzbekistan","UZB","Imports of goods and services (% of GDP)","NE.IMP.GNFS.ZS","","","","","","","","","","","","","","","","","","","","","","","","","","","","","","","","","","","","","","30.0894730915308","22.8537352470558","18.4397696203245","19.3913257156899","27.1011715022435","28.0340796220236","32.221688338074","34.8057825625969","31.7162289460794","30.9576045330392","34.7432635686414","38.5794692300191","34.0105112646732","22.3751819014127","23.1835665947076","22.3708703311009","21.0068395119034","17.9849870300028","15.0038442658548","14.8381024904165","23.2228973117917","38.2521221014723","37.9896096458527","32.3429035050183","34.4457811217665","37.815398870245","39.7869621133828","35.9625379735638","35.3645415221702",
"St. Vincent and the Grenadines","VCT","Imports of goods and services (% of GDP)","NE.IMP.GNFS.ZS","","","","","","","","","","","","","","","","","","","","","","","","","","","","","","","","","","","","","","","","","","","","","","","","","","","","","","","","","","","","","","","","","","",
"Venezuela, RB","VEN","Imports of goods and services (% of GDP)","NE.IMP.GNFS.ZS","18.1484944100347","16.940127294257","16.9039796782388","15.1826881252719","17.9880461318293","19.1369808833223","17.141917198097","17.4359159159159","19.5017163104861","19.8625845342782","18.7863527150408","18.9672914369717","19.9824395954603","19.1548469004682","18.5374307250922","24.9915324560958","28.8650225011843","35.0516999987155","37.2628061043417","28.4152558282829","24.7440804717527","24.9040349499313","28.0072304544268","13.0250058521405","17.552229141671","16.8908919161425","19.7089776193241","22.0660634874595","26.4174156602155","20.4064856017866","19.5319009099879","0","0","0","0","0","0","0","0","0","0","0","0","0","0","0","0","0","0","0","0","0","21.1560693641619","32.3360655737705","20.6444906444906","19.622641509434","10.1949860724234","9.2816091954023","12.086171392365","10.9331140492614","13.0851234650279","13.8763343273262","11.5489599229843","10.0280656296837","9.5023548582854","10.1083640240415",
"British Virgin Islands","VGB","Imports of goods and services (% of GDP)","NE.IMP.GNFS.ZS","","","","","","","","","","","","","","","","","","","","","","","","","","","","","","","","","","","","","","","","","","","","","","","","","","","","","","","","","","","","","","","","","","",
"Virgin Islands (U.S.)","VIR","Imports of goods and services (% of GDP)","NE.IMP.GNFS.ZS","","","","","","","","","","","","","","","","","","","","","","","","","","","","","","","","","","","","","","","","","","","135.744941753525","173.598605866976","208.559388991309","240.514905149051","268.220338983051","264.778428093645","429.359095193214","253.296834087122","287.025901942646","338.929670850107","77.0114942528736","74.6923488496522","85.9186535764376","43.1340431340431","66.2717219589258","94.3595150237217","106.11776701504","100.461053142441","75.2896665878458","90.0155313956068","108.26198630137","","","",
"Viet Nam","VNM","Imports of goods and services (% of GDP)","NE.IMP.GNFS.ZS","","","","","","","","","","","","","","","","","","","","","","","","","","","16.5961550250417","14.7971782020906","15.0051888612192","34.0551043647884","45.2770843017519","36.0319130561748","38.8312893080737","37.4894844843075","43.4600692982849","41.9084105866522","51.8372593774353","51.2417773154392","52.1529451355476","52.8211606307915","57.4955974105958","56.8940047164421","61.9577349644058","67.6546965243715","73.2854564543616","67.0153533748869","70.5968075435795","84.0875093942823","83.9807876874868","72.0974336552711","59.8018415728627","64.0804222196337","59.7501918421214","64.0459088748316","65.8119455041556","71.9913763582877","71.3022217174998","79.2175618233041","80.2404806925565","79.5466276240668","78.8642648059779","92.8256257092568","89.7334901043249","78.2589213683517","83.7189908785716","92.0924009535244",
"Vanuatu","VUT","Imports of goods and services (% of GDP)","NE.IMP.GNFS.ZS","","","","","","","","","","","","","","","","","","","","","39.1010149830836","35.3547473231262","38.8253440450254","62.8032498928418","58.3943642324057","64.8093841642229","60.812107788852","60.2741514360313","56.392114175133","59.0085049239033","68.4151955081188","54.209472981988","51.8537264330001","51.817361339022","50.3565652109984","50.0769148213072","49.8287671232877","47.2853255710941","52.4501450055311","53.8548261208915","47.9768168585241","49.815901814301","49.3885590785982","48.2914769030579","53.1063892360856","54.7904885510337","48.2689103289379","48.5840674505652","59.2970616240416","57.9335093349353","55.1049295341252","51.3924969160438","53.1409682727561","48.0697842519878","48.2377202849644","57.7806382408152","55.1971108000081","52.4089055664434","51.776578473959","54.3672102073994","51.78042048591","52.1975910860159","55.1192124751641","49.694747106457","48.0348610922539","",
"World","WLD","Imports of goods and services (% of GDP)","NE.IMP.GNFS.ZS","","","","","","","","","","","12.8320084774782","12.9334324021714","13.2028086738177","14.6812587446884","18.1009257162251","17.130450792444","17.7324873927499","18.0092974581309","17.6174447967701","19.2472733524716","20.7677952006413","20.0927539722056","19.3327544046662","18.5370381025677","18.8131124004094","18.2094353173972","17.1484744585558","17.6675646863337","18.221240848283","18.9588901719243","19.2181327638243","18.7602422406259","19.4536928347683","18.4533184196013","18.9786786707089","20.1395492356702","20.6380441331097","21.3703145983822","21.3508360529575","21.6005055848625","23.3851585493873","22.8793819760617","22.9206836027725","23.7011544495897","25.4828470017015","26.6706252702095","28.1123836913082","28.8870184592409","30.144498750845","25.5273629567982","27.6289901195249","29.4125680435201","29.1136705617962","29.0721813449547","28.8565789808927","27.2961891347011","26.3476668746597","27.2581939316021","28.2036793090721","27.3994278292694","25.3807387283601","27.5322845788393","29.950740966666","28.2980465563442","28.1121512588265","28.4991941096843",
"Samoa","WSM","Imports of goods and services (% of GDP)","NE.IMP.GNFS.ZS","","","","","","","","","","","","","","","","","","","","","","","","","","","","","","","","","","","","","","","","","","","53.7411596857141","45.175968218304","43.4637581250713","47.6891892822578","52.8554240739476","53.9915891213902","46.0240118274779","47.9826253582374","50.8543741914974","53.2075329589329","56.4892894480509","49.7770981135881","52.9085153712304","47.4934082767028","46.4337971498413","44.3488052893128","46.9692902258758","48.2977494392677","48.2883878984044","48.2988664539377","49.3620047441851","54.6319326613049","48.8662772836279","43.0106450094633",
"Kosovo","XKX","Imports of goods and services (% of GDP)","NE.IMP.GNFS.ZS","","","","","","","","","","","","","","","","","","","","","","","","","","","","","","","","","","","","","","","","","","","","","","","","","59.5400439676741","58.5276147706056","60.5083118539118","61.1997092124856","56.8419481563905","52.0996258971016","53.5491667284809","51.5690493993839","51.1914075084587","53.0812924686335","57.2616199514324","56.440801046233","53.9128702484287","65.2292477577243","71.3863746043466","70.3113759118221","72.0412990067022","74.2387964379752",
"Yemen, Rep.","YEM","Imports of goods and services (% of GDP)","NE.IMP.GNFS.ZS","","","","","","","","","","","","","","","","","","","","","","","","","","","","","","","16.4593375147001","30.2477687189154","29.9385234501048","38.2135839024895","29.1868986134306","41.9583523073717","47.4330123896573","43.8617879374615","46.1184661461243","37.1645740538569","34.0299336999557","34.9954723389253","37.7292825213112","37.9436097292984","35.4641787563049","35.8764661379255","40.8176123343005","43.2199970509458","43.4077653551109","39.7462328959401","34.3905592167085","32.7190337847532","36.497920216673","30.152279647517","26.7589534336227","21.3160815388406","26.2723415296367","33.2816570867479","47.3217203387932","","","","","","","",
"South Africa","ZAF","Imports of goods and services (% of GDP)","NE.IMP.GNFS.ZS","21.2674027844455","18.4066767830046","17.888730385164","20.1341416225977","22.1428571428571","23.2244242099625","20.1162447049552","21.0954782762587","19.3345323741007","19.5783351508542","21.3842702560042","22.0198279980889","19.3144433832113","19.4645410042022","24.6417523023859","25.9691144027734","24.9671631780454","21.927643596509","22.52651751493","22.8636021100226","24.636328388644","26.9895643450495","23.7542347442","18.4883514802064","20.8941992061147","20.0453852525773","19.4012576214965","18.0798778936657","20.0488180449092","18.9929250692496","16.6732591904381","15.5407939143944","15.3662068949062","15.7837577150899","17.5652713615169","19.4401731715272","20.4245085135556","20.6407425739789","21.5164735193548","19.9890800426071","21.8164184247158","22.8142845512603","25.0343344117566","21.8085892075755","22.8860564383387","23.8280169054893","27.6698913924026","29.166174743045","33.7198501285556","24.6047888395564","24.6226695358778","26.9382019655219","28.4434679995666","30.4957473096901","30.4989547517121","29.0130377322327","27.7051693349827","26.1958560481525","26.9885079767917","26.6958670030255","23.1837449200214","24.9731031225938","31.4076940859128","32.4260632183892","29.8548634083947","29.5009024056375",
"Zambia","ZMB","Imports of goods and services (% of GDP)","NE.IMP.GNFS.ZS","","","","","","","","","","","","","","","","","","","","","","","","","","","","","","","","","","","33.7001993659509","36.3257479808032","35.3425729569459","30.90160506437","31.6325434538366","34.7303148029946","36.4636081577253","39.558583610284","37.782818668195","36.6288806449202","37.2730926807002","31.5895698769828","25.2638601867139","32.1802654858934","30.5355294153308","26.8703832861816","30.8749857227595","32.3242097651362","35.2847988615544","39.9735243274676","37.3712097956936","42.7267429559224","38.6338855056502","36.5928368906648","36.9309649794271","34.1550123329079","32.4866629404379","33.9924211751453","29.1033177078897","37.3957630764767","27.5530146573139","",
"Zimbabwe","ZWE","Imports of goods and services (% of GDP)","NE.IMP.GNFS.ZS","","","","","","","","","","","","","","","","24.4336291026604","19.5970981656976","20.2176019372822","19.9854513299188","22.6611337599286","26.5230237662123","25.9054171208439","22.2197084729211","19.4739303511935","20.8049969538545","22.0079019604438","21.5209424935525","21.2748855914715","20.3600032917096","21.7202595790772","22.7924064034715","27.1686328938237","36.4840858623242","32.4488941337698","36.5195634042862","40.9205903021785","35.9392345895413","44.6097961096789","45.1192381249756","33.5130802302703","35.9093116199156","32.9388341997567","34.9749812852133","38.055143530233","41.5683911508995","42.4955498632397","46.8628080965713","46.3855706123991","68.0568130375736","42.3002352454567","53.4830155008197","54.6654617619959","48.9999124010862","36.6687171969687","33.7417651431647","37.5890253213673","31.2754599511169","30.3701419599608","28.3862654165889","18.4839620932715","16.8284437778931","19.2898810143773","24.8445524375252","23.1741851996024","23.4475316221799","",
